Date,MSKU,FNSKU,ASIN,Purchase Order ID,Package Quantity,Event Type,Title,Number of Cartons,Total Units,Facility ID,Reference ID,Expiry Date
2025-11-26T20:19:02,TROPICAL8OZ-FBA-UPC-1123,B0CPGJ53JC,B0CPGJ53JC,5OFZ26FS,60,DEPARTED,"TPS NUTRIENTS Tropical Plant Fertilizer for All Tropical Indoor and Outdoor Plants, Liquid Plant Food 8 oz (250mL)",1,60,IUSF,FBA1942WG6C7,
2025-11-26T20:41:32,BFOLIAR1G-0224,B07PDNVZ5G,B07PDNVZ5G,3SRWV9OX,4,DEPARTED,"Bloom City Organic SuperGreen Kelp Foliar Spray for Plants, Gallon (128 oz)",1,4,IUST,FBA1945FKN57,
2025-11-26T21:10:47,TPS-8-8-8FERT-QUART,B0FKSYTZBJ,B0FKSYTZBJ,3SRWV9OX,12,DEPARTED,"8-8-8 Fertilizer for Plants, Great for Shrubs, Vegetables, and Flowers, Plant Fertilizer by TPS Plant Foods, 32oz (1 Quart)",1,12,IUST,FBA1945GTZF0,
2025-11-27T00:30:33,TPS-AQUATICPLANT-8OZ,B0DQT94SB2,B0DQT94SB2,3SRWV9OX,60,DEPARTED,"Aquatic Plant Fertilizer, Complete Liquid Aquatic Plant Food, 8 oz (250mL)",1,60,IUST,FBA1945G2WW2,
2025-11-27T00:46:48,FRUITTREE1G-FBA-UPC-0523,B0C73RW8XV,B0C73RW8XV,3SRWV9OX,4,DEPARTED,"Fruit Tree Fertilizer for All Fruit Trees Peach, Apple, and Pear, Liquid Plant Food, 1 Gallon (128 oz)",1,4,IUST,FBA1945HCF7J,
2025-11-27T01:04:39,BFOLIAR1G-0224,B07PDNVZ5G,B07PDNVZ5G,3SRWV9OX,4,DEPARTED,"Bloom City Organic SuperGreen Kelp Foliar Spray for Plants, Gallon (128 oz)",1,4,IUST,FBA1945F8D2W,
2025-11-27T03:55:35,BNITROGEN1G-0224,B0BZBM8YYN,B0BZBM8YYN,7ER7L29C,4,DEPARTED,"Bloom City's Organic Nitrogen - Liquid Fertilizer for Lawns - Nitrogen Fertilizer for Lawns & Gardens, Gallon (128 oz)",1,4,IUSR,FBA1945FNFFF,
2025-11-27T03:55:35,TPS-BLACKBERRYFERT-1GAL,B0FKM7JH8L,B0FKM7JH8L,2MZDDT9Q,4,DEPARTED,"BlackBerry Fertilizer for BlackBerry Plants, Supports Healthy Growth and Plump Berries in BlackBerry Plants, Liquid Fertilizer by TPS Plant Foods, 1 Gallon (128 oz)",1,4,IUSR,FBA19441XRG7,
2025-11-27T04:09:05,HIBISCUS1G-FBA-UPC-0523,B0C73SGLGQ,B0C73SGLGQ,5OFZ26FS,4,DEPARTED,"Hibiscus Fertilizer for Tropical and Flowering Plants, Liquid Plant Food, 1 Gallon (128 oz)",1,4,IUSF,FBA1942VJH6D,
2025-11-27T04:09:05,TPS-AVOCADOTREE-8OZ,B0DPKKMC57,B0DPKKMC57,5OFZ26FS,60,DEPARTED,"Avocado Tree Fertilizer, Complete Liquid Avocado Plant Food, 8 oz (250mL)",1,60,IUSF,FBA1942VJH6D,
2025-11-27T04:41:10,TPS-MELONFERT-1GALLON,B0FKSLQJ6J,B0FKSLQJ6J,2MZDDT9Q,4,DEPARTED,"Melon Fertilizer for Melon Plants, Feeds Cantaloupes, Watermelons, and Specialty Melons, Liquid Fertilizer by TPS Plant Foods, 1 Gallon (128 oz)",1,4,IUSR,FBA1945FPT2C,
2025-11-27T04:43:17,TPS-5-5-5FERTILIZER-QUART,B0FKS85TJP,B0FKS85TJP,3SRWV9OX,12,DEPARTED,"5-5-5 Fertilizer for Plants, Great for Vegetables, Flowers, and Shrubs, Liquid Plant Fertilizer by TPS Plant Foods, 32oz (1 Quart)",1,12,IUST,FBA1945GH1LS,
2025-11-27T05:15:04,TPS-4-4-4FERT-QUART,B0FKSX9Y7M,B0FKSX9Y7M,3SRWV9OX,12,DEPARTED,"4-4-4 Fertilizer for Plants, Great for Leafy Vegetables and Herbs, Liquid Plant Fertilizer by TPS Plant Foods, 32oz (1 Quart)",1,12,IUST,FBA1945GYJV7,
2025-11-27T06:40:10,TPS-CURRYLEAF-QUART,B0DPM9X4S3,B0DPM9X4S3,3SRWV9OX,12,DEPARTED,"Curry Leaf Fertilizer, Complete Liquid Curry Leaf Plant Food, 32 oz (1 Quart)",1,12,IUST,FBA1945FG3QZ,
2025-11-27T07:18:15,BNITROGEN1G-0224,B0BZBM8YYN,B0BZBM8YYN,7ER7L29C,4,DEPARTED,"Bloom City's Organic Nitrogen - Liquid Fertilizer for Lawns - Nitrogen Fertilizer for Lawns & Gardens, Gallon (128 oz)",1,4,IUSR,FBA1945DXNQ0,
2025-11-27T07:23:44,TROPICAL8OZ-FBA-UPC-1123,B0CPGJ53JC,B0CPGJ53JC,5OFZ26FS,60,DEPARTED,"TPS NUTRIENTS Tropical Plant Fertilizer for All Tropical Indoor and Outdoor Plants, Liquid Plant Food 8 oz (250mL)",1,60,IUSF,FBA1942VJH6D,
2025-11-27T08:36:44,TPS-HYDROPONICPLANTFOOD-1GAL,B0DQSDSHP1,B0DQSDSHP1,2MZDDT9Q,4,DEPARTED,"Hydroponic Plant Food, Complete One Part Liquid Hydroponic Fertilizer, 1 Gallon (128 oz)",1,4,IUSR,FBA1945GNHGM,
2025-11-27T14:59:01,HIBISCUS1G-FBA-UPC-0523,B0C73SGLGQ,B0C73SGLGQ,5OFZ26FS,4,DEPARTED,"Hibiscus Fertilizer for Tropical and Flowering Plants, Liquid Plant Food, 1 Gallon (128 oz)",2,8,IUSF,FBA1942WG6C7,
2025-11-27T15:57:44,TPS-AVOCADOTREE-1GAL,B0DPKKDR8G,B0DPKKDR8G,5JT732XW,4,DEPARTED,"Avocado Tree Fertilizer, Complete Liquid Avocado Plant Food, 1 Gallon (128 oz)",1,4,IUST,FBA1945FG3QZ,
2025-11-27T16:13:38,TPS-POTASSIUMSULFATE-QUART,B0DQTC6BBF,B0DQTC6BBF,3SRWV9OX,12,DEPARTED,"Potassium Sulfate Fertilizer, Premium Potassium and Sulfur Plant Nutrient Blend, 32 oz (1 Quart)",1,12,IUST,FBA1945G2WW2,
2025-11-25T22:33:42,HIBISCUS1G-FBA-UPC-0523,B0C73SGLGQ,B0C73SGLGQ,5OFZ26FS,4,DEPARTED,"Hibiscus Fertilizer for Tropical and Flowering Plants, Liquid Plant Food, 1 Gallon (128 oz)",1,4,IUSF,FBA1942W4DND,
2025-11-25T23:05:14,TRICH6OZ-0524,B0D2ZJ9LTS,B0D2ZJ9LTS,2MZDDT9Q,40,DEPARTED,"TPS NUTRIENTS Trichoderma for Plants, Great for Transplanting and Established Plants, Also Includes Soil Probiotics Mycorrhizae and Bacteria (6 Ounces)",3,120,IUSR,FBA1942VB1RT,
2025-11-25T23:08:56,BROOT1G-0624,B07PJSQTC9,B07PJSQTC9,2MZDDT9Q,4,DEPARTED,"Bloom City Organic Root Stimulant, Salmon and Kelp Formula, Rich with Microbes and Mycorrhizae, Gallon (128 oz)",1,4,IUSR,FBA1942T12QH,
2025-11-25T23:08:56,BSALMON8OZ-0224,B08JHDKVHC,B08JHDKVHC,2MZDDT9Q,60,DEPARTED,"Bloom City Organic Wild Fish Fertilizer and Plant Supplement, Great for Roots and Soil, Made from Sustainable Salmon, 1/2 Pint (8 oz)",1,60,IUSR,FBA1942T12QH,
2025-11-25T23:08:56,GRANLEMON6OZ,B0D4GWWM4P,B0D4GWWM4P,2MZDDT9Q,40,DEPARTED,"Organic Lemon Tree Fertilizer, Slow Release Dry Granular Fertilizer for Lemon and Citrus Trees 6 oz (6 Ounces)",1,40,IUSR,FBA1942SKTD7,
2025-11-25T23:08:56,HPHERB8OZ-FBA-UPC-0123,B0BRTK1P8Y,B0BRTK1P8Y,2MZDDT9Q,60,DEPARTED,"Herb Plant Food for All Edible Herbs, Leafy Greens and Veggies, Liquid Houseplant Fertilizer 8 oz (250mL)",2,120,IUSR,FBA1942W850H,
2025-11-25T23:08:56,HPMONST1G-FBA-UPC-0523,B0C6K2PMKL,B0C6K2PMKL,2MZDDT9Q,4,DEPARTED,"Plant Food for Monsteras and Philodendrons, Tropical Houseplant Liquid Fertilizer, 1 Gallon (128 oz)",1,4,IUSR,FBA1942W850H,
2025-11-25T23:08:56,HPORCHID8OZ-FBA-UPC-0123,B0BRTJBFP7,B0BRTJBFP7,2MZDDT9Q,60,DEPARTED,"Orchid Plant Food for All Orchids and Acid Loving Houseplants, Promotes Growth and Blooms, Liquid Fertilizer 8 oz (250mL)",4,240,IUSR,FBA1942W850H,
2025-11-25T23:08:56,LEMON8OZ-FBA-UPC-0523,B0C73SNJCH,B0C73SNJCH,2MZDDT9Q,60,DEPARTED,"Lemon Tree Fertilizer, Complete Lemon Tree Plant Food, 8 oz (250mL)",1,60,IUSR,FBA1942W850H,
2025-11-25T23:08:56,MANGOTREE1G-FBA-UPC-1123,B0CPGNM4GM,B0CPGNM4GM,2MZDDT9Q,4,DEPARTED,"Mango Tree Fertilizer for All Mangoes and Anacardiaceae Trees, Liquid Plant Food 1 Gallon (128oz)",1,4,IUSR,FBA1942SNYHK,
2025-11-25T23:08:56,MYCO6OZ-0524,B0D2YCJGFW,B0D2YCJGFW,2MZDDT9Q,40,DEPARTED,"TPS NUTRIENTS Mycorrhizal Fungi for Plants, Mycos for Transplanting and for Established Plants, Contains Mycorrhizae and Soil Probiotics (6 Ounces)",1,40,IUSR,FBA1942TN4YW,
2025-11-25T23:08:56,RBOOSTER6OZ-0524,B0D2ZMGQ6W,B0D2ZMGQ6W,2MZDDT9Q,40,DEPARTED,"TPS NUTRIENTS Root Booster for Plants, Soil Probiotics Including Bacteria, Mycos, and Trichoderma for Transplanting and Established Plants (6 Ounces)",1,40,IUSR,FBA1942W850H,
2025-11-25T23:08:56,SUPPSULF1G,B0D4JHTRRQ,B0D4JHTRRQ,2MZDDT9Q,4,DEPARTED,"Sulfur Fertilizer for Plants, Micronutrient Sulfur for Boosted Growth and Flowering, Liquid Plant Food 128 oz (1 Gallon)",1,4,IUSR,FBA1942SJZRD,
2025-11-25T23:08:56,TPS-ELEPHANEART-8OZ,B0DPMD8SQ7,B0DPMD8SQ7,2MZDDT9Q,60,DEPARTED,"Elephant Ear Fertilizer, Complete Liquid Elephant Ear Plant Food, 8 oz (250mL)",1,60,IUSR,FBA1942W850H,
2025-11-25T23:08:56,TPS-GARLICFERTILIZER-8OZ,B0DQQSLKZP,B0DQQSLKZP,2MZDDT9Q,60,DEPARTED,"Garlic Fertilizer, Complete Liquid Garlic and All Allium Varieties Plant Food, 8 oz (250mL)",1,60,IUSR,FBA1942SJZRD,
2025-11-25T23:08:56,TPS-JUNIPERFERT-1GALLON,B0FKLVCSS3,B0FKLVCSS3,2MZDDT9Q,4,DEPARTED,"Juniper Fertilizer for Juniper Trees, Great for All Varieities Including Creeping, Common, and Chinese, Liquid Fertilizer by TPS Plant Foods, 1 Gallon (128 oz)",1,4,IUSR,FBA1942VGH8D,
2025-11-25T23:08:56,TPS-PINEAPPLEFERT-QUART,B0FLWTCJZP,B0FLWTCJZP,2MZDDT9Q,12,DEPARTED,"Pineapple Fertilizer for Pineapple Plants, Supports Fruit Production and Indoor/Outdoor Success, Liquid Fertilizer by TPS Plant Foods, 32 oz (1 Quart)",1,12,IUSR,FBA1942W850H,
2025-11-25T23:08:56,TPS-SPRUCETREEFERT-1GAL,B0FKM246S1,B0FKM246S1,2MZDDT9Q,4,DEPARTED,"Spruce Tree Fertilizer for Spruce Trees, Great for White Spruce, Blue Spruce, and Norway Spruce, Liquid Fertilizer by TPS Plant Foods, 1 Gallon (128 oz)",1,4,IUSR,FBA1942TWK1T,
2025-11-25T23:08:56,TPSROOTB1G,B07CWNRS9C,B07CWNRS9C,2MZDDT9Q,4,DEPARTED,"TPS NUTRIENTS Root Boost Advanced Rooting Formula for Living Soil and White Roots, Plus Microbes, 1 Gallon (128 oz)",1,4,IUSR,FBA1942V908Q,
2025-11-25T23:08:56,TPSSIL1Q,B07CX36LW8,B07CX36LW8,2MZDDT9Q,12,DEPARTED,TPS NUTRIENTS Silica Gold Plant Strength Nutrient and Supplement with Bioavailable Silicon 1 Quart (32 oz),10,120,IUSR,FBA1942W850H,
2025-11-25T23:08:56,TREERS6OZ-0524,B0D2Z34SR1,B0D2Z34SR1,2MZDDT9Q,40,DEPARTED,"TPS NUTRIENTS Root Stimulator for Trees, Great for Transplanting and Established Tree Roots, Soil Probiotics Including Mycorrhizae, Bacteria and Trichoderma (6 Ounces)",1,40,IUSR,FBA1942SKTD7,
2025-11-25T23:08:56,TRICH6OZ-0524,B0D2ZJ9LTS,B0D2ZJ9LTS,2MZDDT9Q,40,DEPARTED,"TPS NUTRIENTS Trichoderma for Plants, Great for Transplanting and Established Plants, Also Includes Soil Probiotics Mycorrhizae and Bacteria (6 Ounces)",2,80,IUSR,FBA1942SKTD7,
2025-11-25T23:08:56,XMASCACTUS1Q-FBA-UPC-1123,B0CPGFXPYW,B0CPGFXPYW,2MZDDT9Q,12,DEPARTED,"TPS NUTRIENTS Christmas Cactus Fertilizer for All Christmas Cacti and Schlumbergera Cacti, Liquid Plant Food, 32 oz (1 Quart)",1,12,IUSR,FBA1942SNYHK,
2025-11-25T23:34:07,BKELP1Q-0224,B073ZNW8MX,B073ZNW8MX,2MZDDT9Q,12,DEPARTED,"Bloom City Organic Liquid Seaweed and Kelp Fertilizer Supplement, Quart (32 oz) Concentrated Makes 180 Gallons",2,24,IUSR,FBA1942TY99R,
2025-11-25T23:34:07,LIQUIDPF8OZ-FBA-UPC-0123,B0BRTKV4TC,B0BRTKV4TC,2MZDDT9Q,60,DEPARTED,"Liquid Plant Food for use in AeroGarden, IDOO and Hydroponic Growing Systems, Liquid Fertilizer 8 oz (250mL)",7,420,IUSR,FBA1942RSVTW,
2025-11-25T23:34:07,TPS-STAUGUSTINEGRASSFERT-1GALLON,B0FM62ZB8N,B0FM62ZB8N,2MZDDT9Q,4,DEPARTED,"St Augustine Grass Fertilizer, Complete Plant Food for Saint Augustine Grass, Liquid Fertilizer by TPS Plant Foods, 1 Gallon (128 oz)",2,8,IUSR,FBA1942TNBQL,
2025-11-25T23:42:37,AIRPLANT8OZ-FBA-UPC-0523,B0C6R6KQSZ,B0C6R6KQSZ,2MZDDT9Q,60,DEPARTED,"TPS NUTRIENTS Air Plant Fertilizer for All Tillandsia Air Plants, Use As Foliar Spray or for Soaking, Liquid Plant Food 8 oz (250mL)",1,60,IUSR,FBA1942W850H,
2025-11-25T23:42:37,TPS-JUNIPERFERT-1GALLON,B0FKLVCSS3,B0FKLVCSS3,2MZDDT9Q,4,DEPARTED,"Juniper Fertilizer for Juniper Trees, Great for All Varieities Including Creeping, Common, and Chinese, Liquid Fertilizer by TPS Plant Foods, 1 Gallon (128 oz)",1,4,IUSR,FBA1942V00X1,
2025-11-25T23:42:37,TPS-THUJAGREENGIANT-1GALLON,B0FKMTVCRG,B0FKMTVCRG,2MZDDT9Q,4,DEPARTED,"Thuja Green Giant Fertilizer, Vigorous Growth for Thuja Green Giant and Other Arborvitae Varieties, Liquid Fertilizer by TPS Plant Foods, 1 Gallon (128 oz)",1,4,IUSR,FBA1942W850H,
2025-11-25T23:42:37,TPSSIL1Q,B07CX36LW8,B07CX36LW8,2MZDDT9Q,12,DEPARTED,TPS NUTRIENTS Silica Gold Plant Strength Nutrient and Supplement with Bioavailable Silicon 1 Quart (32 oz),3,36,IUSR,FBA1942V908Q,
2025-11-25T23:42:37,TPSSIL1Q,B07CX36LW8,B07CX36LW8,2MZDDT9Q,12,DEPARTED,TPS NUTRIENTS Silica Gold Plant Strength Nutrient and Supplement with Bioavailable Silicon 1 Quart (32 oz),8,96,IUSR,FBA1942W850H,
2025-11-26T01:03:13,HPHERB8OZ-FBA-UPC-0123,B0BRTK1P8Y,B0BRTK1P8Y,2MZDDT9Q,60,DEPARTED,"Herb Plant Food for All Edible Herbs, Leafy Greens and Veggies, Liquid Houseplant Fertilizer 8 oz (250mL)",1,60,IUSR,FBA1942RSVTW,
2025-11-26T01:03:13,HPORCHID8OZ-FBA-UPC-0123,B0BRTJBFP7,B0BRTJBFP7,2MZDDT9Q,60,DEPARTED,"Orchid Plant Food for All Orchids and Acid Loving Houseplants, Promotes Growth and Blooms, Liquid Fertilizer 8 oz (250mL)",2,120,IUSR,FBA1942TY99R,
2025-11-26T01:03:13,SUPPSULF1G,B0D4JHTRRQ,B0D4JHTRRQ,2MZDDT9Q,4,DEPARTED,"Sulfur Fertilizer for Plants, Micronutrient Sulfur for Boosted Growth and Flowering, Liquid Plant Food 128 oz (1 Gallon)",1,4,IUSR,FBA1942SM82D,
2025-11-26T01:03:13,SUPPSULF1G,B0D4JHTRRQ,B0D4JHTRRQ,2MZDDT9Q,4,DEPARTED,"Sulfur Fertilizer for Plants, Micronutrient Sulfur for Boosted Growth and Flowering, Liquid Plant Food 128 oz (1 Gallon)",1,4,IUSR,FBA1942TWD1B,
2025-11-26T01:03:13,TPS-DRAGONFRUITFERT-8OZ,B0FLWSVLT9,B0FLWSVLT9,2MZDDT9Q,60,DEPARTED,"Dragon Fruit Fertilizer for Dragon Fruit, Great for Red, White, and Yellow Dragon Fruit Varieties, Liquid Fertilizer by TPS Plant Foods, 8 oz (250mL)",1,60,IUSR,FBA19442TD95,
2025-11-26T01:03:13,TPS-STAUGUSTINEGRASSFERT-QUART,B0FM4PK6H9,B0FM4PK6H9,2MZDDT9Q,12,DEPARTED,"St Augustine Grass Fertilizer, Complete Plant Food for Saint Augustine Grass, Liquid Fertilizer by TPS Plant Foods, 32 oz (1 Quart)",1,12,IUSR,FBA1942TNBQL,
2025-11-26T01:03:13,TPS-WATERPLANT-8OZ,B0DQTVXRBM,B0DQTVXRBM,2MZDDT9Q,60,DEPARTED,"Water Plant Fertilizer, Complete Liquid Water Plant Food, 8 oz (250mL)",1,60,IUSR,FBA19442TD95,
2025-11-26T01:03:13,TPS-ZOYSIAGRASSFERT-1GAL,B0FM3DJVXY,B0FM3DJVXY,2MZDDT9Q,4,DEPARTED,"Zoysia Grass Fertilizer for Zoysia Grass, Great for Zenith, Emerald, and Zeon Varieties, Liquid Fertilizer by TPS Plant Foods, 1 Gallon (128 oz)",4,16,IUSR,FBA1942VVK60,
2025-11-26T01:03:13,TPSSIG1G-FBA-UPC-0523,B07CWQ2V2G,B07CWQ2V2G,2MZDDT9Q,4,DEPARTED,"TPS NUTRIENTS Signal Terpene Enhancer Plant Nutrient and Supplement, Flower Hardener and Increases Flavor, 1 Gallon (128 oz)",5,20,IUSR,FBA1942TY99R,
2025-11-26T01:14:49,BHUMIC1G-0224,B077SXRN15,B077SXRN15,2MZDDT9Q,4,DEPARTED,"Organic Liquid Humic Soil Health Formula, Great for Houseplants, Gardens and Lawns, by Bloom City, Gallon (128 oz) Concentrated Makes 120+ Gallons",1,4,IUSR,FBA1942TY99R,
2025-11-26T01:14:49,HPFIG8OZ-FBA-UPC-0123,B0BRTJGR33,B0BRTJGR33,2MZDDT9Q,60,DEPARTED,"Fiddle Leaf Fig Plant Food for All Fig and Other Ficus Trees, Liquid Houseplant Fertilizer 8 oz (250mL)",2,120,IUSR,FBA1942TY99R,
2025-11-26T01:14:49,LEMON8OZ-FBA-UPC-0523,B0C73SNJCH,B0C73SNJCH,2MZDDT9Q,60,DEPARTED,"Lemon Tree Fertilizer, Complete Lemon Tree Plant Food, 8 oz (250mL)",2,120,IUSR,FBA1942RPD3J,
2025-11-26T01:14:49,LIMETREE8OZ-FBA-UPC-1123,B0CPG8WFCX,B0CPG8WFCX,2MZDDT9Q,60,DEPARTED,"Lime Tree Fertilizer for All Lime and Citrus Trees, Liquid Plant Food 8 oz (250mL)",1,60,IUSR,FBA1942RPD3J,
2025-11-26T01:14:49,LIMETREE8OZ-FBA-UPC-1123,B0CPG8WFCX,B0CPG8WFCX,2MZDDT9Q,60,DEPARTED,"Lime Tree Fertilizer for All Lime and Citrus Trees, Liquid Plant Food 8 oz (250mL)",1,60,IUSR,FBA1942TY99R,
2025-11-26T01:14:49,MANGOTREE1G-FBA-UPC-1123,B0CPGNM4GM,B0CPGNM4GM,2MZDDT9Q,4,DEPARTED,"Mango Tree Fertilizer for All Mangoes and Anacardiaceae Trees, Liquid Plant Food 1 Gallon (128oz)",1,4,IUSR,FBA1942RPD3J,
2025-11-26T01:14:49,SUPPPHOS8OZ,B0D4JHC68M,B0D4JHC68M,2MZDDT9Q,60,DEPARTED,"TPS NUTRIENTS Phosphorus Fertilizer for Plants, Boosts Rooting, Growth, Blooming and Flowering, Liquid Plant Food 8 oz (250mL)",1,60,IUSR,FBA1942V7426,
2025-11-26T01:14:49,TPS-BUSHFERT-QUART,B0FKMDJGGW,B0FKMDJGGW,2MZDDT9Q,12,DEPARTED,"Bush Fertilizer for Bushes, Great for Flowering, Evergreen, Fruit Bearing, and Wild Shrubs, Liquid Fertilizer by TPS Plant Foods, 32 oz (1 Quart)",1,12,IUSR,FBA1942VVK60,
2025-11-26T01:14:49,TPS-ELEPHANEART-8OZ,B0DPMD8SQ7,B0DPMD8SQ7,2MZDDT9Q,60,DEPARTED,"Elephant Ear Fertilizer, Complete Liquid Elephant Ear Plant Food, 8 oz (250mL)",1,60,IUSR,FBA1942TY99R,
2025-11-26T01:14:49,TPSSIG1Q-FBA-UPC-0323,B07CWQBNMS,B07CWQBNMS,2MZDDT9Q,12,DEPARTED,"Signal Terpene Enhancer Plant Nutrient and Supplement, Flower Hardener and Increases Flavor by TPS Nutrients, 1 Quart (32 oz)",1,12,IUSR,FBA1942TY99R,
2025-11-26T01:56:28,HPHERB1Q-FBA-UPC-0123,B0BRTJC59Q,B0BRTJC59Q,2MZDDT9Q,12,DEPARTED,"Herb Plant Food for All Edible Herbs, Leafy Greens and Veggies, Liquid Houseplant Fertilizer, 32 oz (1 Quart)",1,12,IUSR,FBA1942W520C,
2025-11-26T01:56:28,TPS-GARLICFERTILIZER-QUART,B0DQRBFT4K,B0DQRBFT4K,2MZDDT9Q,12,DEPARTED,"Garlic Fertilizer, Complete Liquid Garlic and All Allium Varieties Plant Food, 32 oz (1 Quart)",1,12,IUSR,FBA1942W520C,
2025-11-26T01:56:28,TPS-STAUGUSTINEGRASSFERT-QUART,B0FM4PK6H9,B0FM4PK6H9,2MZDDT9Q,12,DEPARTED,"St Augustine Grass Fertilizer, Complete Plant Food for Saint Augustine Grass, Liquid Fertilizer by TPS Plant Foods, 32 oz (1 Quart)",3,36,IUSR,FBA1942T1JL5,
2025-11-26T02:09:35,AFVIOLET8OZ-FBA-UPC-0523,B0C73TS2P2,B0C73TS2P2,5OFZ26FS,60,DEPARTED,"African Violet Fertilizer for Indoor Flowering Plants, Liquid Plant Food 8 oz (250mL)",1,60,IUSF,FBA1942VZ70D,
2025-11-26T02:09:35,BIRON8OZ-0224,B0BZBMCKD8,B0BZBMCKD8,5OFZ26FS,60,DEPARTED,"Bloom City's Organic Liquid Iron - Liquid Iron for Lawn - Chelated Iron for Plants, 1/2 Pint (8 oz)",1,60,IUSF,FBA1942VZ70D,2027-10-27
2025-11-26T02:09:35,SUPPPOT1G,B0D4JGKYCB,B0D4JGKYCB,5OFZ26FS,4,DEPARTED,"Potassium Fertilizer for Plants, Boosts Growth, Budding and Flowering, Liquid Plant Food 128 oz (1 Gallon)",1,4,IUSF,FBA1942VZ70D,
2025-11-26T02:19:23,TPS-AVOCADOTREE-8OZ,B0DPKKMC57,B0DPKKMC57,5OFZ26FS,60,DEPARTED,"Avocado Tree Fertilizer, Complete Liquid Avocado Plant Food, 8 oz (250mL)",1,60,IUSF,FBA1942W16QY,
2025-11-26T02:19:23,TPS-THUJAGREENGIANT-1GALLON,B0FKMTVCRG,B0FKMTVCRG,5OFZ26FS,4,DEPARTED,"Thuja Green Giant Fertilizer, Vigorous Growth for Thuja Green Giant and Other Arborvitae Varieties, Liquid Fertilizer by TPS Plant Foods, 1 Gallon (128 oz)",1,4,IUSF,FBA1942W16QY,
2025-11-26T02:21:37,AIRPLANT8OZ-FBA-UPC-0523,B0C6R6KQSZ,B0C6R6KQSZ,2MZDDT9Q,60,DEPARTED,"TPS NUTRIENTS Air Plant Fertilizer for All Tillandsia Air Plants, Use As Foliar Spray or for Soaking, Liquid Plant Food 8 oz (250mL)",1,60,IUSR,FBA1942WQFR0,
2025-11-26T02:21:37,GRANLEMON6OZ,B0D4GWWM4P,B0D4GWWM4P,2MZDDT9Q,40,DEPARTED,"Organic Lemon Tree Fertilizer, Slow Release Dry Granular Fertilizer for Lemon and Citrus Trees 6 oz (6 Ounces)",1,40,IUSR,FBA1942VB1RT,
2025-11-26T02:21:37,HPHERB8OZ-FBA-UPC-0123,B0BRTK1P8Y,B0BRTK1P8Y,2MZDDT9Q,60,DEPARTED,"Herb Plant Food for All Edible Herbs, Leafy Greens and Veggies, Liquid Houseplant Fertilizer 8 oz (250mL)",2,120,IUSR,FBA1942WQFR0,
2025-11-26T02:21:37,HPMONST1G-FBA-UPC-0523,B0C6K2PMKL,B0C6K2PMKL,2MZDDT9Q,4,DEPARTED,"Plant Food for Monsteras and Philodendrons, Tropical Houseplant Liquid Fertilizer, 1 Gallon (128 oz)",1,4,IUSR,FBA1942WQFR0,
2025-11-26T02:21:37,HPORCHID8OZ-FBA-UPC-0123,B0BRTJBFP7,B0BRTJBFP7,2MZDDT9Q,60,DEPARTED,"Orchid Plant Food for All Orchids and Acid Loving Houseplants, Promotes Growth and Blooms, Liquid Fertilizer 8 oz (250mL)",2,120,IUSR,FBA1942WQFR0,
2025-11-26T02:21:37,LEMON8OZ-FBA-UPC-0523,B0C73SNJCH,B0C73SNJCH,2MZDDT9Q,60,DEPARTED,"Lemon Tree Fertilizer, Complete Lemon Tree Plant Food, 8 oz (250mL)",1,60,IUSR,FBA1942SS14Q,
2025-11-26T02:21:37,LEMON8OZ-FBA-UPC-0523,B0C73SNJCH,B0C73SNJCH,2MZDDT9Q,60,DEPARTED,"Lemon Tree Fertilizer, Complete Lemon Tree Plant Food, 8 oz (250mL)",2,120,IUSR,FBA1942WQFR0,
2025-11-26T02:21:37,LIMETREE8OZ-FBA-UPC-1123,B0CPG8WFCX,B0CPG8WFCX,2MZDDT9Q,60,DEPARTED,"Lime Tree Fertilizer for All Lime and Citrus Trees, Liquid Plant Food 8 oz (250mL)",1,60,IUSR,FBA1942WQFR0,
2025-11-26T02:21:37,MANGOTREE1G-FBA-UPC-1123,B0CPGNM4GM,B0CPGNM4GM,2MZDDT9Q,4,DEPARTED,"Mango Tree Fertilizer for All Mangoes and Anacardiaceae Trees, Liquid Plant Food 1 Gallon (128oz)",1,4,IUSR,FBA1942SS14Q,
2025-11-26T02:21:37,SUPPSULF1G,B0D4JHTRRQ,B0D4JHTRRQ,2MZDDT9Q,4,DEPARTED,"Sulfur Fertilizer for Plants, Micronutrient Sulfur for Boosted Growth and Flowering, Liquid Plant Food 128 oz (1 Gallon)",1,4,IUSR,FBA1942T39JD,
2025-11-26T02:21:37,TPS-GARLICFERTILIZER-QUART,B0DQRBFT4K,B0DQRBFT4K,2MZDDT9Q,12,DEPARTED,"Garlic Fertilizer, Complete Liquid Garlic and All Allium Varieties Plant Food, 32 oz (1 Quart)",1,12,IUSR,FBA1942WQFR0,
2025-11-26T02:21:37,TPS-PEARTREEFERT-1GALLON,B0FKLY3KWZ,B0FKLY3KWZ,2MZDDT9Q,4,DEPARTED,"Pear Tree Fertilizer for Pear Trees, Also Great for Apple and Quince Trees, Liquid Fertilizer by TPS Plant Foods, 1 Gallon (128 oz)",1,4,IUSR,FBA1942SS4DC,
2025-11-26T02:21:37,TPS-RAISEDBEDFERT-1GALLON,B0FKY933F6,B0FKY933F6,2MZDDT9Q,4,DEPARTED,"Raised Bed Fertilizer for Vegetables, Herbs, and Flowers, Balanced Nutrients for Container and Box Gardens, Liquid Fertilizer by TPS Plant Foods, 1 Gallon(128oz)",1,4,IUSR,FBA1942TYG6C,
2025-11-26T02:21:37,TPS-THUJAGREENGIANT-1GALLON,B0FKMTVCRG,B0FKMTVCRG,2MZDDT9Q,4,DEPARTED,"Thuja Green Giant Fertilizer, Vigorous Growth for Thuja Green Giant and Other Arborvitae Varieties, Liquid Fertilizer by TPS Plant Foods, 1 Gallon (128 oz)",1,4,IUSR,FBA1942WQFR0,
2025-11-26T02:21:37,TPS-ZOYSIAGRASSFERT-1GAL,B0FM3DJVXY,B0FM3DJVXY,2MZDDT9Q,4,DEPARTED,"Zoysia Grass Fertilizer for Zoysia Grass, Great for Zenith, Emerald, and Zeon Varieties, Liquid Fertilizer by TPS Plant Foods, 1 Gallon (128 oz)",1,4,IUSR,FBA1942TYG6C,
2025-11-26T02:21:37,TPSROOTB1G,B07CWNRS9C,B07CWNRS9C,2MZDDT9Q,4,DEPARTED,"TPS NUTRIENTS Root Boost Advanced Rooting Formula for Living Soil and White Roots, Plus Microbes, 1 Gallon (128 oz)",1,4,IUSR,FBA1942TGRQC,
2025-11-26T02:21:37,TPSSIL1Q,B07CX36LW8,B07CX36LW8,2MZDDT9Q,12,DEPARTED,TPS NUTRIENTS Silica Gold Plant Strength Nutrient and Supplement with Bioavailable Silicon 1 Quart (32 oz),10,120,IUSR,FBA1942WQFR0,
2025-11-26T02:29:57,HPHERB8OZ-FBA-UPC-0123,B0BRTK1P8Y,B0BRTK1P8Y,2MZDDT9Q,60,DEPARTED,"Herb Plant Food for All Edible Herbs, Leafy Greens and Veggies, Liquid Houseplant Fertilizer 8 oz (250mL)",1,60,IUSR,FBA1942V16FY,
2025-11-26T02:29:57,HPHERB8OZ-FBA-UPC-0123,B0BRTK1P8Y,B0BRTK1P8Y,2MZDDT9Q,60,DEPARTED,"Herb Plant Food for All Edible Herbs, Leafy Greens and Veggies, Liquid Houseplant Fertilizer 8 oz (250mL)",2,120,IUSR,FBA1942W34F8,
2025-11-26T02:29:57,TPS-KRATKYHYDROPONIC-QUART,B0DSGKH3HK,B0DSGKH3HK,2MZDDT9Q,12,DEPARTED,Kratky Hydroponic Fertilizer - 32oz,1,12,IUSR,FBA1942THDPQ,
2025-11-26T02:29:57,TPS-STAUGUSTINEGRASSFERT-1GALLON,B0FM62ZB8N,B0FM62ZB8N,2MZDDT9Q,4,DEPARTED,"St Augustine Grass Fertilizer, Complete Plant Food for Saint Augustine Grass, Liquid Fertilizer by TPS Plant Foods, 1 Gallon (128 oz)",2,8,IUSR,FBA1942SP04J,
2025-11-26T02:29:57,TPS-ZOYSIAGRASSFERT-1GAL,B0FM3DJVXY,B0FM3DJVXY,2MZDDT9Q,4,DEPARTED,"Zoysia Grass Fertilizer for Zoysia Grass, Great for Zenith, Emerald, and Zeon Varieties, Liquid Fertilizer by TPS Plant Foods, 1 Gallon (128 oz)",1,4,IUSR,FBA1942V9NC9,
2025-11-26T02:29:57,TPSSIG1G-FBA-UPC-0523,B07CWQ2V2G,B07CWQ2V2G,2MZDDT9Q,4,DEPARTED,"TPS NUTRIENTS Signal Terpene Enhancer Plant Nutrient and Supplement, Flower Hardener and Increases Flavor, 1 Gallon (128 oz)",4,16,IUSR,FBA1942W34F8,
2025-11-26T02:29:57,XMASCACTUS1Q-FBA-UPC-1123,B0CPGFXPYW,B0CPGFXPYW,2MZDDT9Q,12,DEPARTED,"TPS NUTRIENTS Christmas Cactus Fertilizer for All Christmas Cacti and Schlumbergera Cacti, Liquid Plant Food, 32 oz (1 Quart)",1,12,IUSR,FBA1942TQ3KL,
2025-11-26T02:36:25,BKELP1Q-0224,B073ZNW8MX,B073ZNW8MX,2MZDDT9Q,12,DEPARTED,"Bloom City Organic Liquid Seaweed and Kelp Fertilizer Supplement, Quart (32 oz) Concentrated Makes 180 Gallons",8,96,IUSR,FBA1942W34F8,
2025-11-26T02:36:25,TPSROOTB1G,B07CWNRS9C,B07CWNRS9C,2MZDDT9Q,4,DEPARTED,"TPS NUTRIENTS Root Boost Advanced Rooting Formula for Living Soil and White Roots, Plus Microbes, 1 Gallon (128 oz)",1,4,IUSR,FBA1942TQYXC,
2025-11-26T02:36:25,TPSSIL1Q,B07CX36LW8,B07CX36LW8,2MZDDT9Q,12,DEPARTED,TPS NUTRIENTS Silica Gold Plant Strength Nutrient and Supplement with Bioavailable Silicon 1 Quart (32 oz),7,84,IUSR,FBA1942TQYXC,
2025-11-26T02:36:25,TPSSIL1Q,B07CX36LW8,B07CX36LW8,2MZDDT9Q,12,DEPARTED,TPS NUTRIENTS Silica Gold Plant Strength Nutrient and Supplement with Bioavailable Silicon 1 Quart (32 oz),1,12,IUSR,FBA1942W34F8,
2025-11-26T03:56:55,BHUMIC1G-0224,B077SXRN15,B077SXRN15,2MZDDT9Q,4,DEPARTED,"Organic Liquid Humic Soil Health Formula, Great for Houseplants, Gardens and Lawns, by Bloom City, Gallon (128 oz) Concentrated Makes 120+ Gallons",1,4,IUSR,FBA1942W850H,
2025-11-26T03:56:55,BKELP1Q-0224,B073ZNW8MX,B073ZNW8MX,2MZDDT9Q,12,DEPARTED,"Bloom City Organic Liquid Seaweed and Kelp Fertilizer Supplement, Quart (32 oz) Concentrated Makes 180 Gallons",15,180,IUSR,FBA1942W850H,
2025-11-26T03:56:55,LIMETREE8OZ-FBA-UPC-1123,B0CPG8WFCX,B0CPG8WFCX,2MZDDT9Q,60,DEPARTED,"Lime Tree Fertilizer for All Lime and Citrus Trees, Liquid Plant Food 8 oz (250mL)",1,60,IUSR,FBA1942W850H,
2025-11-26T03:56:55,TPS-AMARYLLISFERTILIZER-8OZ,B0FLWXQ5XY,B0FLWXQ5XY,2MZDDT9Q,60,DEPARTED,"Amaryllis Fertilizer for Amaryllis Bulbs, Great for Amaryllis Bulbs in Vase or for Planting, Liquid Fertilizer by TPS Plant Foods, 8 oz (250mL)",1,60,IUSR,FBA1942T4Q9T,
2025-11-26T03:56:55,TPSSIG1G-FBA-UPC-0523,B07CWQ2V2G,B07CWQ2V2G,2MZDDT9Q,4,DEPARTED,"TPS NUTRIENTS Signal Terpene Enhancer Plant Nutrient and Supplement, Flower Hardener and Increases Flavor, 1 Gallon (128 oz)",2,8,IUSR,FBA1942W850H,
2025-11-26T03:56:55,TPSSIG1Q-FBA-UPC-0323,B07CWQBNMS,B07CWQBNMS,2MZDDT9Q,12,DEPARTED,"Signal Terpene Enhancer Plant Nutrient and Supplement, Flower Hardener and Increases Flavor by TPS Nutrients, 1 Quart (32 oz)",2,24,IUSR,FBA1942W850H,
2025-11-26T04:38:36,TPSBASEAB1G,B07CWPKH72,B07CWPKH72,2MZDDT9Q,2,DEPARTED,"TPS Base A+B Two Part Set Complete Plant Growing Nutrient Formula for All Plants, for Both Soil and Hydro, Gallon Set (2 x 128 oz)",1,2,IUSR,FBA1942VWQS6,
2025-11-26T07:55:03,HPORCHID8OZ-FBA-UPC-0123,B0BRTJBFP7,B0BRTJBFP7,2MZDDT9Q,60,DEPARTED,"Orchid Plant Food for All Orchids and Acid Loving Houseplants, Promotes Growth and Blooms, Liquid Fertilizer 8 oz (250mL)",1,60,IUSR,FBA1942WQFR0,
2025-11-26T07:55:03,MYCO6OZ-0524,B0D2YCJGFW,B0D2YCJGFW,2MZDDT9Q,40,DEPARTED,"TPS NUTRIENTS Mycorrhizal Fungi for Plants, Mycos for Transplanting and for Established Plants, Contains Mycorrhizae and Soil Probiotics (6 Ounces)",1,40,IUSR,FBA1942V6HF5,
2025-11-26T07:55:03,TPS-ELEPHANEART-8OZ,B0DPMD8SQ7,B0DPMD8SQ7,2MZDDT9Q,60,DEPARTED,"Elephant Ear Fertilizer, Complete Liquid Elephant Ear Plant Food, 8 oz (250mL)",1,60,IUSR,FBA1942T39JD,
2025-11-26T13:01:50,TPS-BLACKBERRYFERT-1GAL,B0FKM7JH8L,B0FKM7JH8L,2MZDDT9Q,4,DEPARTED,"BlackBerry Fertilizer for BlackBerry Plants, Supports Healthy Growth and Plump Berries in BlackBerry Plants, Liquid Fertilizer by TPS Plant Foods, 1 Gallon (128 oz)",1,4,IUSR,FBA19442S77R,
2025-11-26T13:22:26,HPORCHID8OZ-FBA-UPC-0123,B0BRTJBFP7,B0BRTJBFP7,2MZDDT9Q,60,DEPARTED,"Orchid Plant Food for All Orchids and Acid Loving Houseplants, Promotes Growth and Blooms, Liquid Fertilizer 8 oz (250mL)",1,60,IUSR,FBA1942TXSM9,
2025-11-26T13:22:26,HPORCHID8OZ-FBA-UPC-0123,B0BRTJBFP7,B0BRTJBFP7,2MZDDT9Q,60,DEPARTED,"Orchid Plant Food for All Orchids and Acid Loving Houseplants, Promotes Growth and Blooms, Liquid Fertilizer 8 oz (250mL)",1,60,IUSR,FBA1942TY99R,
2025-11-26T13:22:26,LEMON8OZ-FBA-UPC-0523,B0C73SNJCH,B0C73SNJCH,2MZDDT9Q,60,DEPARTED,"Lemon Tree Fertilizer, Complete Lemon Tree Plant Food, 8 oz (250mL)",1,60,IUSR,FBA1942TY99R,
2025-11-26T13:29:20,FICUSTREE8OZ-FBA-UPC-1123,B0CPFZ9H6G,B0CPFZ9H6G,2MZDDT9Q,60,DEPARTED,"TPS NUTRIENTS Ficus Tree Fertilizer for All Ficus, Fig and Moraceae Plants, Liquid Plant Food 8 oz (250mL)",2,120,IUSR,FBA1942WTFRW,
2025-11-26T13:29:20,PALMTREE8OZ-FBA-UPC-0523,B0C6Q7PL3S,B0C6Q7PL3S,2MZDDT9Q,60,DEPARTED,"Palm Tree Fertilizer for All Palms and Ferns, Liquid Plant Food 8 oz (250mL)",2,120,IUSR,FBA1942WTFRW,
2025-11-26T13:29:20,TPS-AMARYLLISFERTILIZER-QUART,B0FLWYJ1S7,B0FLWYJ1S7,2MZDDT9Q,12,DEPARTED,"Amaryllis Fertilizer for Amaryllis Bulbs, Great for Amaryllis Bulbs in Vase or for Planting, Liquid Fertilizer by TPS Plant Foods, 32oz (1Quart)",2,24,IUSR,FBA1942WTFRW,
2025-11-26T13:29:20,TPS-BLACKBERRYFERT-1GAL,B0FKM7JH8L,B0FKM7JH8L,2MZDDT9Q,4,DEPARTED,"BlackBerry Fertilizer for BlackBerry Plants, Supports Healthy Growth and Plump Berries in BlackBerry Plants, Liquid Fertilizer by TPS Plant Foods, 1 Gallon (128 oz)",1,4,IUSR,FBA1942WTFRW,
2025-11-26T13:29:20,TPS-GARLICFERTILIZER-8OZ,B0DQQSLKZP,B0DQQSLKZP,2MZDDT9Q,60,DEPARTED,"Garlic Fertilizer, Complete Liquid Garlic and All Allium Varieties Plant Food, 8 oz (250mL)",2,120,IUSR,FBA1942WTFRW,
2025-11-26T13:29:20,TPS-KRATKYHYDROPONIC-8OZ,B0DSGKN9QC,B0DSGKN9QC,2MZDDT9Q,60,DEPARTED,Kratky Hydroponic Fertilizer - 8oz,1,60,IUSR,FBA1942WTFRW,
2025-11-26T13:29:20,TPS-KRATKYHYDROPONIC-QUART,B0DSGKH3HK,B0DSGKH3HK,2MZDDT9Q,12,DEPARTED,Kratky Hydroponic Fertilizer - 32oz,1,12,IUSR,FBA1942WTFRW,
2025-11-26T13:29:20,TPS-PECANTREEFERT-1GALLON,B0FKMR162G,B0FKMR162G,2MZDDT9Q,4,DEPARTED,"Pecan Tree Fertilizer for Pecan Trees, Supports Strong Growth and Hearty Nuts in All Varieiteis of Nut Trees, Liquid Fertilizer by TPS Plant Foods, 1 Gallon (128 oz)",1,4,IUSR,FBA1942WTFRW,
2025-11-26T13:29:20,TPSCANB1G-FBA-UPC-0523,B07CWPLJ65,B07CWPLJ65,41HBVNAX,4,DEPARTED,"TPS NUTRIENTS Canopy Boost Foliar Spray for All Plants, Boosts Photosynthesis and Corrects Common Yellowing, 1 Gallon (128 oz)",1,4,IUSR,FBA1942WTFRW,
2025-11-26T14:45:41,TPSSIL1G-FBA-UPC-0323,B07CX79577,B07CX79577,5OFZ26FS,4,DEPARTED,"TPS NUTRIENTS Silica Gold Plant Strength Nutrient and Supplement with Bioavailable Silicon, 1 Gallon (128 oz)",1,4,IUSF,FBA193VBYPZD,
2025-11-26T15:06:44,TPS-PINEAPPLEFERT-QUART,B0FLWTCJZP,B0FLWTCJZP,2MZDDT9Q,12,DEPARTED,"Pineapple Fertilizer for Pineapple Plants, Supports Fruit Production and Indoor/Outdoor Success, Liquid Fertilizer by TPS Plant Foods, 32 oz (1 Quart)",1,12,IUSR,FBA194435W6Q,
2025-11-26T16:26:39,HPFIG1G-FBA-UPC-0523,B0C6JZZH97,B0C6JZZH97,2MZDDT9Q,4,DEPARTED,"Fiddle Leaf Fig Plant Food for All Fig and Other Ficus Trees, Liquid Houseplant Fertilizer, 1 Gallon (128 oz)",1,4,IUSR,FBA1942V7SX0,
2025-11-26T16:26:39,HPORCHID8OZ-FBA-UPC-0123,B0BRTJBFP7,B0BRTJBFP7,2MZDDT9Q,60,DEPARTED,"Orchid Plant Food for All Orchids and Acid Loving Houseplants, Promotes Growth and Blooms, Liquid Fertilizer 8 oz (250mL)",1,60,IUSR,FBA1942WQFR0,
2025-11-26T17:16:35,TPS-PINEAPPLEFERT-QUART,B0FLWTCJZP,B0FLWTCJZP,2MZDDT9Q,12,DEPARTED,"Pineapple Fertilizer for Pineapple Plants, Supports Fruit Production and Indoor/Outdoor Success, Liquid Fertilizer by TPS Plant Foods, 32 oz (1 Quart)",1,12,IUSR,FBA19442TD95,
2025-11-26T18:07:23,HPHERB1Q-FBA-UPC-0123,B0BRTJC59Q,B0BRTJC59Q,2MZDDT9Q,12,DEPARTED,"Herb Plant Food for All Edible Herbs, Leafy Greens and Veggies, Liquid Houseplant Fertilizer, 32 oz (1 Quart)",1,12,IUSR,FBA1942W850H,
2025-11-26T18:07:23,HPMONST1G-FBA-UPC-0523,B0C6K2PMKL,B0C6K2PMKL,2MZDDT9Q,4,DEPARTED,"Plant Food for Monsteras and Philodendrons, Tropical Houseplant Liquid Fertilizer, 1 Gallon (128 oz)",1,4,IUSR,FBA1942SLHSG,
2025-11-26T18:07:23,LEMON8OZ-FBA-UPC-0523,B0C73SNJCH,B0C73SNJCH,2MZDDT9Q,60,DEPARTED,"Lemon Tree Fertilizer, Complete Lemon Tree Plant Food, 8 oz (250mL)",2,120,IUSR,FBA1942SNYHK,
2025-11-26T18:07:23,SUPPPHOS8OZ,B0D4JHC68M,B0D4JHC68M,2MZDDT9Q,60,DEPARTED,"TPS NUTRIENTS Phosphorus Fertilizer for Plants, Boosts Rooting, Growth, Blooming and Flowering, Liquid Plant Food 8 oz (250mL)",1,60,IUSR,FBA1942SKTD7,
2025-11-26T18:07:23,TPS-GARLICFERTILIZER-QUART,B0DQRBFT4K,B0DQRBFT4K,2MZDDT9Q,12,DEPARTED,"Garlic Fertilizer, Complete Liquid Garlic and All Allium Varieties Plant Food, 32 oz (1 Quart)",1,12,IUSR,FBA1942W850H,
2025-11-26T18:07:23,TPSSIG1G-FBA-UPC-0523,B07CWQ2V2G,B07CWQ2V2G,2MZDDT9Q,4,DEPARTED,"TPS NUTRIENTS Signal Terpene Enhancer Plant Nutrient and Supplement, Flower Hardener and Increases Flavor, 1 Gallon (128 oz)",1,4,IUSR,FBA1942W850H,
2025-11-26T19:51:54,TPSBASEAB1G,B07CWPKH72,B07CWPKH72,2MZDDT9Q,2,DEPARTED,"TPS Base A+B Two Part Set Complete Plant Growing Nutrient Formula for All Plants, for Both Soil and Hydro, Gallon Set (2 x 128 oz)",1,2,IUSR,FBA1942T2BZ8,
2025-11-26T19:51:54,TPSBASEAB1G,B07CWPKH72,B07CWPKH72,2MZDDT9Q,2,DEPARTED,"TPS Base A+B Two Part Set Complete Plant Growing Nutrient Formula for All Plants, for Both Soil and Hydro, Gallon Set (2 x 128 oz)",4,8,IUSR,FBA1942VWQS6,
2025-11-26T19:57:20,HIBISCUS1G-FBA-UPC-0523,B0C73SGLGQ,B0C73SGLGQ,5OFZ26FS,4,DEPARTED,"Hibiscus Fertilizer for Tropical and Flowering Plants, Liquid Plant Food, 1 Gallon (128 oz)",1,4,IUSF,FBA1942VTHG5,
2025-11-26T20:06:41,BFOLIAR1G-0224,B07PDNVZ5G,B07PDNVZ5G,3SRWV9OX,4,DEPARTED,"Bloom City Organic SuperGreen Kelp Foliar Spray for Plants, Gallon (128 oz)",1,4,IUST,FBA1945DM9B2,
2025-11-24T12:38:49,TPSCMC1G-FBA-UPC-0323,B01MTCXHIQ,B01MTCXHIQ,5JT732XW,4,DEPARTED,"TPS NUTRIENTS Cal-Mag Complete, Calcium Magnesium Iron and Micronutrients Fertilizer and Supplement, 1 Gallon (128 oz)",1,4,IUST,FBA194160F9X,
2025-11-25T01:30:15,TPSBASEAB1G,B07CWPKH72,B07CWPKH72,2MZDDT9Q,2,DEPARTED,"TPS Base A+B Two Part Set Complete Plant Growing Nutrient Formula for All Plants, for Both Soil and Hydro, Gallon Set (2 x 128 oz)",7,14,IUSR,FBA1942SG9Y9,
2025-11-25T01:30:15,TPSBASEAB1G,B07CWPKH72,B07CWPKH72,2MZDDT9Q,2,DEPARTED,"TPS Base A+B Two Part Set Complete Plant Growing Nutrient Formula for All Plants, for Both Soil and Hydro, Gallon Set (2 x 128 oz)",3,6,IUSR,FBA1942SPPB9,
2025-11-25T01:30:15,TPSBASEAB1G,B07CWPKH72,B07CWPKH72,2MZDDT9Q,2,DEPARTED,"TPS Base A+B Two Part Set Complete Plant Growing Nutrient Formula for All Plants, for Both Soil and Hydro, Gallon Set (2 x 128 oz)",4,8,IUSR,FBA1942T2BZ8,
2025-11-25T01:30:15,TPSBASEAB1G,B07CWPKH72,B07CWPKH72,2MZDDT9Q,2,DEPARTED,"TPS Base A+B Two Part Set Complete Plant Growing Nutrient Formula for All Plants, for Both Soil and Hydro, Gallon Set (2 x 128 oz)",1,2,IUSR,FBA1942WD2B4,
2025-11-25T01:50:34,HPFIG1G-FBA-UPC-0523,B0C6JZZH97,B0C6JZZH97,2MZDDT9Q,4,DEPARTED,"Fiddle Leaf Fig Plant Food for All Fig and Other Ficus Trees, Liquid Houseplant Fertilizer, 1 Gallon (128 oz)",1,4,IUSR,FBA1942RSVTW,
2025-11-25T01:50:34,HPMONST1G-FBA-UPC-0523,B0C6K2PMKL,B0C6K2PMKL,2MZDDT9Q,4,DEPARTED,"Plant Food for Monsteras and Philodendrons, Tropical Houseplant Liquid Fertilizer, 1 Gallon (128 oz)",2,8,IUSR,FBA1942TY99R,
2025-11-25T01:50:34,TPS-FIGTREEFERT-8OZ,B0FKM94FQY,B0FKM94FQY,2MZDDT9Q,60,DEPARTED,"Fig Tree Fertilizer for Fig Trees, Great for Other Ficus Tree Varieties, Liquid Fertilizer by TPS Plant Foods, 8 oz (250mL)",1,60,IUSR,FBA1942V636G,
2025-11-25T01:50:34,TPS-GARLICFERTILIZER-QUART,B0DQRBFT4K,B0DQRBFT4K,2MZDDT9Q,12,DEPARTED,"Garlic Fertilizer, Complete Liquid Garlic and All Allium Varieties Plant Food, 32 oz (1 Quart)",1,12,IUSR,FBA1942TY99R,
2025-11-25T01:50:34,TPSSIL1Q,B07CX36LW8,B07CX36LW8,2MZDDT9Q,12,DEPARTED,TPS NUTRIENTS Silica Gold Plant Strength Nutrient and Supplement with Bioavailable Silicon 1 Quart (32 oz),1,12,IUSR,FBA1942TY99R,
2025-11-25T02:26:46,HPHERB8OZ-FBA-UPC-0123,B0BRTK1P8Y,B0BRTK1P8Y,2MZDDT9Q,60,DEPARTED,"Herb Plant Food for All Edible Herbs, Leafy Greens and Veggies, Liquid Houseplant Fertilizer 8 oz (250mL)",2,120,IUSR,FBA1942W520C,
2025-11-25T02:26:46,SUPPPHOS8OZ,B0D4JHC68M,B0D4JHC68M,2MZDDT9Q,60,DEPARTED,"TPS NUTRIENTS Phosphorus Fertilizer for Plants, Boosts Rooting, Growth, Blooming and Flowering, Liquid Plant Food 8 oz (250mL)",1,60,IUSR,FBA1942SWH0M,
2025-11-25T02:26:46,TPSSIL1Q,B07CX36LW8,B07CX36LW8,2MZDDT9Q,12,DEPARTED,TPS NUTRIENTS Silica Gold Plant Strength Nutrient and Supplement with Bioavailable Silicon 1 Quart (32 oz),4,48,IUSR,FBA1942VL9W5,
2025-11-25T02:26:46,TPSSIL1Q,B07CX36LW8,B07CX36LW8,2MZDDT9Q,12,DEPARTED,TPS NUTRIENTS Silica Gold Plant Strength Nutrient and Supplement with Bioavailable Silicon 1 Quart (32 oz),5,60,IUSR,FBA1942W520C,
2025-11-25T03:47:15,BROOT1G-0624,B07PJSQTC9,B07PJSQTC9,2MZDDT9Q,4,DEPARTED,"Bloom City Organic Root Stimulant, Salmon and Kelp Formula, Rich with Microbes and Mycorrhizae, Gallon (128 oz)",1,4,IUSR,FBA1942SXKTC,
2025-11-25T03:47:15,HPHERB8OZ-FBA-UPC-0123,B0BRTK1P8Y,B0BRTK1P8Y,2MZDDT9Q,60,DEPARTED,"Herb Plant Food for All Edible Herbs, Leafy Greens and Veggies, Liquid Houseplant Fertilizer 8 oz (250mL)",1,60,IUSR,FBA1942V7SX0,
2025-11-25T03:47:15,TREERS6OZ-0524,B0D2Z34SR1,B0D2Z34SR1,2MZDDT9Q,40,DEPARTED,"TPS NUTRIENTS Root Stimulator for Trees, Great for Transplanting and Established Tree Roots, Soil Probiotics Including Mycorrhizae, Bacteria and Trichoderma (6 Ounces)",3,120,IUSR,FBA1942VB1RT,
2025-11-25T03:56:41,AIRPLANT1G-FBA-UPC-0523,B0C6R6J9WW,B0C6R6J9WW,5OFZ26FS,4,DEPARTED,"TPS NUTRIENTS Air Plant Fertilizer for All Tillandsia Air Plants, Use As Foliar Spray or for Soaking, Liquid Plant Food, 1 Gallon (128 oz)",1,4,IUSF,FBA193VGFFTW,
2025-11-25T03:56:41,BROMELIAD8OZ-FBA-UPC-1123,B0CPGC52VG,B0CPGC52VG,5OFZ26FS,60,DEPARTED,"Bromeliad Fertilizer for All Bromeliaceae Plants, Liquid Plant Food 8 oz (250mL)",1,60,IUSF,FBA193VGFFTW,
2025-11-25T03:56:41,EVERGREEN1G-FBA-UPC-1123,B0CPGP6WT9,B0CPGP6WT9,5OFZ26FS,4,DEPARTED,"Evergreen Tree Fertilizer for All Conifer Trees and Shrubs, Liquid Plant Food 1 Gallon (128oz)",1,4,IUSF,FBA193VGFFTW,
2025-11-25T03:56:41,SNAKE8OZ-FBA-UPC-0523,B0C6Q69C7K,B0C6Q69C7K,5OFZ26FS,60,DEPARTED,"Snake Plant Fertilizer for Snake Plants and All Sansevieria, 8 oz (250mL)",1,60,IUSF,FBA193VGFFTW,
2025-11-25T03:56:41,TPS-DESERTROSE-8OZ,B0DPMBDLXF,B0DPMBDLXF,5OFZ26FS,60,DEPARTED,"Desert Rose Fertilizer, Complete Liquid Desert Rose Plant Food, 8 oz (250mL)",1,60,IUSF,FBA193VGFFTW,
2025-11-25T04:56:48,HPMONST1G-FBA-UPC-0523,B0C6K2PMKL,B0C6K2PMKL,2MZDDT9Q,4,DEPARTED,"Plant Food for Monsteras and Philodendrons, Tropical Houseplant Liquid Fertilizer, 1 Gallon (128 oz)",3,12,IUSR,FBA1942RSVTW,
2025-11-25T04:56:48,LIQUIDPF8OZ-FBA-UPC-0123,B0BRTKV4TC,B0BRTKV4TC,2MZDDT9Q,60,DEPARTED,"Liquid Plant Food for use in AeroGarden, IDOO and Hydroponic Growing Systems, Liquid Fertilizer 8 oz (250mL)",2,120,IUSR,FBA1942TY99R,
2025-11-25T04:56:48,TPS-KRATKYHYDROPONIC-8OZ,B0DSGKN9QC,B0DSGKN9QC,2MZDDT9Q,60,DEPARTED,Kratky Hydroponic Fertilizer - 8oz,1,60,IUSR,FBA1942V4HRK,
2025-11-25T04:56:48,TREERS6OZ-0524,B0D2Z34SR1,B0D2Z34SR1,2MZDDT9Q,40,DEPARTED,"TPS NUTRIENTS Root Stimulator for Trees, Great for Transplanting and Established Tree Roots, Soil Probiotics Including Mycorrhizae, Bacteria and Trichoderma (6 Ounces)",1,40,IUSR,FBA1942V7426,
2025-11-25T05:45:08,TPS-AVOCADOTREE-8OZ,B0DPKKMC57,B0DPKKMC57,5OFZ26FS,60,DEPARTED,"Avocado Tree Fertilizer, Complete Liquid Avocado Plant Food, 8 oz (250mL)",1,60,IUSF,FBA1942W4DND,
2025-11-25T05:45:08,TROPICAL8OZ-FBA-UPC-1123,B0CPGJ53JC,B0CPGJ53JC,5OFZ26FS,60,DEPARTED,"TPS NUTRIENTS Tropical Plant Fertilizer for All Tropical Indoor and Outdoor Plants, Liquid Plant Food 8 oz (250mL)",1,60,IUSF,FBA1942W4DND,
2025-11-25T05:48:21,AIRPLANT8OZ-FBA-UPC-0523,B0C6R6KQSZ,B0C6R6KQSZ,2MZDDT9Q,60,DEPARTED,"TPS NUTRIENTS Air Plant Fertilizer for All Tillandsia Air Plants, Use As Foliar Spray or for Soaking, Liquid Plant Food 8 oz (250mL)",2,120,IUSR,FBA1942W34F8,
2025-11-25T05:48:21,BHUMIC1G-0224,B077SXRN15,B077SXRN15,2MZDDT9Q,4,DEPARTED,"Organic Liquid Humic Soil Health Formula, Great for Houseplants, Gardens and Lawns, by Bloom City, Gallon (128 oz) Concentrated Makes 120+ Gallons",1,4,IUSR,FBA1942W34F8,
2025-11-25T05:48:21,BKELP1Q-0224,B073ZNW8MX,B073ZNW8MX,2MZDDT9Q,12,DEPARTED,"Bloom City Organic Liquid Seaweed and Kelp Fertilizer Supplement, Quart (32 oz) Concentrated Makes 180 Gallons",2,24,IUSR,FBA1942W34F8,
2025-11-25T05:48:21,BSALMON8OZ-0224,B08JHDKVHC,B08JHDKVHC,2MZDDT9Q,60,DEPARTED,"Bloom City Organic Wild Fish Fertilizer and Plant Supplement, Great for Roots and Soil, Made from Sustainable Salmon, 1/2 Pint (8 oz)",1,60,IUSR,FBA1942V32FC,
2025-11-25T05:48:21,HPFIG8OZ-FBA-UPC-0123,B0BRTJGR33,B0BRTJGR33,2MZDDT9Q,60,DEPARTED,"Fiddle Leaf Fig Plant Food for All Fig and Other Ficus Trees, Liquid Houseplant Fertilizer 8 oz (250mL)",1,60,IUSR,FBA1942W34F8,
2025-11-25T05:48:21,LIQUIDPF8OZ-FBA-UPC-0123,B0BRTKV4TC,B0BRTKV4TC,2MZDDT9Q,60,DEPARTED,"Liquid Plant Food for use in AeroGarden, IDOO and Hydroponic Growing Systems, Liquid Fertilizer 8 oz (250mL)",7,420,IUSR,FBA1942V16FY,
2025-11-25T05:48:21,LIQUIDPF8OZ-FBA-UPC-0123,B0BRTKV4TC,B0BRTKV4TC,2MZDDT9Q,60,DEPARTED,"Liquid Plant Food for use in AeroGarden, IDOO and Hydroponic Growing Systems, Liquid Fertilizer 8 oz (250mL)",5,300,IUSR,FBA1942W34F8,
2025-11-25T05:48:21,MYCO6OZ-0524,B0D2YCJGFW,B0D2YCJGFW,2MZDDT9Q,40,DEPARTED,"TPS NUTRIENTS Mycorrhizal Fungi for Plants, Mycos for Transplanting and for Established Plants, Contains Mycorrhizae and Soil Probiotics (6 Ounces)",1,40,IUSR,FBA1942TWT08,
2025-11-25T05:48:21,SNAKE8OZ-FBA-UPC-0523,B0C6Q69C7K,B0C6Q69C7K,2MZDDT9Q,60,DEPARTED,"Snake Plant Fertilizer for Snake Plants and All Sansevieria, 8 oz (250mL)",1,60,IUSR,FBA1942W34F8,
2025-11-25T05:48:21,TPS-FIGTREEFERT-8OZ,B0FKM94FQY,B0FKM94FQY,2MZDDT9Q,60,DEPARTED,"Fig Tree Fertilizer for Fig Trees, Great for Other Ficus Tree Varieties, Liquid Fertilizer by TPS Plant Foods, 8 oz (250mL)",1,60,IUSR,FBA1942R8M5B,
2025-11-25T05:48:21,TPS-GARLICFERTILIZER-8OZ,B0DQQSLKZP,B0DQQSLKZP,2MZDDT9Q,60,DEPARTED,"Garlic Fertilizer, Complete Liquid Garlic and All Allium Varieties Plant Food, 8 oz (250mL)",1,60,IUSR,FBA1942TKJXM,
2025-11-25T05:48:21,TPS-SPRUCETREEFERT-1GAL,B0FKM246S1,B0FKM246S1,2MZDDT9Q,4,DEPARTED,"Spruce Tree Fertilizer for Spruce Trees, Great for White Spruce, Blue Spruce, and Norway Spruce, Liquid Fertilizer by TPS Plant Foods, 1 Gallon (128 oz)",1,4,IUSR,FBA1942R8M5B,
2025-11-25T05:48:21,TPSSIG1G-FBA-UPC-0523,B07CWQ2V2G,B07CWQ2V2G,2MZDDT9Q,4,DEPARTED,"TPS NUTRIENTS Signal Terpene Enhancer Plant Nutrient and Supplement, Flower Hardener and Increases Flavor, 1 Gallon (128 oz)",3,12,IUSR,FBA1942TQYXC,
2025-11-25T05:48:21,TRICH6OZ-0524,B0D2ZJ9LTS,B0D2ZJ9LTS,2MZDDT9Q,40,DEPARTED,"TPS NUTRIENTS Trichoderma for Plants, Great for Transplanting and Established Plants, Also Includes Soil Probiotics Mycorrhizae and Bacteria (6 Ounces)",3,120,IUSR,FBA1942TR5Z2,
2025-11-25T05:55:55,HPMONST1G-FBA-UPC-0523,B0C6K2PMKL,B0C6K2PMKL,2MZDDT9Q,4,DEPARTED,"Plant Food for Monsteras and Philodendrons, Tropical Houseplant Liquid Fertilizer, 1 Gallon (128 oz)",1,4,IUSR,FBA1942V7SX0,
2025-11-25T05:55:55,TPS-STAUGUSTINEGRASSFERT-1GALLON,B0FM62ZB8N,B0FM62ZB8N,2MZDDT9Q,4,DEPARTED,"St Augustine Grass Fertilizer, Complete Plant Food for Saint Augustine Grass, Liquid Fertilizer by TPS Plant Foods, 1 Gallon (128 oz)",3,12,IUSR,FBA1942TDK1B,
2025-11-25T05:55:55,TPS-ZOYSIAGRASSFERT-1GAL,B0FM3DJVXY,B0FM3DJVXY,2MZDDT9Q,4,DEPARTED,"Zoysia Grass Fertilizer for Zoysia Grass, Great for Zenith, Emerald, and Zeon Varieties, Liquid Fertilizer by TPS Plant Foods, 1 Gallon (128 oz)",1,4,IUSR,FBA1942TYG6C,
2025-11-25T05:55:55,XMASCACTUS1Q-FBA-UPC-1123,B0CPGFXPYW,B0CPGFXPYW,2MZDDT9Q,12,DEPARTED,"TPS NUTRIENTS Christmas Cactus Fertilizer for All Christmas Cacti and Schlumbergera Cacti, Liquid Plant Food, 32 oz (1 Quart)",1,12,IUSR,FBA1942SS14Q,
2025-11-25T06:56:42,HPFIG8OZ-FBA-UPC-0123,B0BRTJGR33,B0BRTJGR33,2MZDDT9Q,60,DEPARTED,"Fiddle Leaf Fig Plant Food for All Fig and Other Ficus Trees, Liquid Houseplant Fertilizer 8 oz (250mL)",2,120,IUSR,FBA1942W850H,
2025-11-25T06:56:42,LIQUIDPF8OZ-FBA-UPC-0123,B0BRTKV4TC,B0BRTKV4TC,2MZDDT9Q,60,DEPARTED,"Liquid Plant Food for use in AeroGarden, IDOO and Hydroponic Growing Systems, Liquid Fertilizer 8 oz (250mL)",5,300,IUSR,FBA1942W850H,
2025-11-25T07:19:12,BKELP1Q-0224,B073ZNW8MX,B073ZNW8MX,2MZDDT9Q,12,DEPARTED,"Bloom City Organic Liquid Seaweed and Kelp Fertilizer Supplement, Quart (32 oz) Concentrated Makes 180 Gallons",10,120,IUSR,FBA1942W520C,
2025-11-25T07:19:12,LIQUIDPF8OZ-FBA-UPC-0123,B0BRTKV4TC,B0BRTKV4TC,2MZDDT9Q,60,DEPARTED,"Liquid Plant Food for use in AeroGarden, IDOO and Hydroponic Growing Systems, Liquid Fertilizer 8 oz (250mL)",4,240,IUSR,FBA1942TPGLW,
2025-11-25T07:19:12,LIQUIDPF8OZ-FBA-UPC-0123,B0BRTKV4TC,B0BRTKV4TC,2MZDDT9Q,60,DEPARTED,"Liquid Plant Food for use in AeroGarden, IDOO and Hydroponic Growing Systems, Liquid Fertilizer 8 oz (250mL)",2,120,IUSR,FBA1942W520C,
2025-11-25T07:19:12,TPSSIG1G-FBA-UPC-0523,B07CWQ2V2G,B07CWQ2V2G,2MZDDT9Q,4,DEPARTED,"TPS NUTRIENTS Signal Terpene Enhancer Plant Nutrient and Supplement, Flower Hardener and Increases Flavor, 1 Gallon (128 oz)",1,4,IUSR,FBA1942VL9W5,
2025-11-25T07:19:12,TRICH6OZ-0524,B0D2ZJ9LTS,B0D2ZJ9LTS,2MZDDT9Q,40,DEPARTED,"TPS NUTRIENTS Trichoderma for Plants, Great for Transplanting and Established Plants, Also Includes Soil Probiotics Mycorrhizae and Bacteria (6 Ounces)",1,40,IUSR,FBA1942SWH0M,
2025-11-25T07:42:49,BHUMIC1G-0224,B077SXRN15,B077SXRN15,2MZDDT9Q,4,DEPARTED,"Organic Liquid Humic Soil Health Formula, Great for Houseplants, Gardens and Lawns, by Bloom City, Gallon (128 oz) Concentrated Makes 120+ Gallons",1,4,IUSR,FBA1942WQFR0,
2025-11-25T07:42:49,BKELP1Q-0224,B073ZNW8MX,B073ZNW8MX,2MZDDT9Q,12,DEPARTED,"Bloom City Organic Liquid Seaweed and Kelp Fertilizer Supplement, Quart (32 oz) Concentrated Makes 180 Gallons",15,180,IUSR,FBA1942WQFR0,
2025-11-25T07:42:49,BSALMON8OZ-0224,B08JHDKVHC,B08JHDKVHC,2MZDDT9Q,60,DEPARTED,"Bloom City Organic Wild Fish Fertilizer and Plant Supplement, Great for Roots and Soil, Made from Sustainable Salmon, 1/2 Pint (8 oz)",1,60,IUSR,FBA1942SXKTC,
2025-11-25T07:42:49,LIQUIDPF8OZ-FBA-UPC-0123,B0BRTKV4TC,B0BRTKV4TC,2MZDDT9Q,60,DEPARTED,"Liquid Plant Food for use in AeroGarden, IDOO and Hydroponic Growing Systems, Liquid Fertilizer 8 oz (250mL)",5,300,IUSR,FBA1942WQFR0,
2025-11-25T07:42:49,SUPPPHOS8OZ,B0D4JHC68M,B0D4JHC68M,2MZDDT9Q,60,DEPARTED,"TPS NUTRIENTS Phosphorus Fertilizer for Plants, Boosts Rooting, Growth, Blooming and Flowering, Liquid Plant Food 8 oz (250mL)",1,60,IUSR,FBA1942VB1RT,
2025-11-25T07:42:49,TPS-AMARYLLISFERTILIZER-8OZ,B0FLWXQ5XY,B0FLWXQ5XY,2MZDDT9Q,60,DEPARTED,"Amaryllis Fertilizer for Amaryllis Bulbs, Great for Amaryllis Bulbs in Vase or for Planting, Liquid Fertilizer by TPS Plant Foods, 8 oz (250mL)",1,60,IUSR,FBA1942TYG6C,
2025-11-25T07:42:49,TPS-BLACKBERRYFERT-QUART,B0FKLTTYDQ,B0FKLTTYDQ,2MZDDT9Q,12,DEPARTED,"BlackBerry Fertilizer for BlackBerry Plants, Supports Healthy Growth and Plump Berries in BlackBerry Plants, Liquid Fertilizer by TPS Plant Foods, 32 oz (1 Quart)",1,12,IUSR,FBA1942THLZK,
2025-11-25T07:42:49,TPS-STAUGUSTINEGRASSFERT-QUART,B0FM4PK6H9,B0FM4PK6H9,2MZDDT9Q,12,DEPARTED,"St Augustine Grass Fertilizer, Complete Plant Food for Saint Augustine Grass, Liquid Fertilizer by TPS Plant Foods, 32 oz (1 Quart)",1,12,IUSR,FBA1942TDK1B,
2025-11-25T07:42:49,TPSSIG1Q-FBA-UPC-0323,B07CWQBNMS,B07CWQBNMS,2MZDDT9Q,12,DEPARTED,"Signal Terpene Enhancer Plant Nutrient and Supplement, Flower Hardener and Increases Flavor by TPS Nutrients, 1 Quart (32 oz)",1,12,IUSR,FBA1942WQFR0,
2025-11-25T07:42:49,TPSSIL1Q,B07CX36LW8,B07CX36LW8,2MZDDT9Q,12,DEPARTED,TPS NUTRIENTS Silica Gold Plant Strength Nutrient and Supplement with Bioavailable Silicon 1 Quart (32 oz),8,96,IUSR,FBA1942WQFR0,
2025-11-25T07:47:47,HIBISCUS1G-FBA-UPC-0523,B0C73SGLGQ,B0C73SGLGQ,5OFZ26FS,4,DEPARTED,"Hibiscus Fertilizer for Tropical and Flowering Plants, Liquid Plant Food, 1 Gallon (128 oz)",1,4,IUSF,FBA1942W16QY,
2025-11-25T07:47:47,OLIVE1G-FBA-UPC-1123,B0CPGHBD8R,B0CPGHBD8R,5OFZ26FS,4,DEPARTED,"Olive Tree Fertilizer for All Olive and Oleaceae Trees, Liquid Plant Food 1 Gallon (128oz)",1,4,IUSF,FBA19415TKWD,
2025-11-25T07:47:47,TRIPLE10TREE1G,B0D4JKCJP6,B0D4JKCJP6,5OFZ26FS,4,DEPARTED,"Liquid 10-10-10 Fertilizer for Trees and Shrubs, Triple Ten NPK Plus Iron and Micros, Liquid Plant Food 128 oz (1 Gallon)",1,4,IUSF,FBA193YQK1CX,
2025-11-25T08:52:34,TPSCMC1G-FBA-UPC-0323,B01MTCXHIQ,B01MTCXHIQ,5JT732XW,4,DEPARTED,"TPS NUTRIENTS Cal-Mag Complete, Calcium Magnesium Iron and Micronutrients Fertilizer and Supplement, 1 Gallon (128 oz)",1,4,IUST,FBA19415YCX3,
2025-11-25T09:06:34,HPMONST1G-FBA-UPC-0523,B0C6K2PMKL,B0C6K2PMKL,2MZDDT9Q,4,DEPARTED,"Plant Food for Monsteras and Philodendrons, Tropical Houseplant Liquid Fertilizer, 1 Gallon (128 oz)",1,4,IUSR,FBA1942W850H,
2025-11-25T09:06:34,TPS-STAUGUSTINEGRASSFERT-1GALLON,B0FM62ZB8N,B0FM62ZB8N,2MZDDT9Q,4,DEPARTED,"St Augustine Grass Fertilizer, Complete Plant Food for Saint Augustine Grass, Liquid Fertilizer by TPS Plant Foods, 1 Gallon (128 oz)",1,4,IUSR,FBA1942TL2WF,
2025-11-25T09:06:34,TPS-ZOYSIAGRASSFERT-1GAL,B0FM3DJVXY,B0FM3DJVXY,2MZDDT9Q,4,DEPARTED,"Zoysia Grass Fertilizer for Zoysia Grass, Great for Zenith, Emerald, and Zeon Varieties, Liquid Fertilizer by TPS Plant Foods, 1 Gallon (128 oz)",1,4,IUSR,FBA1942T4Q9T,
2025-11-25T09:06:34,TPSSIG1G-FBA-UPC-0523,B07CWQ2V2G,B07CWQ2V2G,2MZDDT9Q,4,DEPARTED,"TPS NUTRIENTS Signal Terpene Enhancer Plant Nutrient and Supplement, Flower Hardener and Increases Flavor, 1 Gallon (128 oz)",2,8,IUSR,FBA1942V908Q,
2025-11-25T09:06:34,TPSSIG1G-FBA-UPC-0523,B07CWQ2V2G,B07CWQ2V2G,2MZDDT9Q,4,DEPARTED,"TPS NUTRIENTS Signal Terpene Enhancer Plant Nutrient and Supplement, Flower Hardener and Increases Flavor, 1 Gallon (128 oz)",1,4,IUSR,FBA1942W850H,
2025-11-25T10:26:48,TPSCMC1G-FBA-UPC-0323,B01MTCXHIQ,B01MTCXHIQ,5JT732XW,4,DEPARTED,"TPS NUTRIENTS Cal-Mag Complete, Calcium Magnesium Iron and Micronutrients Fertilizer and Supplement, 1 Gallon (128 oz)",1,4,IUST,FBA19415DRMK,
2025-11-25T12:48:03,BROOT1G-0624,B07PJSQTC9,B07PJSQTC9,2MZDDT9Q,4,DEPARTED,"Bloom City Organic Root Stimulant, Salmon and Kelp Formula, Rich with Microbes and Mycorrhizae, Gallon (128 oz)",2,8,IUSR,FBA1942TXSM9,
2025-11-25T12:48:03,HPHERB1Q-FBA-UPC-0123,B0BRTJC59Q,B0BRTJC59Q,2MZDDT9Q,12,DEPARTED,"Herb Plant Food for All Edible Herbs, Leafy Greens and Veggies, Liquid Houseplant Fertilizer, 32 oz (1 Quart)",1,12,IUSR,FBA1942TY99R,
2025-11-25T12:48:03,MYCO6OZ-0524,B0D2YCJGFW,B0D2YCJGFW,2MZDDT9Q,40,DEPARTED,"TPS NUTRIENTS Mycorrhizal Fungi for Plants, Mycos for Transplanting and for Established Plants, Contains Mycorrhizae and Soil Probiotics (6 Ounces)",1,40,IUSR,FBA1942TJWXM,
2025-11-25T12:48:03,TPS-PINEAPPLEFERT-QUART,B0FLWTCJZP,B0FLWTCJZP,2MZDDT9Q,12,DEPARTED,"Pineapple Fertilizer for Pineapple Plants, Supports Fruit Production and Indoor/Outdoor Success, Liquid Fertilizer by TPS Plant Foods, 32 oz (1 Quart)",1,12,IUSR,FBA1942TY99R,
2025-11-25T13:05:07,BKELP1Q-0224,B073ZNW8MX,B073ZNW8MX,2MZDDT9Q,12,DEPARTED,"Bloom City Organic Liquid Seaweed and Kelp Fertilizer Supplement, Quart (32 oz) Concentrated Makes 180 Gallons",1,12,IUSR,FBA1942TY99R,
2025-11-25T13:05:07,HPHERB8OZ-FBA-UPC-0123,B0BRTK1P8Y,B0BRTK1P8Y,2MZDDT9Q,60,DEPARTED,"Herb Plant Food for All Edible Herbs, Leafy Greens and Veggies, Liquid Houseplant Fertilizer 8 oz (250mL)",2,120,IUSR,FBA1942TY99R,
2025-11-25T13:05:07,MANGOTREE1G-FBA-UPC-1123,B0CPGNM4GM,B0CPGNM4GM,2MZDDT9Q,4,DEPARTED,"Mango Tree Fertilizer for All Mangoes and Anacardiaceae Trees, Liquid Plant Food 1 Gallon (128oz)",1,4,IUSR,FBA1942RPD3J,
2025-11-25T13:05:07,TPS-STAUGUSTINEGRASSFERT-QUART,B0FM4PK6H9,B0FM4PK6H9,2MZDDT9Q,12,DEPARTED,"St Augustine Grass Fertilizer, Complete Plant Food for Saint Augustine Grass, Liquid Fertilizer by TPS Plant Foods, 32 oz (1 Quart)",1,12,IUSR,FBA1942TNBQL,
2025-11-25T13:05:07,TREERS6OZ-0524,B0D2Z34SR1,B0D2Z34SR1,2MZDDT9Q,40,DEPARTED,"TPS NUTRIENTS Root Stimulator for Trees, Great for Transplanting and Established Tree Roots, Soil Probiotics Including Mycorrhizae, Bacteria and Trichoderma (6 Ounces)",1,40,IUSR,FBA1942V7426,
2025-11-25T13:05:07,TRICH6OZ-0524,B0D2ZJ9LTS,B0D2ZJ9LTS,2MZDDT9Q,40,DEPARTED,"TPS NUTRIENTS Trichoderma for Plants, Great for Transplanting and Established Plants, Also Includes Soil Probiotics Mycorrhizae and Bacteria (6 Ounces)",4,160,IUSR,FBA1942V7426,
2025-11-25T13:12:11,BKELP1Q-0224,B073ZNW8MX,B073ZNW8MX,2MZDDT9Q,12,DEPARTED,"Bloom City Organic Liquid Seaweed and Kelp Fertilizer Supplement, Quart (32 oz) Concentrated Makes 180 Gallons",2,24,IUSR,FBA1942W34F8,
2025-11-25T13:12:11,HPFIG8OZ-FBA-UPC-0123,B0BRTJGR33,B0BRTJGR33,2MZDDT9Q,60,DEPARTED,"Fiddle Leaf Fig Plant Food for All Fig and Other Ficus Trees, Liquid Houseplant Fertilizer 8 oz (250mL)",1,60,IUSR,FBA1942W34F8,
2025-11-25T13:12:11,HPHERB8OZ-FBA-UPC-0123,B0BRTK1P8Y,B0BRTK1P8Y,2MZDDT9Q,60,DEPARTED,"Herb Plant Food for All Edible Herbs, Leafy Greens and Veggies, Liquid Houseplant Fertilizer 8 oz (250mL)",1,60,IUSR,FBA1942W34F8,
2025-11-25T13:12:11,LEMON8OZ-FBA-UPC-0523,B0C73SNJCH,B0C73SNJCH,2MZDDT9Q,60,DEPARTED,"Lemon Tree Fertilizer, Complete Lemon Tree Plant Food, 8 oz (250mL)",1,60,IUSR,FBA1942TQ3KL,
2025-11-25T13:12:11,LIMETREE8OZ-FBA-UPC-1123,B0CPG8WFCX,B0CPG8WFCX,2MZDDT9Q,60,DEPARTED,"Lime Tree Fertilizer for All Lime and Citrus Trees, Liquid Plant Food 8 oz (250mL)",1,60,IUSR,FBA1942TQ3KL,
2025-11-25T13:12:11,LIMETREE8OZ-FBA-UPC-1123,B0CPG8WFCX,B0CPG8WFCX,2MZDDT9Q,60,DEPARTED,"Lime Tree Fertilizer for All Lime and Citrus Trees, Liquid Plant Food 8 oz (250mL)",1,60,IUSR,FBA1942W34F8,
2025-11-25T13:12:11,SUPPPHOS8OZ,B0D4JHC68M,B0D4JHC68M,2MZDDT9Q,60,DEPARTED,"TPS NUTRIENTS Phosphorus Fertilizer for Plants, Boosts Rooting, Growth, Blooming and Flowering, Liquid Plant Food 8 oz (250mL)",2,120,IUSR,FBA1942TR5Z2,
2025-11-25T13:12:11,TPS-BUSHFERT-QUART,B0FKMDJGGW,B0FKMDJGGW,2MZDDT9Q,12,DEPARTED,"Bush Fertilizer for Bushes, Great for Flowering, Evergreen, Fruit Bearing, and Wild Shrubs, Liquid Fertilizer by TPS Plant Foods, 32 oz (1 Quart)",1,12,IUSR,FBA1942V9NC9,
2025-11-25T13:12:11,TPS-STAUGUSTINEGRASSFERT-QUART,B0FM4PK6H9,B0FM4PK6H9,2MZDDT9Q,12,DEPARTED,"St Augustine Grass Fertilizer, Complete Plant Food for Saint Augustine Grass, Liquid Fertilizer by TPS Plant Foods, 32 oz (1 Quart)",1,12,IUSR,FBA1942SP04J,
2025-11-25T13:12:11,TPSSIG1Q-FBA-UPC-0323,B07CWQBNMS,B07CWQBNMS,2MZDDT9Q,12,DEPARTED,"Signal Terpene Enhancer Plant Nutrient and Supplement, Flower Hardener and Increases Flavor by TPS Nutrients, 1 Quart (32 oz)",1,12,IUSR,FBA1942W34F8,
2025-11-25T13:52:15,AIRPLANT8OZ-FBA-UPC-0523,B0C6R6KQSZ,B0C6R6KQSZ,2MZDDT9Q,60,DEPARTED,"TPS NUTRIENTS Air Plant Fertilizer for All Tillandsia Air Plants, Use As Foliar Spray or for Soaking, Liquid Plant Food 8 oz (250mL)",1,60,IUSR,FBA1942W520C,
2025-11-25T13:52:15,BKELP1Q-0224,B073ZNW8MX,B073ZNW8MX,2MZDDT9Q,12,DEPARTED,"Bloom City Organic Liquid Seaweed and Kelp Fertilizer Supplement, Quart (32 oz) Concentrated Makes 180 Gallons",5,60,IUSR,FBA1942W520C,
2025-11-25T13:52:15,BROOT1G-0624,B07PJSQTC9,B07PJSQTC9,2MZDDT9Q,4,DEPARTED,"Bloom City Organic Root Stimulant, Salmon and Kelp Formula, Rich with Microbes and Mycorrhizae, Gallon (128 oz)",1,4,IUSR,FBA1942V57PJ,
2025-11-25T13:52:15,GRANLEMON6OZ,B0D4GWWM4P,B0D4GWWM4P,2MZDDT9Q,40,DEPARTED,"Organic Lemon Tree Fertilizer, Slow Release Dry Granular Fertilizer for Lemon and Citrus Trees 6 oz (6 Ounces)",1,40,IUSR,FBA1942SWH0M,
2025-11-25T13:52:15,HPFIG8OZ-FBA-UPC-0123,B0BRTJGR33,B0BRTJGR33,2MZDDT9Q,60,DEPARTED,"Fiddle Leaf Fig Plant Food for All Fig and Other Ficus Trees, Liquid Houseplant Fertilizer 8 oz (250mL)",2,120,IUSR,FBA1942W520C,
2025-11-25T13:52:15,HPMONST1G-FBA-UPC-0523,B0C6K2PMKL,B0C6K2PMKL,2MZDDT9Q,4,DEPARTED,"Plant Food for Monsteras and Philodendrons, Tropical Houseplant Liquid Fertilizer, 1 Gallon (128 oz)",1,4,IUSR,FBA1942TPGLW,
2025-11-25T13:52:15,HPMONST1G-FBA-UPC-0523,B0C6K2PMKL,B0C6K2PMKL,2MZDDT9Q,4,DEPARTED,"Plant Food for Monsteras and Philodendrons, Tropical Houseplant Liquid Fertilizer, 1 Gallon (128 oz)",2,8,IUSR,FBA1942W520C,
2025-11-25T13:52:15,HPORCHID8OZ-FBA-UPC-0123,B0BRTJBFP7,B0BRTJBFP7,2MZDDT9Q,60,DEPARTED,"Orchid Plant Food for All Orchids and Acid Loving Houseplants, Promotes Growth and Blooms, Liquid Fertilizer 8 oz (250mL)",4,240,IUSR,FBA1942W520C,
2025-11-25T13:52:15,LEMON8OZ-FBA-UPC-0523,B0C73SNJCH,B0C73SNJCH,2MZDDT9Q,60,DEPARTED,"Lemon Tree Fertilizer, Complete Lemon Tree Plant Food, 8 oz (250mL)",1,60,IUSR,FBA1942W520C,
2025-11-25T13:52:15,LIMETREE8OZ-FBA-UPC-1123,B0CPG8WFCX,B0CPG8WFCX,2MZDDT9Q,60,DEPARTED,"Lime Tree Fertilizer for All Lime and Citrus Trees, Liquid Plant Food 8 oz (250mL)",1,60,IUSR,FBA1942W520C,
2025-11-25T13:52:15,LIQUIDPF8OZ-FBA-UPC-0123,B0BRTKV4TC,B0BRTKV4TC,2MZDDT9Q,60,DEPARTED,"Liquid Plant Food for use in AeroGarden, IDOO and Hydroponic Growing Systems, Liquid Fertilizer 8 oz (250mL)",2,120,IUSR,FBA1942W520C,
2025-11-25T13:52:15,MANGOTREE1G-FBA-UPC-1123,B0CPGNM4GM,B0CPGNM4GM,2MZDDT9Q,4,DEPARTED,"Mango Tree Fertilizer for All Mangoes and Anacardiaceae Trees, Liquid Plant Food 1 Gallon (128oz)",2,8,IUSR,FBA1942T550Z,
2025-11-25T13:52:15,MANGOTREE1G-FBA-UPC-1123,B0CPGNM4GM,B0CPGNM4GM,2MZDDT9Q,4,DEPARTED,"Mango Tree Fertilizer for All Mangoes and Anacardiaceae Trees, Liquid Plant Food 1 Gallon (128oz)",1,4,IUSR,FBA1942TFLST,
2025-11-25T13:52:15,MYCO6OZ-0524,B0D2YCJGFW,B0D2YCJGFW,2MZDDT9Q,40,DEPARTED,"TPS NUTRIENTS Mycorrhizal Fungi for Plants, Mycos for Transplanting and for Established Plants, Contains Mycorrhizae and Soil Probiotics (6 Ounces)",1,40,IUSR,FBA1942S82TV,
2025-11-25T13:52:15,RBOOSTER6OZ-0524,B0D2ZMGQ6W,B0D2ZMGQ6W,2MZDDT9Q,40,DEPARTED,"TPS NUTRIENTS Root Booster for Plants, Soil Probiotics Including Bacteria, Mycos, and Trichoderma for Transplanting and Established Plants (6 Ounces)",1,40,IUSR,FBA1942W520C,
2025-11-25T13:52:15,SNAKE8OZ-FBA-UPC-0523,B0C6Q69C7K,B0C6Q69C7K,2MZDDT9Q,60,DEPARTED,"Snake Plant Fertilizer for Snake Plants and All Sansevieria, 8 oz (250mL)",1,60,IUSR,FBA1942W520C,
2025-11-25T13:52:15,SUPPSULF1G,B0D4JHTRRQ,B0D4JHTRRQ,2MZDDT9Q,4,DEPARTED,"Sulfur Fertilizer for Plants, Micronutrient Sulfur for Boosted Growth and Flowering, Liquid Plant Food 128 oz (1 Gallon)",1,4,IUSR,FBA1942SYX5Y,
2025-11-25T13:52:15,SUPPSULF1G,B0D4JHTRRQ,B0D4JHTRRQ,2MZDDT9Q,4,DEPARTED,"Sulfur Fertilizer for Plants, Micronutrient Sulfur for Boosted Growth and Flowering, Liquid Plant Food 128 oz (1 Gallon)",1,4,IUSR,FBA1942TSXB8,
2025-11-25T13:52:15,TPS-BLACKBERRYFERT-QUART,B0FKLTTYDQ,B0FKLTTYDQ,2MZDDT9Q,12,DEPARTED,"BlackBerry Fertilizer for BlackBerry Plants, Supports Healthy Growth and Plump Berries in BlackBerry Plants, Liquid Fertilizer by TPS Plant Foods, 32 oz (1 Quart)",1,12,IUSR,FBA1942T3YJD,
2025-11-25T13:52:15,TPS-GARLICFERTILIZER-QUART,B0DQRBFT4K,B0DQRBFT4K,2MZDDT9Q,12,DEPARTED,"Garlic Fertilizer, Complete Liquid Garlic and All Allium Varieties Plant Food, 32 oz (1 Quart)",1,12,IUSR,FBA1942W520C,
2025-11-25T13:52:15,TPS-PEARTREEFERT-1GALLON,B0FKLY3KWZ,B0FKLY3KWZ,2MZDDT9Q,4,DEPARTED,"Pear Tree Fertilizer for Pear Trees, Also Great for Apple and Quince Trees, Liquid Fertilizer by TPS Plant Foods, 1 Gallon (128 oz)",1,4,IUSR,FBA1942SY1XR,
2025-11-25T13:52:15,TPS-PECANTREEFERT-8OZ,B0FKM1D4D2,B0FKM1D4D2,2MZDDT9Q,60,DEPARTED,"Pecan Tree Fertilizer for Pecan Trees, Supports Strong Growth and Hearty Nuts in All Varieities of Nut Trees, Liquid Fertilizer by TPS Plant Foods, 8 oz (250mL)",1,60,IUSR,FBA1942SY1XR,
2025-11-25T13:52:15,TPS-PINEAPPLEFERT-QUART,B0FLWTCJZP,B0FLWTCJZP,2MZDDT9Q,12,DEPARTED,"Pineapple Fertilizer for Pineapple Plants, Supports Fruit Production and Indoor/Outdoor Success, Liquid Fertilizer by TPS Plant Foods, 32 oz (1 Quart)",1,12,IUSR,FBA1942W520C,
2025-11-25T13:52:15,TPS-SPRUCETREEFERT-1GAL,B0FKM246S1,B0FKM246S1,2MZDDT9Q,4,DEPARTED,"Spruce Tree Fertilizer for Spruce Trees, Great for White Spruce, Blue Spruce, and Norway Spruce, Liquid Fertilizer by TPS Plant Foods, 1 Gallon (128 oz)",1,4,IUSR,FBA1942SY1XR,
2025-11-25T13:52:15,TPS-STAUGUSTINEGRASSFERT-1GALLON,B0FM62ZB8N,B0FM62ZB8N,2MZDDT9Q,4,DEPARTED,"St Augustine Grass Fertilizer, Complete Plant Food for Saint Augustine Grass, Liquid Fertilizer by TPS Plant Foods, 1 Gallon (128 oz)",3,12,IUSR,FBA1942T1JL5,
2025-11-25T13:52:15,TPS-THUJAGREENGIANT-1GALLON,B0FKMTVCRG,B0FKMTVCRG,2MZDDT9Q,4,DEPARTED,"Thuja Green Giant Fertilizer, Vigorous Growth for Thuja Green Giant and Other Arborvitae Varieties, Liquid Fertilizer by TPS Plant Foods, 1 Gallon (128 oz)",1,4,IUSR,FBA1942W520C,
2025-11-25T13:52:15,TPS-ZOYSIAGRASSFERT-1GAL,B0FM3DJVXY,B0FM3DJVXY,2MZDDT9Q,4,DEPARTED,"Zoysia Grass Fertilizer for Zoysia Grass, Great for Zenith, Emerald, and Zeon Varieties, Liquid Fertilizer by TPS Plant Foods, 1 Gallon (128 oz)",2,8,IUSR,FBA1942T6RSK,
2025-11-25T13:52:15,TPSROOTB1G,B07CWNRS9C,B07CWNRS9C,2MZDDT9Q,4,DEPARTED,"TPS NUTRIENTS Root Boost Advanced Rooting Formula for Living Soil and White Roots, Plus Microbes, 1 Gallon (128 oz)",1,4,IUSR,FBA1942VL9W5,
2025-11-25T13:52:15,TPSSIG1G-FBA-UPC-0523,B07CWQ2V2G,B07CWQ2V2G,2MZDDT9Q,4,DEPARTED,"TPS NUTRIENTS Signal Terpene Enhancer Plant Nutrient and Supplement, Flower Hardener and Increases Flavor, 1 Gallon (128 oz)",4,16,IUSR,FBA1942W520C,
2025-11-25T13:52:15,TPSSIG1Q-FBA-UPC-0323,B07CWQBNMS,B07CWQBNMS,2MZDDT9Q,12,DEPARTED,"Signal Terpene Enhancer Plant Nutrient and Supplement, Flower Hardener and Increases Flavor by TPS Nutrients, 1 Quart (32 oz)",1,12,IUSR,FBA1942W520C,
2025-11-25T13:52:15,TPSSIL1Q,B07CX36LW8,B07CX36LW8,2MZDDT9Q,12,DEPARTED,TPS NUTRIENTS Silica Gold Plant Strength Nutrient and Supplement with Bioavailable Silicon 1 Quart (32 oz),13,156,IUSR,FBA1942W520C,
2025-11-25T13:52:15,TREERS6OZ-0524,B0D2Z34SR1,B0D2Z34SR1,2MZDDT9Q,40,DEPARTED,"TPS NUTRIENTS Root Stimulator for Trees, Great for Transplanting and Established Tree Roots, Soil Probiotics Including Mycorrhizae, Bacteria and Trichoderma (6 Ounces)",2,80,IUSR,FBA1942SWH0M,
2025-11-25T13:52:15,TRICH6OZ-0524,B0D2ZJ9LTS,B0D2ZJ9LTS,2MZDDT9Q,40,DEPARTED,"TPS NUTRIENTS Trichoderma for Plants, Great for Transplanting and Established Plants, Also Includes Soil Probiotics Mycorrhizae and Bacteria (6 Ounces)",1,40,IUSR,FBA1942SWH0M,
2025-11-25T13:52:15,XMASCACTUS1Q-FBA-UPC-1123,B0CPGFXPYW,B0CPGFXPYW,2MZDDT9Q,12,DEPARTED,"TPS NUTRIENTS Christmas Cactus Fertilizer for All Christmas Cacti and Schlumbergera Cacti, Liquid Plant Food, 32 oz (1 Quart)",1,12,IUSR,FBA1942T550Z,
2025-11-25T14:36:58,TPSBASEAB1G,B07CWPKH72,B07CWPKH72,2MZDDT9Q,2,DEPARTED,"TPS Base A+B Two Part Set Complete Plant Growing Nutrient Formula for All Plants, for Both Soil and Hydro, Gallon Set (2 x 128 oz)",1,2,IUSR,FBA1942SG9Y9,
2025-11-25T14:36:58,TPSBASEAB1G,B07CWPKH72,B07CWPKH72,2MZDDT9Q,2,DEPARTED,"TPS Base A+B Two Part Set Complete Plant Growing Nutrient Formula for All Plants, for Both Soil and Hydro, Gallon Set (2 x 128 oz)",4,8,IUSR,FBA1942VWQS6,
2025-11-25T14:36:58,TPSBASEAB1G,B07CWPKH72,B07CWPKH72,2MZDDT9Q,2,DEPARTED,"TPS Base A+B Two Part Set Complete Plant Growing Nutrient Formula for All Plants, for Both Soil and Hydro, Gallon Set (2 x 128 oz)",4,8,IUSR,FBA1942WD2B4,
2025-11-25T14:36:58,TPSBASEAB1G,B07CWPKH72,B07CWPKH72,2MZDDT9Q,2,DEPARTED,"TPS Base A+B Two Part Set Complete Plant Growing Nutrient Formula for All Plants, for Both Soil and Hydro, Gallon Set (2 x 128 oz)",4,8,IUSR,FBA1942X72H3,
2025-11-25T17:16:48,HPFIG8OZ-FBA-UPC-0123,B0BRTJGR33,B0BRTJGR33,2MZDDT9Q,60,DEPARTED,"Fiddle Leaf Fig Plant Food for All Fig and Other Ficus Trees, Liquid Houseplant Fertilizer 8 oz (250mL)",2,120,IUSR,FBA1942WQFR0,
2025-11-25T17:16:48,HPHERB1Q-FBA-UPC-0123,B0BRTJC59Q,B0BRTJC59Q,2MZDDT9Q,12,DEPARTED,"Herb Plant Food for All Edible Herbs, Leafy Greens and Veggies, Liquid Houseplant Fertilizer, 32 oz (1 Quart)",1,12,IUSR,FBA1942WQFR0,
2025-11-25T17:16:48,TPS-PINEAPPLEFERT-QUART,B0FLWTCJZP,B0FLWTCJZP,2MZDDT9Q,12,DEPARTED,"Pineapple Fertilizer for Pineapple Plants, Supports Fruit Production and Indoor/Outdoor Success, Liquid Fertilizer by TPS Plant Foods, 32 oz (1 Quart)",1,12,IUSR,FBA1942WQFR0,
2025-11-25T17:42:46,BSALMON8OZ-0224,B08JHDKVHC,B08JHDKVHC,2MZDDT9Q,60,DEPARTED,"Bloom City Organic Wild Fish Fertilizer and Plant Supplement, Great for Roots and Soil, Made from Sustainable Salmon, 1/2 Pint (8 oz)",1,60,IUSR,FBA1942V57PJ,
2025-11-25T17:42:46,TPS-BUSHFERT-QUART,B0FKMDJGGW,B0FKMDJGGW,2MZDDT9Q,12,DEPARTED,"Bush Fertilizer for Bushes, Great for Flowering, Evergreen, Fruit Bearing, and Wild Shrubs, Liquid Fertilizer by TPS Plant Foods, 32 oz (1 Quart)",1,12,IUSR,FBA1942T6RSK,
2025-11-25T17:42:46,TPS-JUNIPERFERT-1GALLON,B0FKLVCSS3,B0FKLVCSS3,2MZDDT9Q,4,DEPARTED,"Juniper Fertilizer for Juniper Trees, Great for All Varieities Including Creeping, Common, and Chinese, Liquid Fertilizer by TPS Plant Foods, 1 Gallon (128 oz)",1,4,IUSR,FBA1942T3YJD,
2025-11-25T17:42:46,TPS-STAUGUSTINEGRASSFERT-1GALLON,B0FM62ZB8N,B0FM62ZB8N,2MZDDT9Q,4,DEPARTED,"St Augustine Grass Fertilizer, Complete Plant Food for Saint Augustine Grass, Liquid Fertilizer by TPS Plant Foods, 1 Gallon (128 oz)",6,24,IUSR,FBA1942T1JL5,
2025-11-25T17:42:46,TPS-ZOYSIAGRASSFERT-1GAL,B0FM3DJVXY,B0FM3DJVXY,2MZDDT9Q,4,DEPARTED,"Zoysia Grass Fertilizer for Zoysia Grass, Great for Zenith, Emerald, and Zeon Varieties, Liquid Fertilizer by TPS Plant Foods, 1 Gallon (128 oz)",3,12,IUSR,FBA1942T6RSK,
2025-11-25T19:05:59,BKELP1Q-0224,B073ZNW8MX,B073ZNW8MX,2MZDDT9Q,12,DEPARTED,"Bloom City Organic Liquid Seaweed and Kelp Fertilizer Supplement, Quart (32 oz) Concentrated Makes 180 Gallons",3,36,IUSR,FBA1942W34F8,
2025-11-25T19:05:59,BROOT1G-0624,B07PJSQTC9,B07PJSQTC9,2MZDDT9Q,4,DEPARTED,"Bloom City Organic Root Stimulant, Salmon and Kelp Formula, Rich with Microbes and Mycorrhizae, Gallon (128 oz)",1,4,IUSR,FBA1942V32FC,
2025-11-25T19:05:59,GRANLEMON6OZ,B0D4GWWM4P,B0D4GWWM4P,2MZDDT9Q,40,DEPARTED,"Organic Lemon Tree Fertilizer, Slow Release Dry Granular Fertilizer for Lemon and Citrus Trees 6 oz (6 Ounces)",1,40,IUSR,FBA1942TR5Z2,
2025-11-25T19:05:59,HPMONST1G-FBA-UPC-0523,B0C6K2PMKL,B0C6K2PMKL,2MZDDT9Q,4,DEPARTED,"Plant Food for Monsteras and Philodendrons, Tropical Houseplant Liquid Fertilizer, 1 Gallon (128 oz)",1,4,IUSR,FBA1942V16FY,
2025-11-25T19:05:59,HPMONST1G-FBA-UPC-0523,B0C6K2PMKL,B0C6K2PMKL,2MZDDT9Q,4,DEPARTED,"Plant Food for Monsteras and Philodendrons, Tropical Houseplant Liquid Fertilizer, 1 Gallon (128 oz)",1,4,IUSR,FBA1942W34F8,
2025-11-25T19:05:59,HPORCHID8OZ-FBA-UPC-0123,B0BRTJBFP7,B0BRTJBFP7,2MZDDT9Q,60,DEPARTED,"Orchid Plant Food for All Orchids and Acid Loving Houseplants, Promotes Growth and Blooms, Liquid Fertilizer 8 oz (250mL)",1,60,IUSR,FBA1942V32FC,
2025-11-25T19:05:59,HPORCHID8OZ-FBA-UPC-0123,B0BRTJBFP7,B0BRTJBFP7,2MZDDT9Q,60,DEPARTED,"Orchid Plant Food for All Orchids and Acid Loving Houseplants, Promotes Growth and Blooms, Liquid Fertilizer 8 oz (250mL)",3,180,IUSR,FBA1942W34F8,
2025-11-25T19:05:59,LEMON8OZ-FBA-UPC-0523,B0C73SNJCH,B0C73SNJCH,2MZDDT9Q,60,DEPARTED,"Lemon Tree Fertilizer, Complete Lemon Tree Plant Food, 8 oz (250mL)",1,60,IUSR,FBA1942TQ3KL,
2025-11-25T19:05:59,LEMON8OZ-FBA-UPC-0523,B0C73SNJCH,B0C73SNJCH,2MZDDT9Q,60,DEPARTED,"Lemon Tree Fertilizer, Complete Lemon Tree Plant Food, 8 oz (250mL)",2,120,IUSR,FBA1942W34F8,
2025-11-25T19:05:59,MANGOTREE1G-FBA-UPC-1123,B0CPGNM4GM,B0CPGNM4GM,2MZDDT9Q,4,DEPARTED,"Mango Tree Fertilizer for All Mangoes and Anacardiaceae Trees, Liquid Plant Food 1 Gallon (128oz)",1,4,IUSR,FBA1942TQ3KL,
2025-11-25T19:05:59,RBOOSTER6OZ-0524,B0D2ZMGQ6W,B0D2ZMGQ6W,2MZDDT9Q,40,DEPARTED,"TPS NUTRIENTS Root Booster for Plants, Soil Probiotics Including Bacteria, Mycos, and Trichoderma for Transplanting and Established Plants (6 Ounces)",1,40,IUSR,FBA1942W34F8,
2025-11-25T19:05:59,SUPPSULF1G,B0D4JHTRRQ,B0D4JHTRRQ,2MZDDT9Q,4,DEPARTED,"Sulfur Fertilizer for Plants, Micronutrient Sulfur for Boosted Growth and Flowering, Liquid Plant Food 128 oz (1 Gallon)",2,8,IUSR,FBA1942TKJXM,
2025-11-25T19:05:59,TPS-AMARYLLISFERTILIZER-8OZ,B0FLWXQ5XY,B0FLWXQ5XY,2MZDDT9Q,60,DEPARTED,"Amaryllis Fertilizer for Amaryllis Bulbs, Great for Amaryllis Bulbs in Vase or for Planting, Liquid Fertilizer by TPS Plant Foods, 8 oz (250mL)",1,60,IUSR,FBA1942V9NC9,
2025-11-25T19:05:59,TPS-ELEPHANEART-8OZ,B0DPMD8SQ7,B0DPMD8SQ7,2MZDDT9Q,60,DEPARTED,"Elephant Ear Fertilizer, Complete Liquid Elephant Ear Plant Food, 8 oz (250mL)",1,60,IUSR,FBA1942TKJXM,
2025-11-25T19:05:59,TPS-ELEPHANEART-8OZ,B0DPMD8SQ7,B0DPMD8SQ7,2MZDDT9Q,60,DEPARTED,"Elephant Ear Fertilizer, Complete Liquid Elephant Ear Plant Food, 8 oz (250mL)",1,60,IUSR,FBA1942W34F8,
2025-11-25T19:05:59,TPS-GARLICFERTILIZER-QUART,B0DQRBFT4K,B0DQRBFT4K,2MZDDT9Q,12,DEPARTED,"Garlic Fertilizer, Complete Liquid Garlic and All Allium Varieties Plant Food, 32 oz (1 Quart)",1,12,IUSR,FBA1942W34F8,
2025-11-25T19:05:59,TPS-PINEAPPLEFERT-QUART,B0FLWTCJZP,B0FLWTCJZP,2MZDDT9Q,12,DEPARTED,"Pineapple Fertilizer for Pineapple Plants, Supports Fruit Production and Indoor/Outdoor Success, Liquid Fertilizer by TPS Plant Foods, 32 oz (1 Quart)",1,12,IUSR,FBA1942W34F8,
2025-11-25T19:05:59,TPSBILLIONS8OZ,B09P2JPHZ6,B09P2JPHZ6,2MZDDT9Q,40,DEPARTED,"TPS NUTRIENTS Billions Concentrated Microbial Root Enhancer, 100% Water-Soluble with Mycorrhizae, Bacteria and Trichoderma, 8 oz (1/2 Pound)",1,40,IUSR,FBA1942V32FC,
2025-11-25T19:05:59,TPSSIL1Q,B07CX36LW8,B07CX36LW8,2MZDDT9Q,12,DEPARTED,TPS NUTRIENTS Silica Gold Plant Strength Nutrient and Supplement with Bioavailable Silicon 1 Quart (32 oz),16,192,IUSR,FBA1942W34F8,
2025-11-25T19:05:59,TPSSIL8OZ-FBA-UPC-0124,B0CT6W7R81,B0CT6W7R81,2MZDDT9Q,60,DEPARTED,TPS NUTRIENTS Silica Gold Plant Strength Nutrient and Supplement with Bioavailable Silicon 8 oz (250mL),1,60,IUSR,FBA1942TWT08,
2025-11-25T19:05:59,TREERS6OZ-0524,B0D2Z34SR1,B0D2Z34SR1,2MZDDT9Q,40,DEPARTED,"TPS NUTRIENTS Root Stimulator for Trees, Great for Transplanting and Established Tree Roots, Soil Probiotics Including Mycorrhizae, Bacteria and Trichoderma (6 Ounces)",2,80,IUSR,FBA1942TR5Z2,
2025-11-25T19:18:24,LIQUIDPF8OZ-FBA-UPC-0123,B0BRTKV4TC,B0BRTKV4TC,2MZDDT9Q,60,DEPARTED,"Liquid Plant Food for use in AeroGarden, IDOO and Hydroponic Growing Systems, Liquid Fertilizer 8 oz (250mL)",2,120,IUSR,FBA1942TY99R,
2025-11-25T19:18:24,MANGOTREE1G-FBA-UPC-1123,B0CPGNM4GM,B0CPGNM4GM,2MZDDT9Q,4,DEPARTED,"Mango Tree Fertilizer for All Mangoes and Anacardiaceae Trees, Liquid Plant Food 1 Gallon (128oz)",1,4,IUSR,FBA1942RPD3J,
2025-11-25T19:18:24,XMASCACTUS1Q-FBA-UPC-1123,B0CPGFXPYW,B0CPGFXPYW,2MZDDT9Q,12,DEPARTED,"TPS NUTRIENTS Christmas Cactus Fertilizer for All Christmas Cacti and Schlumbergera Cacti, Liquid Plant Food, 32 oz (1 Quart)",1,12,IUSR,FBA1942RPD3J,
2025-11-25T19:40:40,AIRPLANT8OZ-FBA-UPC-0523,B0C6R6KQSZ,B0C6R6KQSZ,2MZDDT9Q,60,DEPARTED,"TPS NUTRIENTS Air Plant Fertilizer for All Tillandsia Air Plants, Use As Foliar Spray or for Soaking, Liquid Plant Food 8 oz (250mL)",2,120,IUSR,FBA1942TY99R,
2025-11-25T19:40:40,BKELP1Q-0224,B073ZNW8MX,B073ZNW8MX,2MZDDT9Q,12,DEPARTED,"Bloom City Organic Liquid Seaweed and Kelp Fertilizer Supplement, Quart (32 oz) Concentrated Makes 180 Gallons",12,144,IUSR,FBA1942TY99R,
2025-11-25T19:40:40,BSALMON8OZ-0224,B08JHDKVHC,B08JHDKVHC,2MZDDT9Q,60,DEPARTED,"Bloom City Organic Wild Fish Fertilizer and Plant Supplement, Great for Roots and Soil, Made from Sustainable Salmon, 1/2 Pint (8 oz)",1,60,IUSR,FBA1942TXSM9,
2025-11-25T19:40:40,GRANLEMON6OZ,B0D4GWWM4P,B0D4GWWM4P,2MZDDT9Q,40,DEPARTED,"Organic Lemon Tree Fertilizer, Slow Release Dry Granular Fertilizer for Lemon and Citrus Trees 6 oz (6 Ounces)",1,40,IUSR,FBA1942V7426,
2025-11-25T19:40:40,SNAKE8OZ-FBA-UPC-0523,B0C6Q69C7K,B0C6Q69C7K,2MZDDT9Q,60,DEPARTED,"Snake Plant Fertilizer for Snake Plants and All Sansevieria, 8 oz (250mL)",1,60,IUSR,FBA1942TY99R,
2025-11-25T19:40:40,SOILMIC6OZ-0524,B0D2YX6M41,B0D2YX6M41,2MZDDT9Q,40,DEPARTED,"TPS NUTRIENTS Soil Microbes for Nutrient Uptake and Successful Transplanting and Established Plants, Soil Probiotics Including Mycorrhizae, Bacteria and Trichoderma (6 Ounces)",1,40,IUSR,FBA1942TJWXM,
2025-11-25T19:40:40,TPS-AMARYLLISFERTILIZER-8OZ,B0FLWXQ5XY,B0FLWXQ5XY,2MZDDT9Q,60,DEPARTED,"Amaryllis Fertilizer for Amaryllis Bulbs, Great for Amaryllis Bulbs in Vase or for Planting, Liquid Fertilizer by TPS Plant Foods, 8 oz (250mL)",1,60,IUSR,FBA1942VVK60,
2025-11-25T19:40:40,TPS-JUNIPERFERT-1GALLON,B0FKLVCSS3,B0FKLVCSS3,2MZDDT9Q,4,DEPARTED,"Juniper Fertilizer for Juniper Trees, Great for All Varieities Including Creeping, Common, and Chinese, Liquid Fertilizer by TPS Plant Foods, 1 Gallon (128 oz)",2,8,IUSR,FBA1942V4HRK,
2025-11-25T19:40:40,TPS-SPRUCETREEFERT-1GAL,B0FKM246S1,B0FKM246S1,2MZDDT9Q,4,DEPARTED,"Spruce Tree Fertilizer for Spruce Trees, Great for White Spruce, Blue Spruce, and Norway Spruce, Liquid Fertilizer by TPS Plant Foods, 1 Gallon (128 oz)",1,4,IUSR,FBA1942V636G,
2025-11-25T19:40:40,TPS-THUJAGREENGIANT-1GALLON,B0FKMTVCRG,B0FKMTVCRG,2MZDDT9Q,4,DEPARTED,"Thuja Green Giant Fertilizer, Vigorous Growth for Thuja Green Giant and Other Arborvitae Varieties, Liquid Fertilizer by TPS Plant Foods, 1 Gallon (128 oz)",1,4,IUSR,FBA1942TY99R,
2025-11-25T19:40:40,TPSBILLIONS8OZ,B09P2JPHZ6,B09P2JPHZ6,2MZDDT9Q,40,DEPARTED,"TPS NUTRIENTS Billions Concentrated Microbial Root Enhancer, 100% Water-Soluble with Mycorrhizae, Bacteria and Trichoderma, 8 oz (1/2 Pound)",1,40,IUSR,FBA1942TXSM9,
2025-11-25T19:40:40,TPSROOTB1G,B07CWNRS9C,B07CWNRS9C,2MZDDT9Q,4,DEPARTED,"TPS NUTRIENTS Root Boost Advanced Rooting Formula for Living Soil and White Roots, Plus Microbes, 1 Gallon (128 oz)",1,4,IUSR,FBA1942SH6RW,
2025-11-25T19:40:40,TPSSIG1G-FBA-UPC-0523,B07CWQ2V2G,B07CWQ2V2G,2MZDDT9Q,4,DEPARTED,"TPS NUTRIENTS Signal Terpene Enhancer Plant Nutrient and Supplement, Flower Hardener and Increases Flavor, 1 Gallon (128 oz)",2,8,IUSR,FBA1942SH6RW,
2025-11-25T19:40:40,TPSSIL1Q,B07CX36LW8,B07CX36LW8,2MZDDT9Q,12,DEPARTED,TPS NUTRIENTS Silica Gold Plant Strength Nutrient and Supplement with Bioavailable Silicon 1 Quart (32 oz),7,84,IUSR,FBA1942SH6RW,
2025-11-25T19:40:40,TPSSIL1Q,B07CX36LW8,B07CX36LW8,2MZDDT9Q,12,DEPARTED,TPS NUTRIENTS Silica Gold Plant Strength Nutrient and Supplement with Bioavailable Silicon 1 Quart (32 oz),17,204,IUSR,FBA1942TY99R,
2025-11-25T19:40:40,TPSSIL8OZ-FBA-UPC-0124,B0CT6W7R81,B0CT6W7R81,2MZDDT9Q,60,DEPARTED,TPS NUTRIENTS Silica Gold Plant Strength Nutrient and Supplement with Bioavailable Silicon 8 oz (250mL),1,60,IUSR,FBA1942TJWXM,
2025-11-25T19:54:26,LIQUIDPF8OZ-FBA-UPC-0123,B0BRTKV4TC,B0BRTKV4TC,2MZDDT9Q,60,DEPARTED,"Liquid Plant Food for use in AeroGarden, IDOO and Hydroponic Growing Systems, Liquid Fertilizer 8 oz (250mL)",6,360,IUSR,FBA1942V7SX0,
2025-11-25T19:54:26,TPSSIG1G-FBA-UPC-0523,B07CWQ2V2G,B07CWQ2V2G,2MZDDT9Q,4,DEPARTED,"TPS NUTRIENTS Signal Terpene Enhancer Plant Nutrient and Supplement, Flower Hardener and Increases Flavor, 1 Gallon (128 oz)",5,20,IUSR,FBA1942WQFR0,
2025-11-25T20:32:52,TPSCMC1G-FBA-UPC-0323,B01MTCXHIQ,B01MTCXHIQ,6FE2FM6Y,4,DEPARTED,"TPS NUTRIENTS Cal-Mag Complete, Calcium Magnesium Iron and Micronutrients Fertilizer and Supplement, 1 Gallon (128 oz)",1,4,IUST,FBA19415F9GH,
2025-11-23T14:03:14,TPSCMC1G-FBA-UPC-0323,B01MTCXHIQ,B01MTCXHIQ,5JT732XW,4,DEPARTED,"TPS NUTRIENTS Cal-Mag Complete, Calcium Magnesium Iron and Micronutrients Fertilizer and Supplement, 1 Gallon (128 oz)",1,4,IUST,FBA19415YCX3,
2025-11-23T14:35:05,TPSCMC1G-FBA-UPC-0323,B01MTCXHIQ,B01MTCXHIQ,6FE2FM6Y,4,DEPARTED,"TPS NUTRIENTS Cal-Mag Complete, Calcium Magnesium Iron and Micronutrients Fertilizer and Supplement, 1 Gallon (128 oz)",1,4,IUST,FBA19416KR0B,
2025-11-23T17:41:03,AIRPLANT8OZ-FBA-UPC-0523,B0C6R6KQSZ,B0C6R6KQSZ,2MZDDT9Q,60,RECEIVED,"TPS NUTRIENTS Air Plant Fertilizer for All Tillandsia Air Plants, Use As Foliar Spray or for Soaking, Liquid Plant Food 8 oz (250mL)",11,660,IUSR,STAR-TRKMFWTRNYWRY,
2025-11-23T17:41:03,BACIDLOVING1G-0224,B0BZB814JM,B0BZB814JM,2MZDDT9Q,4,RECEIVED,"Bloom City's Acid-Loving Plant Fertilizer - Soil Acidifier - for All Acid Loving Plants, Gallon (128 oz)",25,100,IUSR,STAR-TRKMFWTRNYWRY,2027-11-13
2025-11-23T17:41:03,BHUMIC1G-0224,B077SXRN15,B077SXRN15,2MZDDT9Q,4,RECEIVED,"Organic Liquid Humic Soil Health Formula, Great for Houseplants, Gardens and Lawns, by Bloom City, Gallon (128 oz) Concentrated Makes 120+ Gallons",30,120,IUSR,STAR-TRKMFWTRNYWRY,
2025-11-23T17:41:03,BHUMIC1Q-1224,B077SXQ1QT,B077SXQ1QT,2MZDDT9Q,12,RECEIVED,"Bloom City Organic Liquid Humic Soil Health Formula, Great for Houseplants, Gardens and Lawns, Quart (32 oz) Concentrated Makes 30+ Gallons",18,216,IUSR,STAR-TRKMFWTRNYWRY,
2025-11-23T17:41:03,BKELP1Q-0224,B073ZNW8MX,B073ZNW8MX,2MZDDT9Q,12,RECEIVED,"Bloom City Organic Liquid Seaweed and Kelp Fertilizer Supplement, Quart (32 oz) Concentrated Makes 180 Gallons",74,888,IUSR,STAR-TRKMFWTRNYWRY,
2025-11-23T17:41:03,BNITROGEN1Q-0224,B0BZB82KM5,B0BZB82KM5,2MZDDT9Q,12,RECEIVED,"Bloom City's Organic Nitrogen - Liquid Fertilizer for Lawns - Nitrogen Fertilizer for Lawns & Gardens, Quart (32 oz)",4,48,IUSR,STAR-TRKMFWTRNYWRY,
2025-11-23T17:41:03,BONSAI1G-FBA-UPC-0523,B0C6R9RTRS,B0C6R9RTRS,2MZDDT9Q,4,RECEIVED,"Bonsai Fertilizer for All Bonsai Trees, Great for Root Soaks, Liquid Plant Food 1 Gallon (128 oz)",2,8,IUSR,STAR-TRKMFWTRNYWRY,
2025-11-23T17:41:03,BONSAI8OZ-FBA-UPC-0523,B0C6R56WK1,B0C6R56WK1,2MZDDT9Q,60,RECEIVED,"Bonsai Fertilizer, Liquid Plant Food for Healthy Growth & Strong Roots in All Bonsai Trees, by TPS Plant Foods, 8 oz (250 mL)",17,1020,IUSR,STAR-TRKMFWTRNYWRY,
2025-11-23T17:41:03,BOP8OZ-FBA-UPC-1123,B0CPGSSJCB,B0CPGSSJCB,2MZDDT9Q,60,RECEIVED,"TPS NUTRIENTS Bird of Paradise Fertilizer for All Strelitzia Plants, Liquid Plant Food 8 oz (250mL)",3,180,IUSR,STAR-TRKMFWTRNYWRY,
2025-11-23T17:41:03,BROOT1G-0624,B07PJSQTC9,B07PJSQTC9,2MZDDT9Q,4,RECEIVED,"Bloom City Organic Root Stimulant, Salmon and Kelp Formula, Rich with Microbes and Mycorrhizae, Gallon (128 oz)",13,52,IUSR,STAR-TRKMFWTRNYWRY,
2025-11-23T17:41:03,BSALMON8OZ-0224,B08JHDKVHC,B08JHDKVHC,2MZDDT9Q,60,RECEIVED,"Bloom City Organic Wild Fish Fertilizer and Plant Supplement, Great for Roots and Soil, Made from Sustainable Salmon, 1/2 Pint (8 oz)",5,300,IUSR,STAR-TRKMFWTRNYWRY,
2025-11-23T17:41:03,FICUSTREE8OZ-FBA-UPC-1123,B0CPFZ9H6G,B0CPFZ9H6G,2MZDDT9Q,60,RECEIVED,"TPS NUTRIENTS Ficus Tree Fertilizer for All Ficus, Fig and Moraceae Plants, Liquid Plant Food 8 oz (250mL)",2,120,IUSR,STAR-TRKMFWTRNYWRY,
2025-11-23T17:41:03,GARDENIA8OZ-FBA-UPC-0523,B0C6Q5F2HR,B0C6Q5F2HR,2MZDDT9Q,60,RECEIVED,"Gardenia Fertilizer for Gardenias, Camellia and Rhododendron Plants, Flowering Liquid Plant Food 8 oz (250mL)",16,960,IUSR,STAR-TRKMFWTRNYWRY,
2025-11-23T17:41:03,GRANKELP6OZ,B0D4GCD83N,B0D4GCD83N,2MZDDT9Q,40,RECEIVED,"Organic Kelp Meal Fertilizer, Dry Seaweed Granular for Plants and Gardening 6 oz (6 Ounces)",1,40,IUSR,STAR-TRKMFWTRNYWRY,
2025-11-23T17:41:03,GRANLEMON6OZ,B0D4GWWM4P,B0D4GWWM4P,2MZDDT9Q,40,RECEIVED,"Organic Lemon Tree Fertilizer, Slow Release Dry Granular Fertilizer for Lemon and Citrus Trees 6 oz (6 Ounces)",5,200,IUSR,STAR-TRKMFWTRNYWRY,
2025-11-23T17:41:03,HIBISCUS8OZ-FBA-UPC-0523,B0C73RDD6N,B0C73RDD6N,2MZDDT9Q,60,RECEIVED,"Hibiscus Fertilizer for Tropical and Flowering Plants, Liquid Plant Food 8 oz (250mL)",4,240,IUSR,STAR-TRKMFWTRNYWRY,
2025-11-23T17:41:03,HPFIG1G-FBA-UPC-0523,B0C6JZZH97,B0C6JZZH97,2MZDDT9Q,4,RECEIVED,"Fiddle Leaf Fig Plant Food for All Fig and Other Ficus Trees, Liquid Houseplant Fertilizer, 1 Gallon (128 oz)",2,8,IUSR,STAR-TRKMFWTRNYWRY,
2025-11-23T17:41:03,HPFIG1Q-FBA-UPC-0123,B0BRTJJ987,B0BRTJJ987,2MZDDT9Q,12,RECEIVED,"Fiddle Leaf Fig Plant Food for All Fig and Other Ficus Trees, Liquid Houseplant Fertilizer, 32 oz (1 Quart)",16,192,IUSR,STAR-TRKMFWTRNYWRY,
2025-11-23T17:41:03,HPFIG8OZ-FBA-UPC-0123,B0BRTJGR33,B0BRTJGR33,2MZDDT9Q,60,RECEIVED,"Fiddle Leaf Fig Plant Food for All Fig and Other Ficus Trees, Liquid Houseplant Fertilizer 8 oz (250mL)",10,600,IUSR,STAR-TRKMFWTRNYWRY,
2025-11-23T17:41:03,HPHERB1Q-FBA-UPC-0123,B0BRTJC59Q,B0BRTJC59Q,2MZDDT9Q,12,RECEIVED,"Herb Plant Food for All Edible Herbs, Leafy Greens and Veggies, Liquid Houseplant Fertilizer, 32 oz (1 Quart)",4,48,IUSR,STAR-TRKMFWTRNYWRY,
2025-11-23T17:41:03,HPHERB8OZ-FBA-UPC-0123,B0BRTK1P8Y,B0BRTK1P8Y,2MZDDT9Q,60,RECEIVED,"Herb Plant Food for All Edible Herbs, Leafy Greens and Veggies, Liquid Houseplant Fertilizer 8 oz (250mL)",14,840,IUSR,STAR-TRKMFWTRNYWRY,
2025-11-23T17:41:03,HPMONST1G-FBA-UPC-0523,B0C6K2PMKL,B0C6K2PMKL,2MZDDT9Q,4,RECEIVED,"Plant Food for Monsteras and Philodendrons, Tropical Houseplant Liquid Fertilizer, 1 Gallon (128 oz)",15,60,IUSR,STAR-TRKMFWTRNYWRY,
2025-11-23T17:41:03,HPMONST8OZ-FBA-UPC-0123,B0BRTK1P8Z,B0BRTK1P8Z,2MZDDT9Q,60,RECEIVED,"Monstera Plant Food for Monsteras and Philodendrons, Tropical Houseplant Liquid Fertilizer 8 oz (250mL)",5,300,IUSR,STAR-TRKMFWTRNYWRY,
2025-11-23T17:41:03,HPORCHID8OZ-FBA-UPC-0123,B0BRTJBFP7,B0BRTJBFP7,2MZDDT9Q,60,RECEIVED,"Orchid Plant Food for All Orchids and Acid Loving Houseplants, Promotes Growth and Blooms, Liquid Fertilizer 8 oz (250mL)",21,1260,IUSR,STAR-TRKMFWTRNYWRY,
2025-11-23T17:41:03,HPSIL1Q-FBA-UPC-0124,B0CT6LLY7J,B0CT6LLY7J,2MZDDT9Q,12,RECEIVED,"TPS NUTRIENTS Silica for Houseplants, Liquid Silicon Plant Food for Strong Stems and Healthy Leaves, Liquid Plant Fertilizer, 32 oz (1 Quart)",34,408,IUSR,STAR-TRKMFWTRNYWRY,
2025-11-23T17:41:03,LEMON8OZ-FBA-UPC-0523,B0C73SNJCH,B0C73SNJCH,2MZDDT9Q,60,RECEIVED,"Lemon Tree Fertilizer, Complete Lemon Tree Plant Food, 8 oz (250mL)",14,840,IUSR,STAR-TRKMFWTRNYWRY,
2025-11-23T17:41:03,LIMETREE8OZ-FBA-UPC-1123,B0CPG8WFCX,B0CPG8WFCX,2MZDDT9Q,60,RECEIVED,"Lime Tree Fertilizer for All Lime and Citrus Trees, Liquid Plant Food 8 oz (250mL)",16,960,IUSR,STAR-TRKMFWTRNYWRY,
2025-11-23T17:41:03,LIQUIDPF8OZ-FBA-UPC-0123,B0BRTKV4TC,B0BRTKV4TC,2MZDDT9Q,60,RECEIVED,"Liquid Plant Food for use in AeroGarden, IDOO and Hydroponic Growing Systems, Liquid Fertilizer 8 oz (250mL)",50,3000,IUSR,STAR-TRKMFWTRNYWRY,
2025-11-23T17:41:03,MANGOTREE1G-FBA-UPC-1123,B0CPGNM4GM,B0CPGNM4GM,2MZDDT9Q,4,RECEIVED,"Mango Tree Fertilizer for All Mangoes and Anacardiaceae Trees, Liquid Plant Food 1 Gallon (128oz)",9,36,IUSR,STAR-TRKMFWTRNYWRY,
2025-11-23T17:41:03,MYCO6OZ-0524,B0D2YCJGFW,B0D2YCJGFW,2MZDDT9Q,40,RECEIVED,"TPS NUTRIENTS Mycorrhizal Fungi for Plants, Mycos for Transplanting and for Established Plants, Contains Mycorrhizae and Soil Probiotics (6 Ounces)",12,480,IUSR,STAR-TRKMFWTRNYWRY,
2025-11-23T17:41:03,PALMTREE8OZ-FBA-UPC-0523,B0C6Q7PL3S,B0C6Q7PL3S,2MZDDT9Q,60,RECEIVED,"Palm Tree Fertilizer for All Palms and Ferns, Liquid Plant Food 8 oz (250mL)",2,120,IUSR,STAR-TRKMFWTRNYWRY,
2025-11-23T17:41:03,RBOOSTER6OZ-0524,B0D2ZMGQ6W,B0D2ZMGQ6W,2MZDDT9Q,40,RECEIVED,"TPS NUTRIENTS Root Booster for Plants, Soil Probiotics Including Bacteria, Mycos, and Trichoderma for Transplanting and Established Plants (6 Ounces)",3,120,IUSR,STAR-TRKMFWTRNYWRY,
2025-11-23T17:41:03,SNAKE8OZ-FBA-UPC-0523,B0C6Q69C7K,B0C6Q69C7K,2MZDDT9Q,60,RECEIVED,"Snake Plant Fertilizer for Snake Plants and All Sansevieria, 8 oz (250mL)",12,720,IUSR,STAR-TRKMFWTRNYWRY,
2025-11-23T17:41:03,SOILMIC6OZ-0524,B0D2YX6M41,B0D2YX6M41,2MZDDT9Q,40,RECEIVED,"TPS NUTRIENTS Soil Microbes for Nutrient Uptake and Successful Transplanting and Established Plants, Soil Probiotics Including Mycorrhizae, Bacteria and Trichoderma (6 Ounces)",2,80,IUSR,STAR-TRKMFWTRNYWRY,
2025-11-23T17:41:03,SUPPPHOS1Q,B0D4JH61JS,B0D4JH61JS,2MZDDT9Q,12,RECEIVED,"TPS NUTRIENTS Phosphorus Fertilizer for Plants, Boosts Rooting, Growth, Blooming and Flowering, Liquid Plant Food, 32 oz (1 Quart)",10,120,IUSR,STAR-TRKMFWTRNYWRY,
2025-11-23T17:41:03,SUPPPHOS8OZ,B0D4JHC68M,B0D4JHC68M,2MZDDT9Q,60,RECEIVED,"TPS NUTRIENTS Phosphorus Fertilizer for Plants, Boosts Rooting, Growth, Blooming and Flowering, Liquid Plant Food 8 oz (250mL)",6,360,IUSR,STAR-TRKMFWTRNYWRY,
2025-11-23T17:41:03,SUPPPOT1Q,B0D4JFC3K2,B0D4JFC3K2,2MZDDT9Q,12,RECEIVED,"TPS NUTRIENTS Potassium Fertilizer for Plants, Boosts Growth, Budding and Flowering, Liquid Plant Food, 32 oz (1 Quart)",12,144,IUSR,STAR-TRKMFWTRNYWRY,
2025-11-23T17:41:03,SUPPSEAWEED1G,B0D4JJGZ98,B0D4JJGZ98,2MZDDT9Q,4,RECEIVED,"TPS NUTRIENTS Seaweed Fertilizer for Plants, Premium Organic Liquid Kelp for Gardening, Concentrated Liquid Plant Food 128 oz (1 Gallon)",6,24,IUSR,STAR-TRKMFWTRNYWRY,
2025-11-23T17:41:03,SUPPSEAWEED8OZ,B0D4JH9R3R,B0D4JH9R3R,2MZDDT9Q,60,RECEIVED,"TPS NUTRIENTS Seaweed Fertilizer for Plants, Premium Organic Liquid Kelp for Gardening, Concentrated Liquid Plant Food 8 oz (250mL)",4,240,IUSR,STAR-TRKMFWTRNYWRY,
2025-11-23T17:41:03,SUPPSULF1G,B0D4JHTRRQ,B0D4JHTRRQ,2MZDDT9Q,4,RECEIVED,"Sulfur Fertilizer for Plants, Micronutrient Sulfur for Boosted Growth and Flowering, Liquid Plant Food 128 oz (1 Gallon)",10,40,IUSR,STAR-TRKMFWTRNYWRY,
2025-11-23T17:41:03,TPS-AMARYLLISFERTILIZER-8OZ,B0FLWXQ5XY,B0FLWXQ5XY,2MZDDT9Q,60,RECEIVED,"Amaryllis Fertilizer for Amaryllis Bulbs, Great for Amaryllis Bulbs in Vase or for Planting, Liquid Fertilizer by TPS Plant Foods, 8 oz (250mL)",4,240,IUSR,STAR-TRKMFWTRNYWRY,
2025-11-23T17:41:03,TPS-AMARYLLISFERTILIZER-QUART,B0FLWYJ1S7,B0FLWYJ1S7,2MZDDT9Q,12,RECEIVED,"Amaryllis Fertilizer for Amaryllis Bulbs, Great for Amaryllis Bulbs in Vase or for Planting, Liquid Fertilizer by TPS Plant Foods, 32oz (1Quart)",2,24,IUSR,STAR-TRKMFWTRNYWRY,
2025-11-23T17:41:03,TPS-BIRCHTREEFERT-8OZ,B0FKM4RRP9,B0FKM4RRP9,2MZDDT9Q,60,RECEIVED,"Birch Tree Fertilizer for Birch Trees, Works Great for River Birch, Paper Birch, and Silver Birch, Liquid Fertilizer by TPS Plant Foods, 8 oz (250mL)",1,60,IUSR,STAR-TRKMFWTRNYWRY,
2025-11-23T17:41:03,TPS-BLACKBERRYFERT-1GAL,B0FKM7JH8L,B0FKM7JH8L,2MZDDT9Q,4,RECEIVED,"BlackBerry Fertilizer for BlackBerry Plants, Supports Healthy Growth and Plump Berries in BlackBerry Plants, Liquid Fertilizer by TPS Plant Foods, 1 Gallon (128 oz)",5,20,IUSR,STAR-TRKMFWTRNYWRY,
2025-11-23T17:41:03,TPS-BLACKBERRYFERT-QUART,B0FKLTTYDQ,B0FKLTTYDQ,2MZDDT9Q,12,RECEIVED,"BlackBerry Fertilizer for BlackBerry Plants, Supports Healthy Growth and Plump Berries in BlackBerry Plants, Liquid Fertilizer by TPS Plant Foods, 32 oz (1 Quart)",2,24,IUSR,STAR-TRKMFWTRNYWRY,
2025-11-23T17:41:03,TPS-BUSHFERT-QUART,B0FKMDJGGW,B0FKMDJGGW,2MZDDT9Q,12,RECEIVED,"Bush Fertilizer for Bushes, Great for Flowering, Evergreen, Fruit Bearing, and Wild Shrubs, Liquid Fertilizer by TPS Plant Foods, 32 oz (1 Quart)",3,36,IUSR,STAR-TRKMFWTRNYWRY,
2025-11-23T17:41:03,TPS-CLEMATISFERT-8OZ,B0FKT85MXJ,B0FKT85MXJ,2MZDDT9Q,60,RECEIVED,"Clematis Fertilizer for Clematis, Great for Sweet Autumn, White, and Nelly Moser Varieties, Liquid Fertilizer by TPS Plant Foods, 8 oz (250mL)",2,120,IUSR,STAR-TRKMFWTRNYWRY,
2025-11-23T17:41:03,TPS-CLOVERFERT-1GALLON,B0FKT8JT1F,B0FKT8JT1F,2MZDDT9Q,4,RECEIVED,"Clover Fertilizer for Clover Lawns, Great for Microclover and Dutch White Clover, Liquid Fertilizer by TPS Plant Foods, 1 Gallon (128oz)",5,20,IUSR,STAR-TRKMFWTRNYWRY,
2025-11-23T17:41:03,TPS-CLOVERFERT-QUART,B0FKST1F77,B0FKST1F77,2MZDDT9Q,12,RECEIVED,"Clover Fertilizer for Clover Lawns, Great for Microclover and Dutch White Clover, Liquid Fertilizer by TPS Plant Foods, 32oz (1 Quart)",5,60,IUSR,STAR-TRKMFWTRNYWRY,
2025-11-23T17:41:03,TPS-DRAGONFRUITFERT-8OZ,B0FLWSVLT9,B0FLWSVLT9,2MZDDT9Q,60,RECEIVED,"Dragon Fruit Fertilizer for Dragon Fruit, Great for Red, White, and Yellow Dragon Fruit Varieties, Liquid Fertilizer by TPS Plant Foods, 8 oz (250mL)",4,240,IUSR,STAR-TRKMFWTRNYWRY,
2025-11-23T17:41:03,TPS-ELEPHANEART-8OZ,B0DPMD8SQ7,B0DPMD8SQ7,2MZDDT9Q,60,RECEIVED,"Elephant Ear Fertilizer, Complete Liquid Elephant Ear Plant Food, 8 oz (250mL)",5,300,IUSR,STAR-TRKMFWTRNYWRY,
2025-11-23T17:41:03,TPS-FIGTREEFERT-8OZ,B0FKM94FQY,B0FKM94FQY,2MZDDT9Q,60,RECEIVED,"Fig Tree Fertilizer for Fig Trees, Great for Other Ficus Tree Varieties, Liquid Fertilizer by TPS Plant Foods, 8 oz (250mL)",2,120,IUSR,STAR-TRKMFWTRNYWRY,
2025-11-23T17:41:03,TPS-FISHEMULSION-QUART,B0DQQPH29R,B0DQQPH29R,2MZDDT9Q,12,RECEIVED,"Fish Emulsion Fertilizer, Complete Fish Emulsion Plant Food, 32 oz (1 Quart)",10,120,IUSR,STAR-TRKMFWTRNYWRY,
2025-11-23T17:41:03,TPS-GARLICFERTILIZER-8OZ,B0DQQSLKZP,B0DQQSLKZP,2MZDDT9Q,60,RECEIVED,"Garlic Fertilizer, Complete Liquid Garlic and All Allium Varieties Plant Food, 8 oz (250mL)",4,240,IUSR,STAR-TRKMFWTRNYWRY,
2025-11-23T17:41:03,TPS-GARLICFERTILIZER-QUART,B0DQRBFT4K,B0DQRBFT4K,2MZDDT9Q,12,RECEIVED,"Garlic Fertilizer, Complete Liquid Garlic and All Allium Varieties Plant Food, 32 oz (1 Quart)",6,72,IUSR,STAR-TRKMFWTRNYWRY,
2025-11-23T17:41:03,TPS-GUAVATREEFERT-QUART,B0FKLRLQL1,B0FKLRLQL1,2MZDDT9Q,12,RECEIVED,"Guava Tree Fertilizer for Guava Trees, Great for White, Pink, and Red Guava Varieties, Liquid Fertilizer by TPS Plant Foods, 32 oz (1 Quart)",9,108,IUSR,STAR-TRKMFWTRNYWRY,
2025-11-23T17:41:03,TPS-HYDROPONICPLANTFOOD-1GAL,B0DQSDSHP1,B0DQSDSHP1,2MZDDT9Q,4,RECEIVED,"Hydroponic Plant Food, Complete One Part Liquid Hydroponic Fertilizer, 1 Gallon (128 oz)",7,28,IUSR,STAR-TRKMFWTRNYWRY,
2025-11-23T17:41:03,TPS-IXORAFERTILIZER-QUART,B0DQSHZ6L3,B0DQSHZ6L3,2MZDDT9Q,12,RECEIVED,"Ixora Fertilizer, Complete Liquid Ixora Plant Food for All Rubiaceae, 32 oz (1 Quart)",4,48,IUSR,STAR-TRKMFWTRNYWRY,
2025-11-23T17:41:03,TPS-JUNIPERFERT-1GALLON,B0FKLVCSS3,B0FKLVCSS3,2MZDDT9Q,4,RECEIVED,"Juniper Fertilizer for Juniper Trees, Great for All Varieities Including Creeping, Common, and Chinese, Liquid Fertilizer by TPS Plant Foods, 1 Gallon (128 oz)",5,20,IUSR,STAR-TRKMFWTRNYWRY,
2025-11-23T17:41:03,TPS-KRATKYHYDROPONIC-8OZ,B0DSGKN9QC,B0DSGKN9QC,2MZDDT9Q,60,RECEIVED,Kratky Hydroponic Fertilizer - 8oz,2,120,IUSR,STAR-TRKMFWTRNYWRY,
2025-11-23T17:41:03,TPS-KRATKYHYDROPONIC-QUART,B0DSGKH3HK,B0DSGKH3HK,2MZDDT9Q,12,RECEIVED,Kratky Hydroponic Fertilizer - 32oz,4,48,IUSR,STAR-TRKMFWTRNYWRY,
2025-11-23T17:41:03,TPS-MELONFERT-1GALLON,B0FKSLQJ6J,B0FKSLQJ6J,2MZDDT9Q,4,RECEIVED,"Melon Fertilizer for Melon Plants, Feeds Cantaloupes, Watermelons, and Specialty Melons, Liquid Fertilizer by TPS Plant Foods, 1 Gallon (128 oz)",5,20,IUSR,STAR-TRKMFWTRNYWRY,
2025-11-23T17:41:03,TPS-OAKTREE-1GAL,B0DQSNX3N7,B0DQSNX3N7,2MZDDT9Q,4,RECEIVED,"Oak Tree Fertilizer, Complete Liquid Oak Tree Plant Food, 1 Gallon (128 oz)",4,16,IUSR,STAR-TRKMFWTRNYWRY,
2025-11-23T17:41:03,TPS-ORANGETREE-8OZ,B0DQSSZ51T,B0DQSSZ51T,2MZDDT9Q,60,RECEIVED,"Orange Tree Fertilizer, Complete Liquid Orange Tree Citrus Plant Food, 8 oz (250mL)",4,240,IUSR,STAR-TRKMFWTRNYWRY,
2025-11-23T17:41:03,TPS-PEARTREEFERT-1GALLON,B0FKLY3KWZ,B0FKLY3KWZ,2MZDDT9Q,4,RECEIVED,"Pear Tree Fertilizer for Pear Trees, Also Great for Apple and Quince Trees, Liquid Fertilizer by TPS Plant Foods, 1 Gallon (128 oz)",5,20,IUSR,STAR-TRKMFWTRNYWRY,
2025-11-23T17:41:03,TPS-PECANTREEFERT-1GALLON,B0FKMR162G,B0FKMR162G,2MZDDT9Q,4,RECEIVED,"Pecan Tree Fertilizer for Pecan Trees, Supports Strong Growth and Hearty Nuts in All Varieiteis of Nut Trees, Liquid Fertilizer by TPS Plant Foods, 1 Gallon (128 oz)",6,24,IUSR,STAR-TRKMFWTRNYWRY,
2025-11-23T17:41:03,TPS-PECANTREEFERT-8OZ,B0FKM1D4D2,B0FKM1D4D2,2MZDDT9Q,60,RECEIVED,"Pecan Tree Fertilizer for Pecan Trees, Supports Strong Growth and Hearty Nuts in All Varieities of Nut Trees, Liquid Fertilizer by TPS Plant Foods, 8 oz (250mL)",1,60,IUSR,STAR-TRKMFWTRNYWRY,
2025-11-23T17:41:03,TPS-PINEAPPLEFERT-QUART,B0FLWTCJZP,B0FLWTCJZP,2MZDDT9Q,12,RECEIVED,"Pineapple Fertilizer for Pineapple Plants, Supports Fruit Production and Indoor/Outdoor Success, Liquid Fertilizer by TPS Plant Foods, 32 oz (1 Quart)",7,84,IUSR,STAR-TRKMFWTRNYWRY,
2025-11-23T17:41:03,TPS-RAISEDBEDFERT-1GALLON,B0FKY933F6,B0FKY933F6,2MZDDT9Q,4,RECEIVED,"Raised Bed Fertilizer for Vegetables, Herbs, and Flowers, Balanced Nutrients for Container and Box Gardens, Liquid Fertilizer by TPS Plant Foods, 1 Gallon(128oz)",5,20,IUSR,STAR-TRKMFWTRNYWRY,
2025-11-23T17:41:03,TPS-SPRUCETREEFERT-1GAL,B0FKM246S1,B0FKM246S1,2MZDDT9Q,4,RECEIVED,"Spruce Tree Fertilizer for Spruce Trees, Great for White Spruce, Blue Spruce, and Norway Spruce, Liquid Fertilizer by TPS Plant Foods, 1 Gallon (128 oz)",4,16,IUSR,STAR-TRKMFWTRNYWRY,
2025-11-23T17:41:03,TPS-STAUGUSTINEGRASSFERT-1GALLON,B0FM62ZB8N,B0FM62ZB8N,2MZDDT9Q,4,RECEIVED,"St Augustine Grass Fertilizer, Complete Plant Food for Saint Augustine Grass, Liquid Fertilizer by TPS Plant Foods, 1 Gallon (128 oz)",17,68,IUSR,STAR-TRKMFWTRNYWRY,
2025-11-23T17:41:03,TPS-STAUGUSTINEGRASSFERT-QUART,B0FM4PK6H9,B0FM4PK6H9,2MZDDT9Q,12,RECEIVED,"St Augustine Grass Fertilizer, Complete Plant Food for Saint Augustine Grass, Liquid Fertilizer by TPS Plant Foods, 32 oz (1 Quart)",7,84,IUSR,STAR-TRKMFWTRNYWRY,
2025-11-23T17:41:03,TPS-THUJAGREENGIANT-1GALLON,B0FKMTVCRG,B0FKMTVCRG,2MZDDT9Q,4,RECEIVED,"Thuja Green Giant Fertilizer, Vigorous Growth for Thuja Green Giant and Other Arborvitae Varieties, Liquid Fertilizer by TPS Plant Foods, 1 Gallon (128 oz)",4,16,IUSR,STAR-TRKMFWTRNYWRY,
2025-11-23T17:41:03,TPS-WATERPLANT-8OZ,B0DQTVXRBM,B0DQTVXRBM,2MZDDT9Q,60,RECEIVED,"Water Plant Fertilizer, Complete Liquid Water Plant Food, 8 oz (250mL)",7,420,IUSR,STAR-TRKMFWTRNYWRY,
2025-11-23T17:41:03,TPS-WILLOWTREEFERT-1GALLON,B0FKMF6J1J,B0FKMF6J1J,2MZDDT9Q,4,RECEIVED,"Willow Fertilizer for Willow Trees, Great for Weeping Willow, Corkscrew Willow, and Dappled Willow, Liquid Fertilizer by TPS Plant Foods, 1 Gallon (128oz Quart)",10,40,IUSR,STAR-TRKMFWTRNYWRY,
2025-11-23T17:41:03,TPS-ZOYSIAGRASSFERT-1GAL,B0FM3DJVXY,B0FM3DJVXY,2MZDDT9Q,4,RECEIVED,"Zoysia Grass Fertilizer for Zoysia Grass, Great for Zenith, Emerald, and Zeon Varieties, Liquid Fertilizer by TPS Plant Foods, 1 Gallon (128 oz)",13,52,IUSR,STAR-TRKMFWTRNYWRY,
2025-11-23T17:41:03,TPS-ZOYSIAGRASSFERT-QUART,B0FM3KVY3F,B0FM3KVY3F,2MZDDT9Q,12,RECEIVED,"Zoysia Grass Fertilizer for Zoysia Grass, Great for Zenith, Emerald, and Zeon Varieties, Liquid Fertilizer by TPS Plant Foods, 32 oz (1 Quart)",4,48,IUSR,STAR-TRKMFWTRNYWRY,
2025-11-23T17:41:03,TPSBASEAB1G,B07CWPKH72,B07CWPKH72,2MZDDT9Q,2,RECEIVED,"TPS Base A+B Two Part Set Complete Plant Growing Nutrient Formula for All Plants, for Both Soil and Hydro, Gallon Set (2 x 128 oz)",33,66,IUSR,STAR-TRKMFWTRNYWRY,
2025-11-23T17:41:03,TPSBILLIONS8OZ,B09P2JPHZ6,B09P2JPHZ6,2MZDDT9Q,40,RECEIVED,"TPS NUTRIENTS Billions Concentrated Microbial Root Enhancer, 100% Water-Soluble with Mycorrhizae, Bacteria and Trichoderma, 8 oz (1/2 Pound)",2,80,IUSR,STAR-TRKMFWTRNYWRY,
2025-11-23T17:41:03,TPSROOTB1G,B07CWNRS9C,B07CWNRS9C,2MZDDT9Q,4,RECEIVED,"TPS NUTRIENTS Root Boost Advanced Rooting Formula for Living Soil and White Roots, Plus Microbes, 1 Gallon (128 oz)",19,76,IUSR,STAR-TRKMFWTRNYWRY,
2025-11-23T17:41:03,TPSSIG1G-FBA-UPC-0523,B07CWQ2V2G,B07CWQ2V2G,2MZDDT9Q,4,RECEIVED,"TPS NUTRIENTS Signal Terpene Enhancer Plant Nutrient and Supplement, Flower Hardener and Increases Flavor, 1 Gallon (128 oz)",30,120,IUSR,STAR-TRKMFWTRNYWRY,
2025-11-23T17:41:03,TPSSIG1Q-FBA-UPC-0323,B07CWQBNMS,B07CWQBNMS,2MZDDT9Q,12,RECEIVED,"Signal Terpene Enhancer Plant Nutrient and Supplement, Flower Hardener and Increases Flavor by TPS Nutrients, 1 Quart (32 oz)",6,72,IUSR,STAR-TRKMFWTRNYWRY,
2025-11-23T17:41:03,TPSSIL1Q,B07CX36LW8,B07CX36LW8,2MZDDT9Q,12,RECEIVED,TPS NUTRIENTS Silica Gold Plant Strength Nutrient and Supplement with Bioavailable Silicon 1 Quart (32 oz),110,1320,IUSR,STAR-TRKMFWTRNYWRY,
2025-11-23T17:41:03,TPSSIL8OZ-FBA-UPC-0124,B0CT6W7R81,B0CT6W7R81,2MZDDT9Q,60,RECEIVED,TPS NUTRIENTS Silica Gold Plant Strength Nutrient and Supplement with Bioavailable Silicon 8 oz (250mL),2,120,IUSR,STAR-TRKMFWTRNYWRY,
2025-11-23T17:41:03,TREERS6OZ-0524,B0D2Z34SR1,B0D2Z34SR1,2MZDDT9Q,40,RECEIVED,"TPS NUTRIENTS Root Stimulator for Trees, Great for Transplanting and Established Tree Roots, Soil Probiotics Including Mycorrhizae, Bacteria and Trichoderma (6 Ounces)",10,400,IUSR,STAR-TRKMFWTRNYWRY,
2025-11-23T17:41:03,TRICH6OZ-0524,B0D2ZJ9LTS,B0D2ZJ9LTS,2MZDDT9Q,40,RECEIVED,"TPS NUTRIENTS Trichoderma for Plants, Great for Transplanting and Established Plants, Also Includes Soil Probiotics Mycorrhizae and Bacteria (6 Ounces)",23,920,IUSR,STAR-TRKMFWTRNYWRY,
2025-11-23T17:41:03,XMASCACTUS1Q-FBA-UPC-1123,B0CPGFXPYW,B0CPGFXPYW,2MZDDT9Q,12,RECEIVED,"TPS NUTRIENTS Christmas Cactus Fertilizer for All Christmas Cacti and Schlumbergera Cacti, Liquid Plant Food, 32 oz (1 Quart)",5,60,IUSR,STAR-TRKMFWTRNYWRY,
2025-11-23T18:52:33,BKELP1Q-0224,B073ZNW8MX,B073ZNW8MX,5OFZ26FS,12,DEPARTED,"Bloom City Organic Liquid Seaweed and Kelp Fertilizer Supplement, Quart (32 oz) Concentrated Makes 180 Gallons",4,48,IUSF,FBA193VGHND1,
2025-11-23T18:52:33,TRIPLE10TREE1G,B0D4JKCJP6,B0D4JKCJP6,5OFZ26FS,4,DEPARTED,"Liquid 10-10-10 Fertilizer for Trees and Shrubs, Triple Ten NPK Plus Iron and Micros, Liquid Plant Food 128 oz (1 Gallon)",2,8,IUSF,FBA193YQX4DF,
2025-11-23T18:52:33,TRIPLE10TREE1G,B0D4JKCJP6,B0D4JKCJP6,5OFZ26FS,4,DEPARTED,"Liquid 10-10-10 Fertilizer for Trees and Shrubs, Triple Ten NPK Plus Iron and Micros, Liquid Plant Food 128 oz (1 Gallon)",1,4,IUSF,FBA193YRN3HX,
2025-11-23T21:40:03,AIRPLANT8OZ-FBA-UPC-0523,B0C6R6KQSZ,B0C6R6KQSZ,7GCBW81J,60,RECEIVED,"TPS NUTRIENTS Air Plant Fertilizer for All Tillandsia Air Plants, Use As Foliar Spray or for Soaking, Liquid Plant Food 8 oz (250mL)",1,60,IUSR,STAR-S4XCEFHVAS4AG,
2025-11-23T21:40:03,BKELP1Q-0224,B073ZNW8MX,B073ZNW8MX,2MZDDT9Q,12,RECEIVED,"Bloom City Organic Liquid Seaweed and Kelp Fertilizer Supplement, Quart (32 oz) Concentrated Makes 180 Gallons",1,12,IUSR,STAR-TRKMFWTRNYWRY,
2025-11-23T21:40:03,BOP8OZ-FBA-UPC-1123,B0CPGSSJCB,B0CPGSSJCB,2MZDDT9Q,60,RECEIVED,"TPS NUTRIENTS Bird of Paradise Fertilizer for All Strelitzia Plants, Liquid Plant Food 8 oz (250mL)",1,60,IUSR,STAR-TRKMFWTRNYWRY,
2025-11-23T21:40:03,HPMONST8OZ-FBA-UPC-0123,B0BRTK1P8Z,B0BRTK1P8Z,2MZDDT9Q,60,RECEIVED,"Monstera Plant Food for Monsteras and Philodendrons, Tropical Houseplant Liquid Fertilizer 8 oz (250mL)",2,120,IUSR,STAR-TRKMFWTRNYWRY,
2025-11-23T21:40:03,TPS-IXORAFERTILIZER-QUART,B0DQSHZ6L3,B0DQSHZ6L3,2MZDDT9Q,12,RECEIVED,"Ixora Fertilizer, Complete Liquid Ixora Plant Food for All Rubiaceae, 32 oz (1 Quart)",1,12,IUSR,STAR-TRKMFWTRNYWRY,
2025-11-23T21:40:03,TPSBASEAB1G,B07CWPKH72,B07CWPKH72,2MZDDT9Q,2,RECEIVED,"TPS Base A+B Two Part Set Complete Plant Growing Nutrient Formula for All Plants, for Both Soil and Hydro, Gallon Set (2 x 128 oz)",1,2,IUSR,STAR-TRKMFWTRNYWRY,
2025-11-24T06:11:59,HIBISCUS1G-FBA-UPC-0523,B0C73SGLGQ,B0C73SGLGQ,5OFZ26FS,4,DEPARTED,"Hibiscus Fertilizer for Tropical and Flowering Plants, Liquid Plant Food, 1 Gallon (128 oz)",1,4,IUSF,FBA194156QK6,
2025-11-24T08:22:24,SUPPPHOS1G,B0D4JHNMDX,B0D4JHNMDX,5OFZ26FS,4,DEPARTED,"Phosphorus Fertilizer for Plants, Boosts Rooting, Growth, Blooming and Flowering, Liquid Plant Food 128 oz (1 Gallon)",1,4,IUSF,FBA194160WFB,
2025-11-24T09:59:08,TPSCMC1G-FBA-UPC-0323,B01MTCXHIQ,B01MTCXHIQ,5JT732XW,4,DEPARTED,"TPS NUTRIENTS Cal-Mag Complete, Calcium Magnesium Iron and Micronutrients Fertilizer and Supplement, 1 Gallon (128 oz)",1,4,IUST,FBA194175158,
2025-11-24T11:43:23,TPSCMC1G-FBA-UPC-0323,B01MTCXHIQ,B01MTCXHIQ,5JT732XW,4,DEPARTED,"TPS NUTRIENTS Cal-Mag Complete, Calcium Magnesium Iron and Micronutrients Fertilizer and Supplement, 1 Gallon (128 oz)",1,4,IUST,FBA194175158,
2025-11-24T12:38:40,TPSCMC1G-FBA-UPC-0323,B01MTCXHIQ,B01MTCXHIQ,5JT732XW,4,DEPARTED,"TPS NUTRIENTS Cal-Mag Complete, Calcium Magnesium Iron and Micronutrients Fertilizer and Supplement, 1 Gallon (128 oz)",1,4,IUST,FBA194160F9X,
2025-11-22T18:58:39,BLOOMFERT1G-0524,B0D4JFPQ1S,B0D4JFPQ1S,5OFZ26FS,4,DEPARTED,"Bloom Fertilizer, Concentrated PK Boost, No Nitrogen Bud and Fruit Booster, Liquid Plant Food 128 oz (1 Gallon)",1,4,IUSF,FBA193VGFFTW,
2025-11-22T18:58:39,EVERGREEN1G-FBA-UPC-1123,B0CPGP6WT9,B0CPGP6WT9,5OFZ26FS,4,DEPARTED,"Evergreen Tree Fertilizer for All Conifer Trees and Shrubs, Liquid Plant Food 1 Gallon (128oz)",1,4,IUSF,FBA193VGFFTW,
2025-11-22T19:09:37,TRIPLE10TREE1G,B0D4JKCJP6,B0D4JKCJP6,5OFZ26FS,4,DEPARTED,"Liquid 10-10-10 Fertilizer for Trees and Shrubs, Triple Ten NPK Plus Iron and Micros, Liquid Plant Food 128 oz (1 Gallon)",1,4,IUSF,FBA193YR4FT4,
2025-11-23T02:20:49,TPS-OAKTREE-1GAL,B0DQSNX3N7,B0DQSNX3N7,5OFZ26FS,4,DEPARTED,"Oak Tree Fertilizer, Complete Liquid Oak Tree Plant Food, 1 Gallon (128 oz)",1,4,IUSF,FBA193VGFFTW,
2025-11-23T02:20:49,TROPICAL1G-FBA-UPC-1123,B0CPGH6F27,B0CPGH6F27,5OFZ26FS,4,DEPARTED,"Tropical Plant Fertilizer for All Tropical Indoor and Outdoor Plants, Liquid Plant Food 1 Gallon (128oz)",1,4,IUSF,FBA193VGFFTW,
2025-11-23T02:25:16,TPS-BERRYFERTILIZER-1GAL,B0DPKQFW48,B0DPKQFW48,5OFZ26FS,4,DEPARTED,"Berry Fertilizer, Complete Liquid Strawberry and Blueberry Plant Food, Great for All Berries, 1 Gallon (128 oz)",1,4,IUSF,FBA193YQK1CX,
2025-11-23T03:22:26,BKELP1G-0224,B073ZNW5CK,B073ZNW5CK,5OFZ26FS,4,DEPARTED,Bloom City Organic Liquid Seaweed and Kelp Fertilizer Supplement (128 oz) Concentrated Makes 750 Gallons,3,12,IUSF,FBA193VBYPZD,
2025-11-23T03:22:26,BKELP1Q-0224,B073ZNW8MX,B073ZNW8MX,5OFZ26FS,12,DEPARTED,"Bloom City Organic Liquid Seaweed and Kelp Fertilizer Supplement, Quart (32 oz) Concentrated Makes 180 Gallons",2,24,IUSF,FBA193VBYPZD,
2025-11-23T03:22:26,PALMTREE1G-FBA-UPC-0523,B0C6Q6GN8H,B0C6Q6GN8H,5OFZ26FS,4,DEPARTED,"Palm Tree Fertilizer for All Palms and Ferns, Liquid Plant Food, 1 Gallon (128 oz)",1,4,IUSF,FBA193VBYPZD,
2025-11-23T03:22:26,TPS-BOUGAINVILLEA-8OZ,B0DPKW9K72,B0DPKW9K72,5OFZ26FS,60,DEPARTED,"Bougainvillea Fertilizer, Complete Liquid Bougainvillea Plant Food, 8 oz (250mL)",1,60,IUSF,FBA193VBYPZD,
2025-11-23T03:46:21,MONEYTREE1Q-FBA-UPC-0523,B0C6Q7SPHJ,B0C6Q7SPHJ,78VHKF2V,12,DEPARTED,"Money Tree Fertilizer for Money Trees and All Pachira Plants, Liquid Plant Food, 32 oz (1 Quart)",1,12,IUSR,FBA19415GNML,
2025-11-23T07:20:15,TPSSIL1G-FBA-UPC-0323,B07CX79577,B07CX79577,5OFZ26FS,4,DEPARTED,"TPS NUTRIENTS Silica Gold Plant Strength Nutrient and Supplement with Bioavailable Silicon, 1 Gallon (128 oz)",2,8,IUSF,FBA193V9LQBF,
2025-11-23T07:35:55,BKELP1Q-0224,B073ZNW8MX,B073ZNW8MX,5OFZ26FS,12,DEPARTED,"Bloom City Organic Liquid Seaweed and Kelp Fertilizer Supplement, Quart (32 oz) Concentrated Makes 180 Gallons",2,24,IUSF,FBA193S860YP,
2025-11-23T07:35:55,BKELP1Q-0224,B073ZNW8MX,B073ZNW8MX,5OFZ26FS,12,DEPARTED,"Bloom City Organic Liquid Seaweed and Kelp Fertilizer Supplement, Quart (32 oz) Concentrated Makes 180 Gallons",1,12,IUSF,FBA193TGBKYR,
2025-11-23T07:35:55,BKELP1Q-0224,B073ZNW8MX,B073ZNW8MX,5OFZ26FS,12,DEPARTED,"Bloom City Organic Liquid Seaweed and Kelp Fertilizer Supplement, Quart (32 oz) Concentrated Makes 180 Gallons",1,12,IUSF,FBA193VBYPZD,
2025-11-21T20:41:29,TPS-FIGTREEFERT-QUART,B0FKMJG4XL,B0FKMJG4XL,5OFZ26FS,12,DEPARTED,"Fig Tree Fertilizer for Fig Trees, Great for Other Ficus Tree Varieties, Liquid Fertilizer by TPS Plant Foods, 32 oz (1 Quart)",1,12,IUSF,FBA193YQQYC5,
2025-11-21T22:11:58,BKELP1Q-0224,B073ZNW8MX,B073ZNW8MX,5OFZ26FS,12,DEPARTED,"Bloom City Organic Liquid Seaweed and Kelp Fertilizer Supplement, Quart (32 oz) Concentrated Makes 180 Gallons",4,48,IUSF,FBA193S8YW37,
2025-11-21T22:11:58,BKELP1Q-0224,B073ZNW8MX,B073ZNW8MX,5OFZ26FS,12,DEPARTED,"Bloom City Organic Liquid Seaweed and Kelp Fertilizer Supplement, Quart (32 oz) Concentrated Makes 180 Gallons",7,84,IUSF,FBA193VBYBBR,
2025-11-21T22:11:58,LEMON1Q-FBA-UPC-0523,B0C73TCVFW,B0C73TCVFW,5OFZ26FS,12,DEPARTED,"Lemon Tree Fertilizer for Lemon Trees and Citrus, Liquid Plant Food, 32 oz (1 Quart)",3,36,IUSF,FBA193VBYBBR,
2025-11-22T01:31:54,AFVIOLET8OZ-FBA-UPC-0523,B0C73TS2P2,B0C73TS2P2,5OFZ26FS,60,DEPARTED,"African Violet Fertilizer for Indoor Flowering Plants, Liquid Plant Food 8 oz (250mL)",1,60,IUSF,FBA193VBYPZD,
2025-11-22T01:31:54,BKELP1G-0224,B073ZNW5CK,B073ZNW5CK,7ER7L29C,4,DEPARTED,Bloom City Organic Liquid Seaweed and Kelp Fertilizer Supplement (128 oz) Concentrated Makes 750 Gallons,1,4,IUSF,FBA193VD7W88,
2025-11-22T01:31:54,BONSAI8OZ-FBA-UPC-0523,B0C6R56WK1,B0C6R56WK1,5OFZ26FS,60,DEPARTED,"Bonsai Fertilizer, Liquid Plant Food for Healthy Growth & Strong Roots in All Bonsai Trees, by TPS Plant Foods, 8 oz (250 mL)",1,60,IUSF,FBA193VBYPZD,
2025-11-22T01:31:54,TPSSIL1G-FBA-UPC-0323,B07CX79577,B07CX79577,5OFZ26FS,4,DEPARTED,"TPS NUTRIENTS Silica Gold Plant Strength Nutrient and Supplement with Bioavailable Silicon, 1 Gallon (128 oz)",2,8,IUSF,FBA193VBYPZD,
2025-11-22T01:31:54,TRIPLE10TREE1G,B0D4JKCJP6,B0D4JKCJP6,5OFZ26FS,4,DEPARTED,"Liquid 10-10-10 Fertilizer for Trees and Shrubs, Triple Ten NPK Plus Iron and Micros, Liquid Plant Food 128 oz (1 Gallon)",1,4,IUSF,FBA193VBYPZD,
2025-11-22T01:31:54,TRIPLE10TREE1G,B0D4JKCJP6,B0D4JKCJP6,5OFZ26FS,4,DEPARTED,"Liquid 10-10-10 Fertilizer for Trees and Shrubs, Triple Ten NPK Plus Iron and Micros, Liquid Plant Food 128 oz (1 Gallon)",1,4,IUSF,FBA193YS2XLW,
2025-11-22T03:49:40,LIQUIDWORM1Q,B0D4JFQVNC,B0D4JFQVNC,5OFZ26FS,12,DEPARTED,"Worm Casting Tea Concentrate, Liquid Earthworm Tea for Plants, Bokashi and Compost Booster, 32 oz (1 Quart)",1,12,IUSF,FBA193YR4L86,
2025-11-22T03:49:40,TRIPLE10TREE1G,B0D4JKCJP6,B0D4JKCJP6,5OFZ26FS,4,DEPARTED,"Liquid 10-10-10 Fertilizer for Trees and Shrubs, Triple Ten NPK Plus Iron and Micros, Liquid Plant Food 128 oz (1 Gallon)",2,8,IUSF,FBA193YPMMKR,
2025-11-22T03:49:40,TRIPLE10TREE1G,B0D4JKCJP6,B0D4JKCJP6,5OFZ26FS,4,DEPARTED,"Liquid 10-10-10 Fertilizer for Trees and Shrubs, Triple Ten NPK Plus Iron and Micros, Liquid Plant Food 128 oz (1 Gallon)",1,4,IUSF,FBA193YQY01W,
2025-11-22T04:33:58,TPS-OAKTREE-8OZ,B0DQSF7DS8,B0DQSF7DS8,3612UH1C,60,DEPARTED,"Oak Tree Fertilizer, Complete Liquid Oak Tree Plant Food, 8 oz (250mL)",1,60,IUSR,FBA19409VKN5,
2025-11-22T07:40:03,BKELP1Q-0224,B073ZNW8MX,B073ZNW8MX,5OFZ26FS,12,DEPARTED,"Bloom City Organic Liquid Seaweed and Kelp Fertilizer Supplement, Quart (32 oz) Concentrated Makes 180 Gallons",7,84,IUSF,FBA193V9LQBF,
2025-11-22T07:40:03,TRIPLE10TREE1G,B0D4JKCJP6,B0D4JKCJP6,5OFZ26FS,4,DEPARTED,"Liquid 10-10-10 Fertilizer for Trees and Shrubs, Triple Ten NPK Plus Iron and Micros, Liquid Plant Food 128 oz (1 Gallon)",1,4,IUSF,FBA193YPMMKR,
2025-11-22T14:55:27,TRIPLE10TREE1G,B0D4JKCJP6,B0D4JKCJP6,5OFZ26FS,4,DEPARTED,"Liquid 10-10-10 Fertilizer for Trees and Shrubs, Triple Ten NPK Plus Iron and Micros, Liquid Plant Food 128 oz (1 Gallon)",1,4,IUSF,FBA193YQTYMS,
2025-11-22T15:23:40,TPSSIL1G-FBA-UPC-0323,B07CX79577,B07CX79577,5OFZ26FS,4,DEPARTED,"TPS NUTRIENTS Silica Gold Plant Strength Nutrient and Supplement with Bioavailable Silicon, 1 Gallon (128 oz)",2,8,IUSF,FBA193VGHND1,
2025-11-22T16:20:05,PALMTREE1G-FBA-UPC-0523,B0C6Q6GN8H,B0C6Q6GN8H,5OFZ26FS,4,DEPARTED,"Palm Tree Fertilizer for All Palms and Ferns, Liquid Plant Food, 1 Gallon (128 oz)",1,4,IUSF,FBA193VGHND1,
2025-11-22T16:20:05,TRIPLE10TREE1G,B0D4JKCJP6,B0D4JKCJP6,5OFZ26FS,4,DEPARTED,"Liquid 10-10-10 Fertilizer for Trees and Shrubs, Triple Ten NPK Plus Iron and Micros, Liquid Plant Food 128 oz (1 Gallon)",1,4,IUSF,FBA193VGHND1,
2025-11-20T22:24:48,HPFIG8OZ-FBA-UPC-0123,B0BRTJGR33,B0BRTJGR33,5OFZ26FS,60,DEPARTED,"Fiddle Leaf Fig Plant Food for All Fig and Other Ficus Trees, Liquid Houseplant Fertilizer 8 oz (250mL)",2,120,IUSF,FBA193VBYPZD,
2025-11-20T22:24:48,MONEYTREE8OZ-FBA-UPC-0523,B0C6Q7TGX1,B0C6Q7TGX1,5OFZ26FS,60,DEPARTED,"Money Tree Fertilizer for Money Trees and All Pachira Plants, Liquid Plant Food 8 oz (250mL)",1,60,IUSF,FBA193VBYPZD,
2025-11-20T22:24:48,PALMTREE1G-FBA-UPC-0523,B0C6Q6GN8H,B0C6Q6GN8H,5OFZ26FS,4,DEPARTED,"Palm Tree Fertilizer for All Palms and Ferns, Liquid Plant Food, 1 Gallon (128 oz)",1,4,IUSF,FBA193VBYPZD,
2025-11-20T22:24:48,TROPICAL8OZ-FBA-UPC-1123,B0CPGJ53JC,B0CPGJ53JC,5OFZ26FS,60,DEPARTED,"TPS NUTRIENTS Tropical Plant Fertilizer for All Tropical Indoor and Outdoor Plants, Liquid Plant Food 8 oz (250mL)",1,60,IUSF,FBA193VBYPZD,
2025-11-21T04:18:35,BKELP1G-0224,B073ZNW5CK,B073ZNW5CK,5OFZ26FS,4,DEPARTED,Bloom City Organic Liquid Seaweed and Kelp Fertilizer Supplement (128 oz) Concentrated Makes 750 Gallons,9,36,IUSF,FBA193VBYPZD,
2025-11-21T04:18:35,BKELP1Q-0224,B073ZNW8MX,B073ZNW8MX,5OFZ26FS,12,DEPARTED,"Bloom City Organic Liquid Seaweed and Kelp Fertilizer Supplement, Quart (32 oz) Concentrated Makes 180 Gallons",3,36,IUSF,FBA193VBYPZD,
2025-11-21T04:18:35,LEMON1Q-FBA-UPC-0523,B0C73TCVFW,B0C73TCVFW,5OFZ26FS,12,DEPARTED,"Lemon Tree Fertilizer for Lemon Trees and Citrus, Liquid Plant Food, 32 oz (1 Quart)",4,48,IUSF,FBA193VBYPZD,
2025-11-21T07:24:58,BKELP1Q-0224,B073ZNW8MX,B073ZNW8MX,5OFZ26FS,12,DEPARTED,"Bloom City Organic Liquid Seaweed and Kelp Fertilizer Supplement, Quart (32 oz) Concentrated Makes 180 Gallons",1,12,IUSF,FBA193VBYPZD,
2025-11-21T07:24:58,TPS-BOUGAINVILLEA-8OZ,B0DPKW9K72,B0DPKW9K72,5OFZ26FS,60,DEPARTED,"Bougainvillea Fertilizer, Complete Liquid Bougainvillea Plant Food, 8 oz (250mL)",2,120,IUSF,FBA193VBYPZD,
2025-11-21T07:24:58,TPSCMOAC1Q-FBA-UPC-0523,B07CWQNYYC,B07CWQNYYC,5OFZ26FS,12,DEPARTED,"TPS NUTRIENTS Organic Cal-Mag OAC Plant Nutrient and Supplement, Plus Iron and Micronutrients 1 Quart (32 oz)",1,12,IUSF,FBA193VBYPZD,
2025-11-21T07:24:58,TPSSIG1Q-FBA-UPC-0323,B07CWQBNMS,B07CWQBNMS,5OFZ26FS,12,DEPARTED,"Signal Terpene Enhancer Plant Nutrient and Supplement, Flower Hardener and Increases Flavor by TPS Nutrients, 1 Quart (32 oz)",2,24,IUSF,FBA193VBYPZD,
2025-11-21T15:39:26,FICUSTREE1Q-FBA-UPC-1123,B0CPGKVZJH,B0CPGKVZJH,5OFZ26FS,12,DEPARTED,"TPS NUTRIENTS Ficus Tree Fertilizer for All Ficus, Fig and Moraceae Plants, Liquid Plant Food, 32 oz (1 Quart)",1,12,IUSF,FBA193VGHND1,
2025-11-21T15:39:26,TPSSIG1Q-FBA-UPC-0323,B07CWQBNMS,B07CWQBNMS,5OFZ26FS,12,DEPARTED,"Signal Terpene Enhancer Plant Nutrient and Supplement, Flower Hardener and Increases Flavor by TPS Nutrients, 1 Quart (32 oz)",1,12,IUSF,FBA193VGHND1,
2025-11-21T15:53:18,TRIPLE10TREE1G,B0D4JKCJP6,B0D4JKCJP6,5OFZ26FS,4,DEPARTED,"Liquid 10-10-10 Fertilizer for Trees and Shrubs, Triple Ten NPK Plus Iron and Micros, Liquid Plant Food 128 oz (1 Gallon)",1,4,IUSF,FBA193YQFHD7,
2025-11-21T18:31:25,BLOOMFERT1G-0524,B0D4JFPQ1S,B0D4JFPQ1S,5OFZ26FS,4,DEPARTED,"Bloom Fertilizer, Concentrated PK Boost, No Nitrogen Bud and Fruit Booster, Liquid Plant Food 128 oz (1 Gallon)",1,4,IUSF,FBA193VGFFTW,
2025-11-21T18:31:25,TPS-PINEAPPLEFERT-8OZ,B0FLWTSYWN,B0FLWTSYWN,5OFZ26FS,60,DEPARTED,"Pineapple Fertilizer for Pineapple Plants, Supports Fruit Production and Indoor/Outdoor Success, Liquid Fertilizer by TPS Plant Foods, 8 oz (250mL)",1,60,IUSF,FBA193P1TNHV,
2025-11-12T20:32:10,LIQUIDPF8OZ-FBA-UPC-0123,B0BRTKV4TC,B0BRTKV4TC,3SRWV9OX,60,DEPARTED,"Liquid Plant Food for use in AeroGarden, IDOO and Hydroponic Growing Systems, Liquid Fertilizer 8 oz (250mL)",1,60,IUST,FBA19380S7J3,
2025-11-19T19:18:10,SNAKE1Q-FBA-UPC-0523,B0C6Q6MKGT,B0C6Q6MKGT,78VHKF2V,12,DEPARTED,"Snake Plant Fertilizer for Snake Plants and All Sansevieria, 32 oz (1 Quart)",2,24,IUSR,FBA193VDZRY8,
2025-11-19T19:18:10,TPS-CAMELLIA-8OZ,B0DPM6L3CL,B0DPM6L3CL,78VHKF2V,60,DEPARTED,"Camellia Fertilizer, Complete Liquid Camellia Plant Food, 8 oz (250mL)",2,120,IUSR,FBA193VDZRY8,
2025-11-19T19:18:10,TPS-HYDROPONICNUTRIENTS-QUART,B0DQRQ81YJ,B0DQRQ81YJ,45G18IKB,12,DEPARTED,"Hydroponic Nutrients for Edible Plants, One Part Complete Liquid Plant Food for Hydroponic Systems, 32 oz (1 Quart)",1,12,IUSR,FBA193VDZRY8,
2025-11-19T19:25:19,BKELP1G-0224,B073ZNW5CK,B073ZNW5CK,5OFZ26FS,4,DEPARTED,Bloom City Organic Liquid Seaweed and Kelp Fertilizer Supplement (128 oz) Concentrated Makes 750 Gallons,3,12,IUSF,FBA193V9LQBF,
2025-11-19T19:25:19,MONEYTREE8OZ-FBA-UPC-0523,B0C6Q7TGX1,B0C6Q7TGX1,5OFZ26FS,60,DEPARTED,"Money Tree Fertilizer for Money Trees and All Pachira Plants, Liquid Plant Food 8 oz (250mL)",1,60,IUSF,FBA193V9LQBF,
2025-11-19T19:43:14,TPS-PECANTREEFERT-1GALLON,B0FKMR162G,B0FKMR162G,5OFZ26FS,4,DEPARTED,"Pecan Tree Fertilizer for Pecan Trees, Supports Strong Growth and Hearty Nuts in All Varieiteis of Nut Trees, Liquid Fertilizer by TPS Plant Foods, 1 Gallon (128 oz)",1,4,IUSF,FBA193NS29GY,
2025-11-19T19:43:14,TPS-PUMPKINFERTILIZER-1GAL,B0DQ81KB68,B0DQ81KB68,5OFZ26FS,4,DEPARTED,"Pumpkin Fertilizer, Complete Liquid Pumpkin Squash and GORD Plant Food, 1 Gallon (128 oz)",1,4,IUSF,FBA193NWBDBM,
2025-11-19T19:43:14,TPSSIG1Q-FBA-UPC-0323,B07CWQBNMS,B07CWQBNMS,5OFZ26FS,12,DEPARTED,"Signal Terpene Enhancer Plant Nutrient and Supplement, Flower Hardener and Increases Flavor by TPS Nutrients, 1 Quart (32 oz)",3,36,IUSF,FBA193NYT6Q6,
2025-11-19T20:24:46,BKELP1G-0224,B073ZNW5CK,B073ZNW5CK,5OFZ26FS,4,DEPARTED,Bloom City Organic Liquid Seaweed and Kelp Fertilizer Supplement (128 oz) Concentrated Makes 750 Gallons,6,24,IUSF,FBA193VBYBBR,
2025-11-19T20:24:46,HPFIG8OZ-FBA-UPC-0123,B0BRTJGR33,B0BRTJGR33,5OFZ26FS,60,DEPARTED,"Fiddle Leaf Fig Plant Food for All Fig and Other Ficus Trees, Liquid Houseplant Fertilizer 8 oz (250mL)",1,60,IUSF,FBA193VBYBBR,
2025-11-19T20:24:46,PALMTREE1G-FBA-UPC-0523,B0C6Q6GN8H,B0C6Q6GN8H,5OFZ26FS,4,DEPARTED,"Palm Tree Fertilizer for All Palms and Ferns, Liquid Plant Food, 1 Gallon (128 oz)",1,4,IUSF,FBA193VBYBBR,
2025-11-19T20:24:46,TPS-BOUGAINVILLEA-8OZ,B0DPKW9K72,B0DPKW9K72,5OFZ26FS,60,DEPARTED,"Bougainvillea Fertilizer, Complete Liquid Bougainvillea Plant Food, 8 oz (250mL)",1,60,IUSF,FBA193VBYBBR,
2025-11-19T20:24:46,TPSSIG1Q-FBA-UPC-0323,B07CWQBNMS,B07CWQBNMS,5OFZ26FS,12,DEPARTED,"Signal Terpene Enhancer Plant Nutrient and Supplement, Flower Hardener and Increases Flavor by TPS Nutrients, 1 Quart (32 oz)",2,24,IUSF,FBA193VBYBBR,
2025-11-19T20:24:46,TPSSIL1G-FBA-UPC-0323,B07CX79577,B07CX79577,5OFZ26FS,4,DEPARTED,"TPS NUTRIENTS Silica Gold Plant Strength Nutrient and Supplement with Bioavailable Silicon, 1 Gallon (128 oz)",1,4,IUSF,FBA193VBYBBR,
2025-11-19T21:36:18,FERN8OZ-FBA-UPC-1123,B0CPGC9MWC,B0CPGC9MWC,369EGB1B,60,DEPARTED,"Fern Fertilizer for All Ferns and Mosses, Liquid Plant Food 8 oz (250mL)",1,60,IUSR,FBA193VC4KP9,
2025-11-20T03:03:17,BKELP1G-0224,B073ZNW5CK,B073ZNW5CK,5OFZ26FS,4,DEPARTED,Bloom City Organic Liquid Seaweed and Kelp Fertilizer Supplement (128 oz) Concentrated Makes 750 Gallons,6,24,IUSF,FBA193VBYBBR,
2025-11-20T03:03:17,BONSAI8OZ-FBA-UPC-0523,B0C6R56WK1,B0C6R56WK1,5OFZ26FS,60,DEPARTED,"Bonsai Fertilizer, Liquid Plant Food for Healthy Growth & Strong Roots in All Bonsai Trees, by TPS Plant Foods, 8 oz (250 mL)",1,60,IUSF,FBA193VBYBBR,
2025-11-20T03:03:17,TPS-BOUGAINVILLEA-8OZ,B0DPKW9K72,B0DPKW9K72,5OFZ26FS,60,DEPARTED,"Bougainvillea Fertilizer, Complete Liquid Bougainvillea Plant Food, 8 oz (250mL)",1,60,IUSF,FBA193VBYBBR,
2025-11-20T03:03:17,TPSSIG1Q-FBA-UPC-0323,B07CWQBNMS,B07CWQBNMS,5OFZ26FS,12,DEPARTED,"Signal Terpene Enhancer Plant Nutrient and Supplement, Flower Hardener and Increases Flavor by TPS Nutrients, 1 Quart (32 oz)",1,12,IUSF,FBA193VBYBBR,
2025-11-20T03:03:17,TPSSIL1G-FBA-UPC-0323,B07CX79577,B07CX79577,5OFZ26FS,4,DEPARTED,"TPS NUTRIENTS Silica Gold Plant Strength Nutrient and Supplement with Bioavailable Silicon, 1 Gallon (128 oz)",6,24,IUSF,FBA193NY7Q28,
2025-11-20T03:03:17,TROPICAL8OZ-FBA-UPC-1123,B0CPGJ53JC,B0CPGJ53JC,5OFZ26FS,60,DEPARTED,"TPS NUTRIENTS Tropical Plant Fertilizer for All Tropical Indoor and Outdoor Plants, Liquid Plant Food 8 oz (250mL)",1,60,IUSF,FBA193VBYBBR,
2025-11-20T04:24:55,FERN8OZ-FBA-UPC-1123,B0CPGC9MWC,B0CPGC9MWC,369EGB1B,60,DEPARTED,"Fern Fertilizer for All Ferns and Mosses, Liquid Plant Food 8 oz (250mL)",1,60,IUSR,FBA193VCDHZS,
2025-11-20T05:56:43,BKELP1G-0224,B073ZNW5CK,B073ZNW5CK,5OFZ26FS,4,DEPARTED,Bloom City Organic Liquid Seaweed and Kelp Fertilizer Supplement (128 oz) Concentrated Makes 750 Gallons,12,48,IUSF,FBA193VGHND1,
2025-11-20T05:56:43,BKELP1Q-0224,B073ZNW8MX,B073ZNW8MX,5OFZ26FS,12,DEPARTED,"Bloom City Organic Liquid Seaweed and Kelp Fertilizer Supplement, Quart (32 oz) Concentrated Makes 180 Gallons",2,24,IUSF,FBA193VGHND1,
2025-11-20T05:56:43,TPSSIG1Q-FBA-UPC-0323,B07CWQBNMS,B07CWQBNMS,5OFZ26FS,12,DEPARTED,"Signal Terpene Enhancer Plant Nutrient and Supplement, Flower Hardener and Increases Flavor by TPS Nutrients, 1 Quart (32 oz)",1,12,IUSF,FBA193VGHND1,
2025-11-20T08:11:22,FERN8OZ-FBA-UPC-1123,B0CPGC9MWC,B0CPGC9MWC,369EGB1B,60,DEPARTED,"Fern Fertilizer for All Ferns and Mosses, Liquid Plant Food 8 oz (250mL)",1,60,IUSR,FBA193VDGGD0,
2025-11-20T08:28:29,TPSSIL1G-FBA-UPC-0323,B07CX79577,B07CX79577,5OFZ26FS,4,DEPARTED,"TPS NUTRIENTS Silica Gold Plant Strength Nutrient and Supplement with Bioavailable Silicon, 1 Gallon (128 oz)",3,12,IUSF,FBA193NYT6Q6,
2025-11-20T08:32:51,FERN8OZ-FBA-UPC-1123,B0CPGC9MWC,B0CPGC9MWC,369EGB1B,60,DEPARTED,"Fern Fertilizer for All Ferns and Mosses, Liquid Plant Food 8 oz (250mL)",1,60,IUSR,FBA193VCY2P9,
2025-11-20T09:21:43,TPS-PETUNIA-8OZ,B0DQTNRVGH,B0DQTNRVGH,43WAOH1U,60,RECEIVED,"Petunia Fertilizer, Complete Liquid Petunia Plant Food, 8 oz (250mL)",1,60,IUSR,STAR-WE4PFHPP2G6YK,
2025-11-20T15:55:46,AFVIOLET8OZ-FBA-UPC-0523,B0C73TS2P2,B0C73TS2P2,5OFZ26FS,60,DEPARTED,"African Violet Fertilizer for Indoor Flowering Plants, Liquid Plant Food 8 oz (250mL)",1,60,IUSF,FBA193VGHND1,
2025-11-20T15:55:46,HPFIG8OZ-FBA-UPC-0123,B0BRTJGR33,B0BRTJGR33,5OFZ26FS,60,DEPARTED,"Fiddle Leaf Fig Plant Food for All Fig and Other Ficus Trees, Liquid Houseplant Fertilizer 8 oz (250mL)",1,60,IUSF,FBA193THYHGN,
2025-11-20T15:55:46,TPSCMOAC1Q-FBA-UPC-0523,B07CWQNYYC,B07CWQNYYC,5OFZ26FS,12,DEPARTED,"TPS NUTRIENTS Organic Cal-Mag OAC Plant Nutrient and Supplement, Plus Iron and Micronutrients 1 Quart (32 oz)",2,24,IUSF,FBA193VGHND1,
2025-11-20T15:55:46,TPSSIG1Q-FBA-UPC-0323,B07CWQBNMS,B07CWQBNMS,5OFZ26FS,12,DEPARTED,"Signal Terpene Enhancer Plant Nutrient and Supplement, Flower Hardener and Increases Flavor by TPS Nutrients, 1 Quart (32 oz)",1,12,IUSF,FBA193VGHND1,
2025-11-20T16:06:41,TPSSIG1Q-FBA-UPC-0323,B07CWQBNMS,B07CWQBNMS,5OFZ26FS,12,DEPARTED,"Signal Terpene Enhancer Plant Nutrient and Supplement, Flower Hardener and Increases Flavor by TPS Nutrients, 1 Quart (32 oz)",1,12,IUSF,FBA193S7CQ40,
2025-11-20T16:30:43,AFVIOLET8OZ-FBA-UPC-0523,B0C73TS2P2,B0C73TS2P2,5OFZ26FS,60,DEPARTED,"African Violet Fertilizer for Indoor Flowering Plants, Liquid Plant Food 8 oz (250mL)",1,60,IUSF,FBA193VBYBBR,
2025-11-20T16:30:43,LEMON1Q-FBA-UPC-0523,B0C73TCVFW,B0C73TCVFW,5OFZ26FS,12,DEPARTED,"Lemon Tree Fertilizer for Lemon Trees and Citrus, Liquid Plant Food, 32 oz (1 Quart)",2,24,IUSF,FBA193VBYBBR,
2025-11-20T16:30:43,TPSSIL1G-FBA-UPC-0323,B07CX79577,B07CX79577,5OFZ26FS,4,DEPARTED,"TPS NUTRIENTS Silica Gold Plant Strength Nutrient and Supplement with Bioavailable Silicon, 1 Gallon (128 oz)",4,16,IUSF,FBA193NY7Q28,
2025-11-20T16:30:43,TPSSIL1G-FBA-UPC-0323,B07CX79577,B07CX79577,5OFZ26FS,4,DEPARTED,"TPS NUTRIENTS Silica Gold Plant Strength Nutrient and Supplement with Bioavailable Silicon, 1 Gallon (128 oz)",1,4,IUSF,FBA193VBYBBR,
2025-11-20T18:29:58,BKELP1G-0224,B073ZNW5CK,B073ZNW5CK,5OFZ26FS,4,DEPARTED,Bloom City Organic Liquid Seaweed and Kelp Fertilizer Supplement (128 oz) Concentrated Makes 750 Gallons,4,16,IUSF,FBA193V9LQBF,
2025-11-20T18:29:58,TRIPLE10TREE1G,B0D4JKCJP6,B0D4JKCJP6,5OFZ26FS,4,DEPARTED,"Liquid 10-10-10 Fertilizer for Trees and Shrubs, Triple Ten NPK Plus Iron and Micros, Liquid Plant Food 128 oz (1 Gallon)",1,4,IUSF,FBA193V9LQBF,
2025-11-20T18:37:40,AFVIOLET8OZ-FBA-UPC-0523,B0C73TS2P2,B0C73TS2P2,5OFZ26FS,60,DEPARTED,"African Violet Fertilizer for Indoor Flowering Plants, Liquid Plant Food 8 oz (250mL)",1,60,IUSF,FBA193V9LQBF,
2025-11-20T18:37:40,BKELP1G-0224,B073ZNW5CK,B073ZNW5CK,5OFZ26FS,4,DEPARTED,Bloom City Organic Liquid Seaweed and Kelp Fertilizer Supplement (128 oz) Concentrated Makes 750 Gallons,3,12,IUSF,FBA193V9LQBF,
2025-11-20T18:37:40,BONSAI8OZ-FBA-UPC-0523,B0C6R56WK1,B0C6R56WK1,5OFZ26FS,60,DEPARTED,"Bonsai Fertilizer, Liquid Plant Food for Healthy Growth & Strong Roots in All Bonsai Trees, by TPS Plant Foods, 8 oz (250 mL)",1,60,IUSF,FBA193V9LQBF,
2025-11-20T18:37:40,FICUSTREE1Q-FBA-UPC-1123,B0CPGKVZJH,B0CPGKVZJH,5OFZ26FS,12,DEPARTED,"TPS NUTRIENTS Ficus Tree Fertilizer for All Ficus, Fig and Moraceae Plants, Liquid Plant Food, 32 oz (1 Quart)",1,12,IUSF,FBA193NYBBN9,
2025-11-20T18:37:40,HPFIG8OZ-FBA-UPC-0123,B0BRTJGR33,B0BRTJGR33,5OFZ26FS,60,DEPARTED,"Fiddle Leaf Fig Plant Food for All Fig and Other Ficus Trees, Liquid Houseplant Fertilizer 8 oz (250mL)",1,60,IUSF,FBA193V9LQBF,
2025-11-20T18:37:40,LEMON1Q-FBA-UPC-0523,B0C73TCVFW,B0C73TCVFW,5OFZ26FS,12,DEPARTED,"Lemon Tree Fertilizer for Lemon Trees and Citrus, Liquid Plant Food, 32 oz (1 Quart)",3,36,IUSF,FBA193V9LQBF,
2025-11-20T18:37:40,TPS-BOUGAINVILLEA-8OZ,B0DPKW9K72,B0DPKW9K72,5OFZ26FS,60,DEPARTED,"Bougainvillea Fertilizer, Complete Liquid Bougainvillea Plant Food, 8 oz (250mL)",2,120,IUSF,FBA193V9LQBF,
2025-11-20T18:37:40,TPSSIG1Q-FBA-UPC-0323,B07CWQBNMS,B07CWQBNMS,5OFZ26FS,12,DEPARTED,"Signal Terpene Enhancer Plant Nutrient and Supplement, Flower Hardener and Increases Flavor by TPS Nutrients, 1 Quart (32 oz)",1,12,IUSF,FBA193V9LQBF,
2025-11-20T18:37:40,TROPICAL8OZ-FBA-UPC-1123,B0CPGJ53JC,B0CPGJ53JC,5OFZ26FS,60,DEPARTED,"TPS NUTRIENTS Tropical Plant Fertilizer for All Tropical Indoor and Outdoor Plants, Liquid Plant Food 8 oz (250mL)",1,60,IUSF,FBA193V9LQBF,
2025-11-18T21:34:46,HPORCHID1Q-FBA-UPC-0123,B0BRTHWDSZ,B0BRTHWDSZ,3SRWV9OX,12,DEPARTED,"Orchid Plant Food for All Orchids and Acid Loving Houseplants, Promotes Growth and Blooms, Liquid Fertilizer, 32 oz (1 Quart)",1,12,IUST,FBA193VDZGM7,
2025-11-18T21:55:22,EVERGREEN1G-FBA-UPC-1123,B0CPGP6WT9,B0CPGP6WT9,5OFZ26FS,4,DEPARTED,"Evergreen Tree Fertilizer for All Conifer Trees and Shrubs, Liquid Plant Food 1 Gallon (128oz)",1,4,IUSF,FBA193NZ7YWT,
2025-11-18T21:55:22,TPSSIG1Q-FBA-UPC-0323,B07CWQBNMS,B07CWQBNMS,5OFZ26FS,12,DEPARTED,"Signal Terpene Enhancer Plant Nutrient and Supplement, Flower Hardener and Increases Flavor by TPS Nutrients, 1 Quart (32 oz)",1,12,IUSF,FBA193S860YP,
2025-11-18T22:06:23,TPS-JUNIPERFERT-QUART,B0FKMQTFNN,B0FKMQTFNN,3SRWV9OX,12,DEPARTED,"Juniper Fertilizer for Juniper Trees, Great for All Varieities Including Creeping, Common, and Chinese, Liquid Fertilizer by TPS Plant Foods, 32 oz (1 Quart)",1,12,IUST,FBA193VDZGM7,
2025-11-19T01:04:21,TPS-IVYPLANTFOOD-8OZ,B0DQSVV6DL,B0DQSVV6DL,6FE2FM6Y,60,DEPARTED,"Ivy Plant Food, Complete Liquid Ivy and Vine Plant Ferilizer, 8 oz (250mL)",1,60,IUST,FBA193VDZGM7,
2025-11-19T01:05:05,TPS-PECANTREEFERT-QUART,B0FKLVKKGP,B0FKLVKKGP,5JT732XW,12,DEPARTED,"Pecan Tree Fertilizer for Pecan Trees, Supports Strong Growth and Hearty Nuts in All Varieties of Nut Trees, Liquid Fertilizer by TPS Plant Foods, 32 oz (1 Quart)",1,12,IUST,FBA193VDZGM7,
2025-11-19T02:28:12,TPS-ORANGETREE-QUART,B0DQSHHN4G,B0DQSHHN4G,6ZYTVK9U,12,DEPARTED,"Orange Tree Fertilizer, Complete Liquid Orange Tree Citrus Plant Food, 32 oz (1 Quart)",1,12,IUST,FBA193VDZGM7,
2025-11-19T03:29:49,TPSCMOAC1Q-FBA-UPC-0523,B07CWQNYYC,B07CWQNYYC,5OFZ26FS,12,DEPARTED,"TPS NUTRIENTS Organic Cal-Mag OAC Plant Nutrient and Supplement, Plus Iron and Micronutrients 1 Quart (32 oz)",1,12,IUSF,FBA193TH81FJ,
2025-11-19T03:32:16,BIRON8OZ-0224,B0BZBMCKD8,B0BZBMCKD8,5OFZ26FS,60,DEPARTED,"Bloom City's Organic Liquid Iron - Liquid Iron for Lawn - Chelated Iron for Plants, 1/2 Pint (8 oz)",1,60,IUSF,FBA193NVF919,2027-10-27
2025-11-19T03:32:16,TPS-BERRYFERTILIZER-1GAL,B0DPKQFW48,B0DPKQFW48,5OFZ26FS,4,DEPARTED,"Berry Fertilizer, Complete Liquid Strawberry and Blueberry Plant Food, Great for All Berries, 1 Gallon (128 oz)",1,4,IUSF,FBA193QJS3FB,
2025-11-19T03:32:16,TPS-OAKTREE-1GAL,B0DQSNX3N7,B0DQSNX3N7,5OFZ26FS,4,DEPARTED,"Oak Tree Fertilizer, Complete Liquid Oak Tree Plant Food, 1 Gallon (128 oz)",1,4,IUSF,FBA193P2J658,
2025-11-19T03:32:16,TPSCMOAC1Q-FBA-UPC-0523,B07CWQNYYC,B07CWQNYYC,5OFZ26FS,12,DEPARTED,"TPS NUTRIENTS Organic Cal-Mag OAC Plant Nutrient and Supplement, Plus Iron and Micronutrients 1 Quart (32 oz)",1,12,IUSF,FBA193TK1CN4,
2025-11-19T04:01:54,AFVIOLET1G-FBA-UPC-0523,B0C73TDLPX,B0C73TDLPX,3SRWV9OX,4,DEPARTED,"African Violet Fertilizer for Indoor Flowering Plants, Liquid Plant Food, 1 Gallon (128 oz)",1,4,IUST,FBA193VDZGM7,
2025-11-19T04:11:13,TPS-JUNIPERFERT-QUART,B0FKMQTFNN,B0FKMQTFNN,3SRWV9OX,12,DEPARTED,"Juniper Fertilizer for Juniper Trees, Great for All Varieities Including Creeping, Common, and Chinese, Liquid Fertilizer by TPS Plant Foods, 32 oz (1 Quart)",1,12,IUST,FBA193VDZGM7,
2025-11-19T05:37:54,FERN8OZ-FBA-UPC-1123,B0CPGC9MWC,B0CPGC9MWC,369EGB1B,60,DEPARTED,"Fern Fertilizer for All Ferns and Mosses, Liquid Plant Food 8 oz (250mL)",1,60,IUSR,FBA193VFZ6JW,
2025-11-19T06:26:05,OLIVE1G-FBA-UPC-1123,B0CPGHBD8R,B0CPGHBD8R,5OFZ26FS,4,DEPARTED,"Olive Tree Fertilizer for All Olive and Oleaceae Trees, Liquid Plant Food 1 Gallon (128oz)",1,4,IUSF,FBA193NV25BH,
2025-11-19T06:26:05,TPS-CLOVERFERT-1GALLON,B0FKT8JT1F,B0FKT8JT1F,5OFZ26FS,4,DEPARTED,"Clover Fertilizer for Clover Lawns, Great for Microclover and Dutch White Clover, Liquid Fertilizer by TPS Plant Foods, 1 Gallon (128oz)",2,8,IUSF,FBA193NRPX3R,
2025-11-19T06:26:05,TPSSIL1Q,B07CX36LW8,B07CX36LW8,5OFZ26FS,12,DEPARTED,TPS NUTRIENTS Silica Gold Plant Strength Nutrient and Supplement with Bioavailable Silicon 1 Quart (32 oz),1,12,IUSF,FBA193P060MD,
2025-11-19T06:31:58,PALMTREE1G-FBA-UPC-0523,B0C6Q6GN8H,B0C6Q6GN8H,5OFZ26FS,4,DEPARTED,"Palm Tree Fertilizer for All Palms and Ferns, Liquid Plant Food, 1 Gallon (128 oz)",2,8,IUSF,FBA193V9LQBF,
2025-11-19T07:10:37,BKELP1Q-0224,B073ZNW8MX,B073ZNW8MX,5OFZ26FS,12,DEPARTED,"Bloom City Organic Liquid Seaweed and Kelp Fertilizer Supplement, Quart (32 oz) Concentrated Makes 180 Gallons",4,48,IUSF,FBA193S7CQ40,
2025-11-19T07:10:37,BKELP1Q-0224,B073ZNW8MX,B073ZNW8MX,5OFZ26FS,12,DEPARTED,"Bloom City Organic Liquid Seaweed and Kelp Fertilizer Supplement, Quart (32 oz) Concentrated Makes 180 Gallons",1,12,IUSF,FBA193TGN2XM,
2025-11-19T07:10:37,TPS-BIRCHTREEFERT-1GAL,B0FKLS569Q,B0FKLS569Q,5OFZ26FS,4,DEPARTED,"Birch Tree Fertilizer for Birch Trees, Works Great for River Birch, Paper Birch, and Silver Birch, Liquid Fertilizer by TPS Plant Foods, 1 Gallon (128 oz)",1,4,IUSF,FBA193NZKJY6,
2025-11-19T07:10:37,TPS-BRAZILIANWOOD-8OZ,B0DQTP66M4,B0DQTP66M4,5OFZ26FS,60,DEPARTED,"Brazilian Wood Fertilizer, Complete Liquid Brazilian Wood Plant Food, 8 oz (250mL)",1,60,IUSF,FBA193P2J658,
2025-11-19T07:30:16,BKELP1Q-0224,B073ZNW8MX,B073ZNW8MX,5OFZ26FS,12,DEPARTED,"Bloom City Organic Liquid Seaweed and Kelp Fertilizer Supplement, Quart (32 oz) Concentrated Makes 180 Gallons",1,12,IUSF,FBA193VGHND1,
2025-11-19T07:30:16,HPFIG8OZ-FBA-UPC-0123,B0BRTJGR33,B0BRTJGR33,5OFZ26FS,60,DEPARTED,"Fiddle Leaf Fig Plant Food for All Fig and Other Ficus Trees, Liquid Houseplant Fertilizer 8 oz (250mL)",2,120,IUSF,FBA193VGHND1,
2025-11-19T07:30:16,LEMON1Q-FBA-UPC-0523,B0C73TCVFW,B0C73TCVFW,5OFZ26FS,12,DEPARTED,"Lemon Tree Fertilizer for Lemon Trees and Citrus, Liquid Plant Food, 32 oz (1 Quart)",5,60,IUSF,FBA193VGHND1,
2025-11-19T07:30:16,TPSSIL1G-FBA-UPC-0323,B07CX79577,B07CX79577,5OFZ26FS,4,DEPARTED,"TPS NUTRIENTS Silica Gold Plant Strength Nutrient and Supplement with Bioavailable Silicon, 1 Gallon (128 oz)",1,4,IUSF,FBA193VGHND1,
2025-11-19T08:02:57,TPSCMOAC1Q-FBA-UPC-0523,B07CWQNYYC,B07CWQNYYC,43WAOH1U,12,DEPARTED,"TPS NUTRIENTS Organic Cal-Mag OAC Plant Nutrient and Supplement, Plus Iron and Micronutrients 1 Quart (32 oz)",1,12,IUSL,FBA193VFGVHG,
2025-11-19T08:39:11,MONEYTREE8OZ-FBA-UPC-0523,B0C6Q7TGX1,B0C6Q7TGX1,5OFZ26FS,60,DEPARTED,"Money Tree Fertilizer for Money Trees and All Pachira Plants, Liquid Plant Food 8 oz (250mL)",1,60,IUSF,FBA193VGHND1,
2025-11-19T08:39:11,TPS-BOUGAINVILLEA-8OZ,B0DPKW9K72,B0DPKW9K72,5OFZ26FS,60,DEPARTED,"Bougainvillea Fertilizer, Complete Liquid Bougainvillea Plant Food, 8 oz (250mL)",2,120,IUSF,FBA193VGHND1,
2025-11-19T08:39:11,TPSSIG1G-FBA-UPC-0523,B07CWQ2V2G,B07CWQ2V2G,5OFZ26FS,4,DEPARTED,"TPS NUTRIENTS Signal Terpene Enhancer Plant Nutrient and Supplement, Flower Hardener and Increases Flavor, 1 Gallon (128 oz)",1,4,IUSF,FBA193P2HKXH,
2025-11-19T08:39:11,TROPICAL8OZ-FBA-UPC-1123,B0CPGJ53JC,B0CPGJ53JC,5OFZ26FS,60,DEPARTED,"TPS NUTRIENTS Tropical Plant Fertilizer for All Tropical Indoor and Outdoor Plants, Liquid Plant Food 8 oz (250mL)",1,60,IUSF,FBA193VGHND1,
2025-11-19T15:55:13,FICUSTREE1Q-FBA-UPC-1123,B0CPGKVZJH,B0CPGKVZJH,5OFZ26FS,12,DEPARTED,"TPS NUTRIENTS Ficus Tree Fertilizer for All Ficus, Fig and Moraceae Plants, Liquid Plant Food, 32 oz (1 Quart)",1,12,IUSF,FBA193VBYBBR,
2025-11-19T15:55:13,MONEYTREE8OZ-FBA-UPC-0523,B0C6Q7TGX1,B0C6Q7TGX1,5OFZ26FS,60,DEPARTED,"Money Tree Fertilizer for Money Trees and All Pachira Plants, Liquid Plant Food 8 oz (250mL)",1,60,IUSF,FBA193VBYBBR,
2025-11-19T15:55:13,TPS-BOUGAINVILLEA-8OZ,B0DPKW9K72,B0DPKW9K72,5OFZ26FS,60,DEPARTED,"Bougainvillea Fertilizer, Complete Liquid Bougainvillea Plant Food, 8 oz (250mL)",1,60,IUSF,FBA193RQZSN9,
2025-11-19T15:55:13,TPSCMOAC1Q-FBA-UPC-0523,B07CWQNYYC,B07CWQNYYC,5OFZ26FS,12,DEPARTED,"TPS NUTRIENTS Organic Cal-Mag OAC Plant Nutrient and Supplement, Plus Iron and Micronutrients 1 Quart (32 oz)",1,12,IUSF,FBA193VBYBBR,
2025-11-19T15:55:13,TRIPLE10TREE1G,B0D4JKCJP6,B0D4JKCJP6,5OFZ26FS,4,DEPARTED,"Liquid 10-10-10 Fertilizer for Trees and Shrubs, Triple Ten NPK Plus Iron and Micros, Liquid Plant Food 128 oz (1 Gallon)",1,4,IUSF,FBA193VBYBBR,
2025-11-19T16:03:31,BKELP1G-0224,B073ZNW5CK,B073ZNW5CK,5OFZ26FS,4,DEPARTED,Bloom City Organic Liquid Seaweed and Kelp Fertilizer Supplement (128 oz) Concentrated Makes 750 Gallons,3,12,IUSF,FBA193V9LQBF,
2025-11-19T16:03:31,BKELP1Q-0224,B073ZNW8MX,B073ZNW8MX,5OFZ26FS,12,DEPARTED,"Bloom City Organic Liquid Seaweed and Kelp Fertilizer Supplement, Quart (32 oz) Concentrated Makes 180 Gallons",4,48,IUSF,FBA193S7NCG2,
2025-11-19T16:03:31,BKELP1Q-0224,B073ZNW8MX,B073ZNW8MX,5OFZ26FS,12,DEPARTED,"Bloom City Organic Liquid Seaweed and Kelp Fertilizer Supplement, Quart (32 oz) Concentrated Makes 180 Gallons",2,24,IUSF,FBA193THM2D5,
2025-11-19T16:03:31,FICUSTREE1Q-FBA-UPC-1123,B0CPGKVZJH,B0CPGKVZJH,5OFZ26FS,12,DEPARTED,"TPS NUTRIENTS Ficus Tree Fertilizer for All Ficus, Fig and Moraceae Plants, Liquid Plant Food, 32 oz (1 Quart)",1,12,IUSF,FBA193V9LQBF,
2025-11-19T16:03:31,HPFIG8OZ-FBA-UPC-0123,B0BRTJGR33,B0BRTJGR33,5OFZ26FS,60,DEPARTED,"Fiddle Leaf Fig Plant Food for All Fig and Other Ficus Trees, Liquid Houseplant Fertilizer 8 oz (250mL)",1,60,IUSF,FBA193THM2D5,
2025-11-19T16:03:31,LEMON1Q-FBA-UPC-0523,B0C73TCVFW,B0C73TCVFW,5OFZ26FS,12,DEPARTED,"Lemon Tree Fertilizer for Lemon Trees and Citrus, Liquid Plant Food, 32 oz (1 Quart)",2,24,IUSF,FBA193V9LQBF,
2025-11-19T16:03:31,TPSCMOAC1Q-FBA-UPC-0523,B07CWQNYYC,B07CWQNYYC,5OFZ26FS,12,DEPARTED,"TPS NUTRIENTS Organic Cal-Mag OAC Plant Nutrient and Supplement, Plus Iron and Micronutrients 1 Quart (32 oz)",1,12,IUSF,FBA193V9LQBF,
2025-11-19T16:03:31,TPSSIG1Q-FBA-UPC-0323,B07CWQBNMS,B07CWQBNMS,5OFZ26FS,12,DEPARTED,"Signal Terpene Enhancer Plant Nutrient and Supplement, Flower Hardener and Increases Flavor by TPS Nutrients, 1 Quart (32 oz)",2,24,IUSF,FBA193V9LQBF,
2025-11-19T16:03:31,TROPICAL8OZ-FBA-UPC-1123,B0CPGJ53JC,B0CPGJ53JC,5OFZ26FS,60,DEPARTED,"TPS NUTRIENTS Tropical Plant Fertilizer for All Tropical Indoor and Outdoor Plants, Liquid Plant Food 8 oz (250mL)",1,60,IUSF,FBA193THM2D5,
2025-11-17T21:16:57,EVERGREEN1G-FBA-UPC-1123,B0CPGP6WT9,B0CPGP6WT9,5OFZ26FS,4,DEPARTED,"Evergreen Tree Fertilizer for All Conifer Trees and Shrubs, Liquid Plant Food 1 Gallon (128oz)",6,24,IUSF,FBA193NZ496Y,
2025-11-17T21:16:57,PALMTREE1G-FBA-UPC-0523,B0C6Q6GN8H,B0C6Q6GN8H,5OFZ26FS,4,DEPARTED,"Palm Tree Fertilizer for All Palms and Ferns, Liquid Plant Food, 1 Gallon (128 oz)",1,4,IUSF,FBA193NVF919,
2025-11-17T21:16:57,SUPPNITRO1G,B0D4JHMGB3,B0D4JHMGB3,5OFZ26FS,4,DEPARTED,"Nitrogen for Plants, Tri-Source N Nitrogen for Lush Green Growth, Liquid Plant Fertilizer 128 oz (1 Gallon)",1,4,IUSF,FBA193NYLT06,
2025-11-17T21:16:57,TPSSIG1G-FBA-UPC-0523,B07CWQ2V2G,B07CWQ2V2G,5OFZ26FS,4,DEPARTED,"TPS NUTRIENTS Signal Terpene Enhancer Plant Nutrient and Supplement, Flower Hardener and Increases Flavor, 1 Gallon (128 oz)",2,8,IUSF,FBA193NYT6Q6,
2025-11-17T22:00:02,HPORCHID8OZ-FBA-UPC-0123,B0BRTJBFP7,B0BRTJBFP7,5OFZ26FS,60,DEPARTED,"Orchid Plant Food for All Orchids and Acid Loving Houseplants, Promotes Growth and Blooms, Liquid Fertilizer 8 oz (250mL)",1,60,IUSF,FBA193RNC8NJ,
2025-11-17T22:00:02,TPSBILLIONS5LB,B0B33PT1B2,B0B33PT1B2,5OFZ26FS,5,DEPARTED,"TPS NUTRIENTS Billions Concentrated Microbial Root Enhancer, 100% Water-Soluble with Mycorrhizae, Bacteria and Trichoderma, 5 Pound",1,5,IUSF,FBA193QKCM5S,
2025-11-17T23:33:22,SUPPNITRO8OZ,B0D4JHC532,B0D4JHC532,4NTX8SEV,60,DEPARTED,"TPS NUTRIENTS Nitrogen for Plants, Tri-Source N Nitrogen for Lush Green Growth, Liquid Plant Fertilizer 8 oz (250mL), SUPPNITRO8OZ",1,60,IUSF,FBA193JJLBVD,
2025-11-17T23:40:52,GARDCALCIUM1G,B0D4JKJG2S,B0D4JKJG2S,5OFZ26FS,4,DEPARTED,"Calcium for Plants Made from Organic Inputs, Prevents Common Deficiencies, Liquid Plant Fertilizer 128 oz (1 Gallon)",1,4,IUSF,FBA193NVND00,
2025-11-17T23:40:52,HPORCHID8OZ-FBA-UPC-0123,B0BRTJBFP7,B0BRTJBFP7,5OFZ26FS,60,DEPARTED,"Orchid Plant Food for All Orchids and Acid Loving Houseplants, Promotes Growth and Blooms, Liquid Fertilizer 8 oz (250mL)",1,60,IUSF,FBA193M5GK30,
2025-11-17T23:40:52,SUPPMAG1G,B0D4JHT77N,B0D4JHT77N,5OFZ26FS,4,DEPARTED,"Magnesium Fertilizer for Plants, Bioavailable Mg for Growth and Flowering, Liquid Plant Food 128 oz (1 Gallon)",1,4,IUSF,FBA193NY32YH,
2025-11-17T23:40:52,TPS-BIRCHTREEFERT-1GAL,B0FKLS569Q,B0FKLS569Q,5OFZ26FS,4,DEPARTED,"Birch Tree Fertilizer for Birch Trees, Works Great for River Birch, Paper Birch, and Silver Birch, Liquid Fertilizer by TPS Plant Foods, 1 Gallon (128 oz)",1,4,IUSF,FBA193P22T8Z,
2025-11-17T23:40:52,TPS-PONDPLANTFERT-1GALLON,B0FM28GC48,B0FM28GC48,5OFZ26FS,4,DEPARTED,"Pond Plant Fertilizer for Pond Plants, Great for Water Lilies, Lotus, and Cattails, Liquid Fertilizer by TPS Plant Foods, 1 Gallon (128 oz)",1,4,IUSF,FBA193NVP27Q,
2025-11-17T23:40:52,TPS-THUJAGREENGIANT-1GALLON,B0FKMTVCRG,B0FKMTVCRG,5OFZ26FS,4,DEPARTED,"Thuja Green Giant Fertilizer, Vigorous Growth for Thuja Green Giant and Other Arborvitae Varieties, Liquid Fertilizer by TPS Plant Foods, 1 Gallon (128 oz)",1,4,IUSF,FBA193NRPX3R,
2025-11-17T23:40:52,TPSSIG1G-FBA-UPC-0523,B07CWQ2V2G,B07CWQ2V2G,5OFZ26FS,4,DEPARTED,"TPS NUTRIENTS Signal Terpene Enhancer Plant Nutrient and Supplement, Flower Hardener and Increases Flavor, 1 Gallon (128 oz)",2,8,IUSF,FBA193P060MD,
2025-11-17T23:40:52,TPSSIG1Q-FBA-UPC-0323,B07CWQBNMS,B07CWQBNMS,5OFZ26FS,12,DEPARTED,"Signal Terpene Enhancer Plant Nutrient and Supplement, Flower Hardener and Increases Flavor by TPS Nutrients, 1 Quart (32 oz)",1,12,IUSF,FBA193P060MD,
2025-11-17T23:40:52,TPSSIL1Q,B07CX36LW8,B07CX36LW8,5OFZ26FS,12,DEPARTED,TPS NUTRIENTS Silica Gold Plant Strength Nutrient and Supplement with Bioavailable Silicon 1 Quart (32 oz),4,48,IUSF,FBA193P060MD,
2025-11-17T23:40:52,TRIPLE10TREE1G,B0D4JKCJP6,B0D4JKCJP6,5OFZ26FS,4,DEPARTED,"Liquid 10-10-10 Fertilizer for Trees and Shrubs, Triple Ten NPK Plus Iron and Micros, Liquid Plant Food 128 oz (1 Gallon)",1,4,IUSF,FBA193M57H1P,
2025-11-17T23:40:52,TRIPLE10TREE1G,B0D4JKCJP6,B0D4JKCJP6,5OFZ26FS,4,DEPARTED,"Liquid 10-10-10 Fertilizer for Trees and Shrubs, Triple Ten NPK Plus Iron and Micros, Liquid Plant Food 128 oz (1 Gallon)",1,4,IUSF,FBA193NVND00,
2025-11-18T08:55:41,TPSSIG1Q-FBA-UPC-0323,B07CWQBNMS,B07CWQBNMS,5OFZ26FS,12,DEPARTED,"Signal Terpene Enhancer Plant Nutrient and Supplement, Flower Hardener and Increases Flavor by TPS Nutrients, 1 Quart (32 oz)",1,12,IUSF,FBA193S7NCG2,
2025-11-18T11:08:04,BWORM1G-0324,B07PHVYY87,B07PHVYY87,5OFZ26FS,4,DEPARTED,"Organic Worm Tea Concentrate and Compost and Bokashi Booster by Bloom City, Gallon(128 oz)",3,12,IUSF,FBA193NSP0BF,
2025-11-18T11:08:04,PALMTREE1G-FBA-UPC-0523,B0C6Q6GN8H,B0C6Q6GN8H,5OFZ26FS,4,DEPARTED,"Palm Tree Fertilizer for All Palms and Ferns, Liquid Plant Food, 1 Gallon (128 oz)",3,12,IUSF,FBA193NXVWD5,
2025-11-18T11:08:04,TPS-AMARYLLISFERTILIZER-QUART,B0FLWYJ1S7,B0FLWYJ1S7,5OFZ26FS,12,DEPARTED,"Amaryllis Fertilizer for Amaryllis Bulbs, Great for Amaryllis Bulbs in Vase or for Planting, Liquid Fertilizer by TPS Plant Foods, 32oz (1Quart)",1,12,IUSF,FBA193NSNF56,
2025-11-18T11:08:04,TPS-AVOCADOTREE-8OZ,B0DPKKMC57,B0DPKKMC57,5OFZ26FS,60,DEPARTED,"Avocado Tree Fertilizer, Complete Liquid Avocado Plant Food, 8 oz (250mL)",1,60,IUSF,FBA193NZKH5C,
2025-11-18T11:08:04,TPS-BIRCHTREEFERT-1GAL,B0FKLS569Q,B0FKLS569Q,5OFZ26FS,4,DEPARTED,"Birch Tree Fertilizer for Birch Trees, Works Great for River Birch, Paper Birch, and Silver Birch, Liquid Fertilizer by TPS Plant Foods, 1 Gallon (128 oz)",1,4,IUSF,FBA193NZFFTK,
2025-11-18T11:08:04,TPS-FIGTREEFERT-QUART,B0FKMJG4XL,B0FKMJG4XL,5OFZ26FS,12,DEPARTED,"Fig Tree Fertilizer for Fig Trees, Great for Other Ficus Tree Varieties, Liquid Fertilizer by TPS Plant Foods, 32 oz (1 Quart)",1,12,IUSF,FBA193NYYHP4,
2025-11-18T11:08:04,TPS-OAKTREE-1GAL,B0DQSNX3N7,B0DQSNX3N7,5OFZ26FS,4,DEPARTED,"Oak Tree Fertilizer, Complete Liquid Oak Tree Plant Food, 1 Gallon (128 oz)",1,4,IUSF,FBA193NYBFW9,
2025-11-18T11:08:04,TPS-PECANTREEFERT-1GALLON,B0FKMR162G,B0FKMR162G,5OFZ26FS,4,DEPARTED,"Pecan Tree Fertilizer for Pecan Trees, Supports Strong Growth and Hearty Nuts in All Varieiteis of Nut Trees, Liquid Fertilizer by TPS Plant Foods, 1 Gallon (128 oz)",1,4,IUSF,FBA193NYYHP4,
2025-11-18T11:08:04,TPS-PUMPKINFERTILIZER-1GAL,B0DQ81KB68,B0DQ81KB68,5OFZ26FS,4,DEPARTED,"Pumpkin Fertilizer, Complete Liquid Pumpkin Squash and GORD Plant Food, 1 Gallon (128 oz)",1,4,IUSF,FBA193NYBFVN,
2025-11-18T11:08:04,TPS-WILLOWTREEFERT-1GALLON,B0FKMF6J1J,B0FKMF6J1J,5OFZ26FS,4,DEPARTED,"Willow Fertilizer for Willow Trees, Great for Weeping Willow, Corkscrew Willow, and Dappled Willow, Liquid Fertilizer by TPS Plant Foods, 1 Gallon (128oz Quart)",1,4,IUSF,FBA193NYYHP4,
2025-11-18T11:08:04,TPSSIG1Q-FBA-UPC-0323,B07CWQBNMS,B07CWQBNMS,5OFZ26FS,12,DEPARTED,"Signal Terpene Enhancer Plant Nutrient and Supplement, Flower Hardener and Increases Flavor by TPS Nutrients, 1 Quart (32 oz)",2,24,IUSF,FBA193P2HKXH,
2025-11-18T11:12:40,SNAKE8OZ-FBA-UPC-0523,B0C6Q69C7K,B0C6Q69C7K,5OFZ26FS,60,DEPARTED,"Snake Plant Fertilizer for Snake Plants and All Sansevieria, 8 oz (250mL)",1,60,IUSF,FBA193M4NQRB,
2025-11-18T11:12:40,TPS-SPRUCETREEFERT-1GAL,B0FKM246S1,B0FKM246S1,5OFZ26FS,4,DEPARTED,"Spruce Tree Fertilizer for Spruce Trees, Great for White Spruce, Blue Spruce, and Norway Spruce, Liquid Fertilizer by TPS Plant Foods, 1 Gallon (128 oz)",1,4,IUSF,FBA193NVFXWS,
2025-11-18T11:20:16,TPSCMOAC1Q-FBA-UPC-0523,B07CWQNYYC,B07CWQNYYC,5OFZ26FS,12,DEPARTED,"TPS NUTRIENTS Organic Cal-Mag OAC Plant Nutrient and Supplement, Plus Iron and Micronutrients 1 Quart (32 oz)",1,12,IUSF,FBA193THM2D5,
2025-11-18T16:05:28,TPS-BOUGAINVILLEA-8OZ,B0DPKW9K72,B0DPKW9K72,5OFZ26FS,60,DEPARTED,"Bougainvillea Fertilizer, Complete Liquid Bougainvillea Plant Food, 8 oz (250mL)",1,60,IUSF,FBA193RPX8K1,
2025-11-18T16:05:28,TPS-CHELATEDIRONFORTREES-8OZ,B0FW3ZSF7K,B0FW3ZSF7K,5OFZ26FS,60,DEPARTED,"Chelated Iron for Trees – Liquid Micronutrient to Correct Yellow Leaves and Promote Healthy Green Canopies, by TPS Plant Foods, 8 oz (250 ml)",1,60,IUSF,FBA193NQQB95,
2025-11-18T18:24:16,BROOT8OZ-1224,B08JHFG5GJ,B08JHFG5GJ,5OFZ26FS,60,DEPARTED,"Organic Root Stimulant, Salmon and Kelp Formula, Rich with Microbes and Mycorrhizae by Bloom City, 1/2 Pint (8 oz)",1,60,IUSF,FBA193NYS9LL,
2025-11-18T18:24:16,TPS-CHELATEDIRONFORPLANTS-8OZ,B0FW45JJRK,B0FW45JJRK,5OFZ26FS,60,DEPARTED,"Chelated Iron for Plants – Fast-Acting Liquid Micronutrient for Greener Leaves and Improved Chlorophyll Production, Liquid Fertilizer by TPS Plant Foods, 8 oz (250mL)",1,60,IUSF,FBA193NYPGQ2,
2025-11-18T18:24:16,TPSSIL1G-FBA-UPC-0323,B07CX79577,B07CX79577,5OFZ26FS,4,DEPARTED,"TPS NUTRIENTS Silica Gold Plant Strength Nutrient and Supplement with Bioavailable Silicon, 1 Gallon (128 oz)",1,4,IUSF,FBA193NYT6Q6,
2025-11-18T18:28:37,TPSSIL1G-FBA-UPC-0323,B07CX79577,B07CX79577,5OFZ26FS,4,DEPARTED,"TPS NUTRIENTS Silica Gold Plant Strength Nutrient and Supplement with Bioavailable Silicon, 1 Gallon (128 oz)",5,20,IUSF,FBA193NYT6Q6,
2025-11-18T18:28:37,TPSSIL1G-FBA-UPC-0323,B07CX79577,B07CX79577,5OFZ26FS,4,DEPARTED,"TPS NUTRIENTS Silica Gold Plant Strength Nutrient and Supplement with Bioavailable Silicon, 1 Gallon (128 oz)",1,4,IUSF,FBA193QK7LBG,
2025-11-18T18:28:37,TPSSIL1G-FBA-UPC-0323,B07CX79577,B07CX79577,5OFZ26FS,4,DEPARTED,"TPS NUTRIENTS Silica Gold Plant Strength Nutrient and Supplement with Bioavailable Silicon, 1 Gallon (128 oz)",1,4,IUSF,FBA193RS0D3J,
2025-11-18T18:28:37,TPSSIL1Q,B07CX36LW8,B07CX36LW8,5OFZ26FS,12,DEPARTED,TPS NUTRIENTS Silica Gold Plant Strength Nutrient and Supplement with Bioavailable Silicon 1 Quart (32 oz),1,12,IUSF,FBA193NYT6Q6,
2025-11-17T15:26:37,EVERGREEN1G-FBA-UPC-1123,B0CPGP6WT9,B0CPGP6WT9,5OFZ26FS,4,DEPARTED,"Evergreen Tree Fertilizer for All Conifer Trees and Shrubs, Liquid Plant Food 1 Gallon (128oz)",4,16,IUSF,FBA193NZ7YWT,
2025-11-17T15:26:37,LEMON1Q-FBA-UPC-0523,B0C73TCVFW,B0C73TCVFW,5OFZ26FS,12,DEPARTED,"Lemon Tree Fertilizer for Lemon Trees and Citrus, Liquid Plant Food, 32 oz (1 Quart)",1,12,IUSF,FBA193P4SM0N,
2025-11-17T15:26:37,TPS-THUJAGREENGIANT-1GALLON,B0FKMTVCRG,B0FKMTVCRG,5OFZ26FS,4,DEPARTED,"Thuja Green Giant Fertilizer, Vigorous Growth for Thuja Green Giant and Other Arborvitae Varieties, Liquid Fertilizer by TPS Plant Foods, 1 Gallon (128 oz)",1,4,IUSF,FBA193NP6DVF,
2025-11-17T15:26:37,TPSSIG1Q-FBA-UPC-0323,B07CWQBNMS,B07CWQBNMS,5OFZ26FS,12,DEPARTED,"Signal Terpene Enhancer Plant Nutrient and Supplement, Flower Hardener and Increases Flavor by TPS Nutrients, 1 Quart (32 oz)",2,24,IUSF,FBA193P060MD,
2025-11-17T15:37:12,BANANA1G-FBA-UPC-1123,B0CPGHF4NH,B0CPGHF4NH,5OFZ26FS,4,DEPARTED,"Banana Tree Fertilizer for All Banana Tree Plants, Liquid Plant Food 1 Gallon (128oz)",1,4,IUSF,FBA193NQP3LS,
2025-11-17T15:37:12,BONSAI8OZ-FBA-UPC-0523,B0C6R56WK1,B0C6R56WK1,5OFZ26FS,60,DEPARTED,"Bonsai Fertilizer, Liquid Plant Food for Healthy Growth & Strong Roots in All Bonsai Trees, by TPS Plant Foods, 8 oz (250 mL)",1,60,IUSF,FBA193NVF919,
2025-11-17T15:37:12,BROOT1Q-20240620,B07PHVYY86,B07PHVYY86,5OFZ26FS,12,DEPARTED,"Organic Root Stimulant, Salmon and Kelp Formula, Rich with Microbes and Mycorrhizae by Bloom City, Quart (32 oz)",1,12,IUSF,FBA193NYS9LL,
2025-11-17T15:37:12,BWORM1G-0324,B07PHVYY87,B07PHVYY87,5OFZ26FS,4,DEPARTED,"Organic Worm Tea Concentrate and Compost and Bokashi Booster by Bloom City, Gallon(128 oz)",3,12,IUSF,FBA193NYS9LL,
2025-11-17T15:37:12,FERN1G-FBA-UPC-1123,B0CPFZTLNS,B0CPFZTLNS,5OFZ26FS,4,DEPARTED,"Fern Fertilizer for All Ferns and Mosses, Liquid Plant Food 1 Gallon (128oz)",1,4,IUSF,FBA193NXHBB5,
2025-11-17T15:37:12,LIQUIDWORM1G,B0D4JHL2VT,B0D4JHL2VT,5OFZ26FS,4,DEPARTED,"Worm Casting Tea Concentrate, Liquid Earthworm Tea for Plants, Bokashi and Compost Booster 128 oz (1 Gallon)",1,4,IUSF,FBA193NTC99S,
2025-11-17T15:37:12,MYCOHOUSE6OZ-0524,B0D2Z4MKSP,B0D2Z4MKSP,5OFZ26FS,40,DEPARTED,"TPS NUTRIENTS Mycorrhizal Fungi for Houseplants, Mycos for Transplanting and for Established Indoor Plants, Contains Mycorrhizae and Soil Probiotics (6 Ounces)",1,40,IUSF,FBA193NZ496Y,
2025-11-17T15:37:12,OLIVE1Q-FBA-UPC-1123,B0CPG8X2V6,B0CPG8X2V6,5OFZ26FS,12,DEPARTED,"Olive Tree Fertilizer for All Olive and Oleaceae Trees, Liquid Plant Food, 32 oz (1 Quart)",1,12,IUSF,FBA193NWK90H,
2025-11-17T15:37:12,PALMTREE1G-FBA-UPC-0523,B0C6Q6GN8H,B0C6Q6GN8H,5OFZ26FS,4,DEPARTED,"Palm Tree Fertilizer for All Palms and Ferns, Liquid Plant Food, 1 Gallon (128 oz)",1,4,IUSF,FBA193NVF919,
2025-11-17T15:37:12,SUPPUREA1G,B0D4JGP8CG,B0D4JGP8CG,5OFZ26FS,4,DEPARTED,"Urea Fertilizer for Plants, 15-0-0 Balanced Nitrogen for Vibrant Green Growth, Liquid Plant Food 128 oz (1 Gallon)",1,4,IUSF,FBA193NV2MQ9,
2025-11-17T15:37:12,TPS-AMARYLLISFERTILIZER-QUART,B0FLWYJ1S7,B0FLWYJ1S7,5OFZ26FS,12,DEPARTED,"Amaryllis Fertilizer for Amaryllis Bulbs, Great for Amaryllis Bulbs in Vase or for Planting, Liquid Fertilizer by TPS Plant Foods, 32oz (1Quart)",1,12,IUSF,FBA193NZMBNY,
2025-11-17T15:37:12,TPS-BIRCHTREEFERT-QUART,B0FKLS4G5X,B0FKLS4G5X,5OFZ26FS,12,DEPARTED,"Birch Tree Fertilizer for Birch Trees, Works Great for River Birch, Paper Birch, and Silver Birch, Liquid Fertilizer by TPS Plant Foods, 32 oz (1 Quart)",1,12,IUSF,FBA193P2J658,
2025-11-17T15:37:12,TPS-CHERRYTREEFERT-QUART,B0FKM18XR6,B0FKM18XR6,5OFZ26FS,12,DEPARTED,"Cherry Tree Fertilizer for Cherry Trees, Great for Bing, Rainier, and Montmorency Varieties, Liquid Fertilizer by TPS Plant Foods, 32 oz (1 Quart)",1,12,IUSF,FBA193P0RGNN,
2025-11-17T15:37:12,TPS-FIGTREEFERT-QUART,B0FKMJG4XL,B0FKMJG4XL,5OFZ26FS,12,DEPARTED,"Fig Tree Fertilizer for Fig Trees, Great for Other Ficus Tree Varieties, Liquid Fertilizer by TPS Plant Foods, 32 oz (1 Quart)",1,12,IUSF,FBA193NS29GY,
2025-11-17T15:37:12,TPS-WILLOWTREEFERT-1GALLON,B0FKMF6J1J,B0FKMF6J1J,5OFZ26FS,4,DEPARTED,"Willow Fertilizer for Willow Trees, Great for Weeping Willow, Corkscrew Willow, and Dappled Willow, Liquid Fertilizer by TPS Plant Foods, 1 Gallon (128oz Quart)",1,4,IUSF,FBA193NS29GY,
2025-11-17T15:37:12,TPSSIL1Q,B07CX36LW8,B07CX36LW8,5OFZ26FS,12,DEPARTED,TPS NUTRIENTS Silica Gold Plant Strength Nutrient and Supplement with Bioavailable Silicon 1 Quart (32 oz),6,72,IUSF,FBA193NYT6Q6,
2025-11-17T15:37:12,ULTRAB1G-FBA-UPC-0123,B0BSR8TRGD,B0BSR8TRGD,5OFZ26FS,4,DEPARTED,"Ultra Bloom by TPS Nutrients, One Part Flowering and Fruiting Plant Fertilizer with All NPK Cal-Mag and Micros, 1 Gallon (128 oz)",1,4,IUSF,FBA193QK7LBG,
2025-11-17T16:03:27,HPMONST8OZ-FBA-UPC-0123,B0BRTK1P8Z,B0BRTK1P8Z,5JT732XW,60,DEPARTED,"Monstera Plant Food for Monsteras and Philodendrons, Tropical Houseplant Liquid Fertilizer 8 oz (250mL)",2,120,IUST,FBA1932D0Z6X,
2025-11-17T17:16:11,FICUSTREE1G-FBA-UPC-1123,B0CPGGD5K8,B0CPGGD5K8,3SRWV9OX,4,DEPARTED,"Ficus Tree Fertilizer for All Ficus, Fig and Moraceae Plants, Liquid Plant Food 1 Gallon (128oz)",1,4,IUST,FBA19380S7J3,
2025-11-17T17:16:14,CITRUS8OZ-FBA-UPC-0523,B0C73S6Q23,B0C73S6Q23,7K1K6ZWZ,60,DEPARTED,"Citrus Fertilizer for All Citrus and Fruiting Trees, Liquid Plant Food 8 oz (250mL)",1,60,IUST,FBA19380CQ8M,
2025-11-17T18:39:46,HPMONST8OZ-FBA-UPC-0123,B0BRTK1P8Z,B0BRTK1P8Z,5JT732XW,60,DEPARTED,"Monstera Plant Food for Monsteras and Philodendrons, Tropical Houseplant Liquid Fertilizer 8 oz (250mL)",2,120,IUST,FBA19380CQ8M,
2025-11-17T04:02:17,LEMON1Q-FBA-UPC-0523,B0C73TCVFW,B0C73TCVFW,5OFZ26FS,12,DEPARTED,"Lemon Tree Fertilizer for Lemon Trees and Citrus, Liquid Plant Food, 32 oz (1 Quart)",3,36,IUSF,FBA193P4S4BT,
2025-11-17T04:02:17,TPS-BIRCHTREEFERT-QUART,B0FKLS4G5X,B0FKLS4G5X,5OFZ26FS,12,DEPARTED,"Birch Tree Fertilizer for Birch Trees, Works Great for River Birch, Paper Birch, and Silver Birch, Liquid Fertilizer by TPS Plant Foods, 32 oz (1 Quart)",1,12,IUSF,FBA193P4TYJ3,
2025-11-17T04:02:17,TPS-BOUGAINVILLEA-8OZ,B0DPKW9K72,B0DPKW9K72,5OFZ26FS,60,DEPARTED,"Bougainvillea Fertilizer, Complete Liquid Bougainvillea Plant Food, 8 oz (250mL)",1,60,IUSF,FBA193RNX4H8,
2025-11-17T04:02:17,TPSSIL1G-FBA-UPC-0323,B07CX79577,B07CX79577,5OFZ26FS,4,DEPARTED,"TPS NUTRIENTS Silica Gold Plant Strength Nutrient and Supplement with Bioavailable Silicon, 1 Gallon (128 oz)",1,4,IUSF,FBA193P03V6Q,
2025-11-17T04:08:38,BIRON1Q-0224,B0BZBFDZVV,B0BZBFDZVV,5OFZ26FS,12,DEPARTED,"Bloom City's Organic Liquid Iron - Chelated Iron Fertilizer for Plants, 32 oz",1,12,IUSF,FBA193NWM32K,2027-10-27
2025-11-17T04:08:38,FICUSTREE1Q-FBA-UPC-1123,B0CPGKVZJH,B0CPGKVZJH,5OFZ26FS,12,DEPARTED,"TPS NUTRIENTS Ficus Tree Fertilizer for All Ficus, Fig and Moraceae Plants, Liquid Plant Food, 32 oz (1 Quart)",1,12,IUSF,FBA193NYBBN9,
2025-11-17T04:08:38,LEMON1Q-FBA-UPC-0523,B0C73TCVFW,B0C73TCVFW,5OFZ26FS,12,DEPARTED,"Lemon Tree Fertilizer for Lemon Trees and Citrus, Liquid Plant Food, 32 oz (1 Quart)",1,12,IUSF,FBA193P4S4BT,
2025-11-17T04:08:38,PALMTREE1G-FBA-UPC-0523,B0C6Q6GN8H,B0C6Q6GN8H,5OFZ26FS,4,DEPARTED,"Palm Tree Fertilizer for All Palms and Ferns, Liquid Plant Food, 1 Gallon (128 oz)",2,8,IUSF,FBA193NZFTBZ,
2025-11-17T04:08:38,RHODODEN1G-FBA-UPC-1123,B0CPG26W69,B0CPG26W69,5OFZ26FS,4,DEPARTED,"Rhododendron Fertilizer for All Rhodies, Azalea and Ericaceae Plants, Liquid Plant Food 1 Gallon (128oz)",1,4,IUSF,FBA193NV25KL,
2025-11-17T04:08:38,SUPPUREA1G,B0D4JGP8CG,B0D4JGP8CG,5OFZ26FS,4,DEPARTED,"Urea Fertilizer for Plants, 15-0-0 Balanced Nitrogen for Vibrant Green Growth, Liquid Plant Food 128 oz (1 Gallon)",1,4,IUSF,FBA193NTT747,
2025-11-17T04:08:38,TPS-AMARYLLISFERTILIZER-QUART,B0FLWYJ1S7,B0FLWYJ1S7,5OFZ26FS,12,DEPARTED,"Amaryllis Fertilizer for Amaryllis Bulbs, Great for Amaryllis Bulbs in Vase or for Planting, Liquid Fertilizer by TPS Plant Foods, 32oz (1Quart)",1,12,IUSF,FBA193NTC2DL,
2025-11-17T04:08:38,TPS-BIRCHTREEFERT-1GAL,B0FKLS569Q,B0FKLS569Q,5OFZ26FS,4,DEPARTED,"Birch Tree Fertilizer for Birch Trees, Works Great for River Birch, Paper Birch, and Silver Birch, Liquid Fertilizer by TPS Plant Foods, 1 Gallon (128 oz)",1,4,IUSF,FBA193NSXJ7F,
2025-11-17T04:08:38,TPS-WILLOWTREEFERT-1GALLON,B0FKMF6J1J,B0FKMF6J1J,5OFZ26FS,4,DEPARTED,"Willow Fertilizer for Willow Trees, Great for Weeping Willow, Corkscrew Willow, and Dappled Willow, Liquid Fertilizer by TPS Plant Foods, 1 Gallon (128oz Quart)",1,4,IUSF,FBA193NYJBF0,
2025-11-17T04:08:38,TPSSIL1G-FBA-UPC-0323,B07CX79577,B07CX79577,5OFZ26FS,4,DEPARTED,"TPS NUTRIENTS Silica Gold Plant Strength Nutrient and Supplement with Bioavailable Silicon, 1 Gallon (128 oz)",1,4,IUSF,FBA193P03V6Q,
2025-11-17T04:08:38,TRIPLE10TREE1G,B0D4JKCJP6,B0D4JKCJP6,5OFZ26FS,4,DEPARTED,"Liquid 10-10-10 Fertilizer for Trees and Shrubs, Triple Ten NPK Plus Iron and Micros, Liquid Plant Food 128 oz (1 Gallon)",2,8,IUSF,FBA193M685V4,
2025-11-17T04:33:03,TPS-PONDPLANTFERT-1GALLON,B0FM28GC48,B0FM28GC48,5OFZ26FS,4,DEPARTED,"Pond Plant Fertilizer for Pond Plants, Great for Water Lilies, Lotus, and Cattails, Liquid Fertilizer by TPS Plant Foods, 1 Gallon (128 oz)",1,4,IUSF,FBA193NQQB95,
2025-11-17T04:33:03,TPSSIL1Q,B07CX36LW8,B07CX36LW8,5OFZ26FS,12,DEPARTED,TPS NUTRIENTS Silica Gold Plant Strength Nutrient and Supplement with Bioavailable Silicon 1 Quart (32 oz),2,24,IUSF,FBA193P2HKXH,
2025-11-17T04:33:03,TRIPLE10TREE1G,B0D4JKCJP6,B0D4JKCJP6,5OFZ26FS,4,DEPARTED,"Liquid 10-10-10 Fertilizer for Trees and Shrubs, Triple Ten NPK Plus Iron and Micros, Liquid Plant Food 128 oz (1 Gallon)",2,8,IUSF,FBA193M4NGSW,
2025-11-17T04:33:03,TRIPLE10TREE1G,B0D4JKCJP6,B0D4JKCJP6,5OFZ26FS,4,DEPARTED,"Liquid 10-10-10 Fertilizer for Trees and Shrubs, Triple Ten NPK Plus Iron and Micros, Liquid Plant Food 128 oz (1 Gallon)",1,4,IUSF,FBA193NZKH5C,
2025-11-17T04:39:49,PALMTREE1G-FBA-UPC-0523,B0C6Q6GN8H,B0C6Q6GN8H,5OFZ26FS,4,DEPARTED,"Palm Tree Fertilizer for All Palms and Ferns, Liquid Plant Food, 1 Gallon (128 oz)",1,4,IUSF,FBA193NXVWD5,
2025-11-17T04:39:49,TRIPLE10TREE1G,B0D4JKCJP6,B0D4JKCJP6,5OFZ26FS,4,DEPARTED,"Liquid 10-10-10 Fertilizer for Trees and Shrubs, Triple Ten NPK Plus Iron and Micros, Liquid Plant Food 128 oz (1 Gallon)",2,8,IUSF,FBA193M4NGSW,
2025-11-17T06:31:03,EVERGREEN1G-FBA-UPC-1123,B0CPGP6WT9,B0CPGP6WT9,5OFZ26FS,4,DEPARTED,"Evergreen Tree Fertilizer for All Conifer Trees and Shrubs, Liquid Plant Food 1 Gallon (128oz)",2,8,IUSF,FBA193NZ496Y,
2025-11-17T06:31:03,LEMON1Q-FBA-UPC-0523,B0C73TCVFW,B0C73TCVFW,5OFZ26FS,12,DEPARTED,"Lemon Tree Fertilizer for Lemon Trees and Citrus, Liquid Plant Food, 32 oz (1 Quart)",1,12,IUSF,FBA193NNCH4L,
2025-11-17T06:31:03,MONEYTREE8OZ-FBA-UPC-0523,B0C6Q7TGX1,B0C6Q7TGX1,5OFZ26FS,60,DEPARTED,"Money Tree Fertilizer for Money Trees and All Pachira Plants, Liquid Plant Food 8 oz (250mL)",3,180,IUSF,FBA193NVF919,
2025-11-17T06:31:03,TPSSIG1Q-FBA-UPC-0323,B07CWQBNMS,B07CWQBNMS,5OFZ26FS,12,DEPARTED,"Signal Terpene Enhancer Plant Nutrient and Supplement, Flower Hardener and Increases Flavor by TPS Nutrients, 1 Quart (32 oz)",2,24,IUSF,FBA193NYT6Q6,
2025-11-17T06:31:03,ULTRAG1Q-FBA-UPC-0123,B0BSR9KZ24,B0BSR9KZ24,5OFZ26FS,12,DEPARTED,"TPS NUTRIENTS Ultra Grow One Part Veg Plant Fertilizer with All NPK Cal-Mag and Micros, 1 Quart (32 oz)",1,12,IUSF,FBA193NSY9DG,
2025-11-17T07:12:40,HPFIG8OZ-FBA-UPC-0123,B0BRTJGR33,B0BRTJGR33,5OFZ26FS,60,DEPARTED,"Fiddle Leaf Fig Plant Food for All Fig and Other Ficus Trees, Liquid Houseplant Fertilizer 8 oz (250mL)",1,60,IUSF,FBA193M2WCNM,
2025-11-17T07:12:40,HPFIG8OZ-FBA-UPC-0123,B0BRTJGR33,B0BRTJGR33,5OFZ26FS,60,DEPARTED,"Fiddle Leaf Fig Plant Food for All Fig and Other Ficus Trees, Liquid Houseplant Fertilizer 8 oz (250mL)",1,60,IUSF,FBA193M5GK30,
2025-11-17T07:12:40,LEMON1Q-FBA-UPC-0523,B0C73TCVFW,B0C73TCVFW,5OFZ26FS,12,DEPARTED,"Lemon Tree Fertilizer for Lemon Trees and Citrus, Liquid Plant Food, 32 oz (1 Quart)",2,24,IUSF,FBA193P4SM0N,
2025-11-17T07:12:40,MONEYTREE8OZ-FBA-UPC-0523,B0C6Q7TGX1,B0C6Q7TGX1,5OFZ26FS,60,DEPARTED,"Money Tree Fertilizer for Money Trees and All Pachira Plants, Liquid Plant Food 8 oz (250mL)",2,120,IUSF,FBA193NXB92Y,
2025-11-17T07:12:40,TPSSIG1G-FBA-UPC-0523,B07CWQ2V2G,B07CWQ2V2G,5OFZ26FS,4,DEPARTED,"TPS NUTRIENTS Signal Terpene Enhancer Plant Nutrient and Supplement, Flower Hardener and Increases Flavor, 1 Gallon (128 oz)",1,4,IUSF,FBA193P060MD,
2025-11-17T07:12:40,ULTRAB1G-FBA-UPC-0123,B0BSR8TRGD,B0BSR8TRGD,5OFZ26FS,4,DEPARTED,"Ultra Bloom by TPS Nutrients, One Part Flowering and Fruiting Plant Fertilizer with All NPK Cal-Mag and Micros, 1 Gallon (128 oz)",1,4,IUSF,FBA193QHMZ57,
2025-11-17T08:00:14,BONSAI8OZ-FBA-UPC-0523,B0C6R56WK1,B0C6R56WK1,5OFZ26FS,60,DEPARTED,"Bonsai Fertilizer, Liquid Plant Food for Healthy Growth & Strong Roots in All Bonsai Trees, by TPS Plant Foods, 8 oz (250 mL)",1,60,IUSF,FBA193NXB92Y,
2025-11-17T08:00:14,FERN1G-FBA-UPC-1123,B0CPFZTLNS,B0CPFZTLNS,5OFZ26FS,4,DEPARTED,"Fern Fertilizer for All Ferns and Mosses, Liquid Plant Food 1 Gallon (128oz)",1,4,IUSF,FBA193NZR4RL,
2025-11-17T08:00:14,HPFIG8OZ-FBA-UPC-0123,B0BRTJGR33,B0BRTJGR33,5OFZ26FS,60,DEPARTED,"Fiddle Leaf Fig Plant Food for All Fig and Other Ficus Trees, Liquid Houseplant Fertilizer 8 oz (250mL)",1,60,IUSF,FBA193M2WCNM,
2025-11-17T08:00:14,HPORCHID8OZ-FBA-UPC-0123,B0BRTJBFP7,B0BRTJBFP7,5OFZ26FS,60,DEPARTED,"Orchid Plant Food for All Orchids and Acid Loving Houseplants, Promotes Growth and Blooms, Liquid Fertilizer 8 oz (250mL)",1,60,IUSF,FBA193M5GK30,
2025-11-17T08:00:14,SNAKE8OZ-FBA-UPC-0523,B0C6Q69C7K,B0C6Q69C7K,5OFZ26FS,60,DEPARTED,"Snake Plant Fertilizer for Snake Plants and All Sansevieria, 8 oz (250mL)",1,60,IUSF,FBA193M5GK30,
2025-11-17T08:00:14,SUPPPOT1G,B0D4JGKYCB,B0D4JGKYCB,5OFZ26FS,4,DEPARTED,"Potassium Fertilizer for Plants, Boosts Growth, Budding and Flowering, Liquid Plant Food 128 oz (1 Gallon)",1,4,IUSF,FBA193P0PFQ1,
2025-11-17T08:00:14,TPS-PONDPLANTFERT-1GALLON,B0FM28GC48,B0FM28GC48,5OFZ26FS,4,DEPARTED,"Pond Plant Fertilizer for Pond Plants, Great for Water Lilies, Lotus, and Cattails, Liquid Fertilizer by TPS Plant Foods, 1 Gallon (128 oz)",1,4,IUSF,FBA193NVHZX9,
2025-11-17T08:00:14,TRIPLE10TREE1G,B0D4JKCJP6,B0D4JKCJP6,5OFZ26FS,4,DEPARTED,"Liquid 10-10-10 Fertilizer for Trees and Shrubs, Triple Ten NPK Plus Iron and Micros, Liquid Plant Food 128 oz (1 Gallon)",1,4,IUSF,FBA193M6QMFM,
2025-11-17T09:47:30,AIRPLANT8OZ-FBA-UPC-0523,B0C6R6KQSZ,B0C6R6KQSZ,5OFZ26FS,60,DEPARTED,"TPS NUTRIENTS Air Plant Fertilizer for All Tillandsia Air Plants, Use As Foliar Spray or for Soaking, Liquid Plant Food 8 oz (250mL)",1,60,IUSF,FBA193M50HVR,
2025-11-17T09:47:30,BONSAI8OZ-FBA-UPC-0523,B0C6R56WK1,B0C6R56WK1,5OFZ26FS,60,DEPARTED,"Bonsai Fertilizer, Liquid Plant Food for Healthy Growth & Strong Roots in All Bonsai Trees, by TPS Plant Foods, 8 oz (250 mL)",1,60,IUSF,FBA193M5KJGW,
2025-11-17T09:47:30,BONSAI8OZ-FBA-UPC-0523,B0C6R56WK1,B0C6R56WK1,5OFZ26FS,60,DEPARTED,"Bonsai Fertilizer, Liquid Plant Food for Healthy Growth & Strong Roots in All Bonsai Trees, by TPS Plant Foods, 8 oz (250 mL)",2,120,IUSF,FBA193NZFTBZ,
2025-11-17T09:47:30,BROOT8OZ-1224,B08JHFG5GJ,B08JHFG5GJ,5OFZ26FS,60,DEPARTED,"Organic Root Stimulant, Salmon and Kelp Formula, Rich with Microbes and Mycorrhizae by Bloom City, 1/2 Pint (8 oz)",1,60,IUSF,FBA193P0SYZ4,
2025-11-17T09:47:30,HPORCHID8OZ-FBA-UPC-0123,B0BRTJBFP7,B0BRTJBFP7,5OFZ26FS,60,DEPARTED,"Orchid Plant Food for All Orchids and Acid Loving Houseplants, Promotes Growth and Blooms, Liquid Fertilizer 8 oz (250mL)",3,180,IUSF,FBA193M5KJGW,
2025-11-17T09:47:30,SNAKE8OZ-FBA-UPC-0523,B0C6Q69C7K,B0C6Q69C7K,5OFZ26FS,60,DEPARTED,"Snake Plant Fertilizer for Snake Plants and All Sansevieria, 8 oz (250mL)",1,60,IUSF,FBA193M5KJGW,
2025-11-17T09:47:30,TRIPLE10TREE1G,B0D4JKCJP6,B0D4JKCJP6,5OFZ26FS,4,DEPARTED,"Liquid 10-10-10 Fertilizer for Trees and Shrubs, Triple Ten NPK Plus Iron and Micros, Liquid Plant Food 128 oz (1 Gallon)",1,4,IUSF,FBA193M5X4TK,
2025-11-17T09:47:30,TRIPLE10TREE1G,B0D4JKCJP6,B0D4JKCJP6,5OFZ26FS,4,DEPARTED,"Liquid 10-10-10 Fertilizer for Trees and Shrubs, Triple Ten NPK Plus Iron and Micros, Liquid Plant Food 128 oz (1 Gallon)",1,4,IUSF,FBA193M685V4,
2025-11-17T09:47:30,ULTRAB1G-FBA-UPC-0123,B0BSR8TRGD,B0BSR8TRGD,5OFZ26FS,4,DEPARTED,"Ultra Bloom by TPS Nutrients, One Part Flowering and Fruiting Plant Fertilizer with All NPK Cal-Mag and Micros, 1 Gallon (128 oz)",1,4,IUSF,FBA193QLFSB1,
2025-11-17T14:38:38,EVERGREEN1G-FBA-UPC-1123,B0CPGP6WT9,B0CPGP6WT9,5OFZ26FS,4,DEPARTED,"Evergreen Tree Fertilizer for All Conifer Trees and Shrubs, Liquid Plant Food 1 Gallon (128oz)",1,4,IUSF,FBA193RS0D3J,
2025-11-17T14:38:38,SUPPUREA1G,B0D4JGP8CG,B0D4JGP8CG,5OFZ26FS,4,DEPARTED,"Urea Fertilizer for Plants, 15-0-0 Balanced Nitrogen for Vibrant Green Growth, Liquid Plant Food 128 oz (1 Gallon)",1,4,IUSF,FBA193NTC99S,
2025-11-17T14:38:38,TPS-OAKTREE-1GAL,B0DQSNX3N7,B0DQSNX3N7,5OFZ26FS,4,DEPARTED,"Oak Tree Fertilizer, Complete Liquid Oak Tree Plant Food, 1 Gallon (128 oz)",1,4,IUSF,FBA193P2J658,
2025-11-17T14:38:38,TPSSIG1G-FBA-UPC-0523,B07CWQ2V2G,B07CWQ2V2G,5OFZ26FS,4,DEPARTED,"TPS NUTRIENTS Signal Terpene Enhancer Plant Nutrient and Supplement, Flower Hardener and Increases Flavor, 1 Gallon (128 oz)",3,12,IUSF,FBA193NYT6Q6,
2025-11-17T14:38:38,TPSSIL1Q,B07CX36LW8,B07CX36LW8,5OFZ26FS,12,DEPARTED,TPS NUTRIENTS Silica Gold Plant Strength Nutrient and Supplement with Bioavailable Silicon 1 Quart (32 oz),3,36,IUSF,FBA193NYT6Q6,
2025-11-17T15:07:18,LIQUIDWORM1Q,B0D4JFQVNC,B0D4JFQVNC,5OFZ26FS,12,DEPARTED,"Worm Casting Tea Concentrate, Liquid Earthworm Tea for Plants, Bokashi and Compost Booster, 32 oz (1 Quart)",1,12,IUSF,FBA193QHT3XH,
2025-11-17T15:07:18,TPS-CLOVERFERT-1GALLON,B0FKT8JT1F,B0FKT8JT1F,5OFZ26FS,4,DEPARTED,"Clover Fertilizer for Clover Lawns, Great for Microclover and Dutch White Clover, Liquid Fertilizer by TPS Plant Foods, 1 Gallon (128oz)",1,4,IUSF,FBA193NTC2DL,
2025-11-15T18:02:30,BLOOMFERT1G-0524,B0D4JFPQ1S,B0D4JFPQ1S,5OFZ26FS,4,DEPARTED,"Bloom Fertilizer, Concentrated PK Boost, No Nitrogen Bud and Fruit Booster, Liquid Plant Food 128 oz (1 Gallon)",1,4,IUSF,FBA193P03QQB,
2025-11-15T18:02:30,EVERGREEN1G-FBA-UPC-1123,B0CPGP6WT9,B0CPGP6WT9,5OFZ26FS,4,DEPARTED,"Evergreen Tree Fertilizer for All Conifer Trees and Shrubs, Liquid Plant Food 1 Gallon (128oz)",1,4,IUSF,FBA193P03QQB,
2025-11-15T18:02:30,EVERGREEN1G-FBA-UPC-1123,B0CPGP6WT9,B0CPGP6WT9,5OFZ26FS,4,DEPARTED,"Evergreen Tree Fertilizer for All Conifer Trees and Shrubs, Liquid Plant Food 1 Gallon (128oz)",1,4,IUSF,FBA193P0BCNV,
2025-11-15T18:02:30,HIBISCUS1G-FBA-UPC-0523,B0C73SGLGQ,B0C73SGLGQ,5OFZ26FS,4,DEPARTED,"Hibiscus Fertilizer for Tropical and Flowering Plants, Liquid Plant Food, 1 Gallon (128 oz)",1,4,IUSF,FBA193NWFWYQ,
2025-11-15T18:02:30,SUPPNITRO1G,B0D4JHMGB3,B0D4JHMGB3,5OFZ26FS,4,DEPARTED,"Nitrogen for Plants, Tri-Source N Nitrogen for Lush Green Growth, Liquid Plant Fertilizer 128 oz (1 Gallon)",1,4,IUSF,FBA193NZ6TJP,
2025-11-15T18:02:30,SUPPPOT1G,B0D4JGKYCB,B0D4JGKYCB,5OFZ26FS,4,DEPARTED,"Potassium Fertilizer for Plants, Boosts Growth, Budding and Flowering, Liquid Plant Food 128 oz (1 Gallon)",1,4,IUSF,FBA193NTPHS3,
2025-11-15T18:02:30,TPSSIG1G-FBA-UPC-0523,B07CWQ2V2G,B07CWQ2V2G,5OFZ26FS,4,DEPARTED,"TPS NUTRIENTS Signal Terpene Enhancer Plant Nutrient and Supplement, Flower Hardener and Increases Flavor, 1 Gallon (128 oz)",1,4,IUSF,FBA193P2HKXH,
2025-11-15T18:02:30,TPSSIL1G-FBA-UPC-0323,B07CX79577,B07CX79577,5OFZ26FS,4,DEPARTED,"TPS NUTRIENTS Silica Gold Plant Strength Nutrient and Supplement with Bioavailable Silicon, 1 Gallon (128 oz)",3,12,IUSF,FBA193P2HKXH,
2025-11-15T18:02:30,TPSSIL1Q,B07CX36LW8,B07CX36LW8,5OFZ26FS,12,DEPARTED,TPS NUTRIENTS Silica Gold Plant Strength Nutrient and Supplement with Bioavailable Silicon 1 Quart (32 oz),1,12,IUSF,FBA193P2HKXH,
2025-11-15T18:04:10,BONSAI8OZ-FBA-UPC-0523,B0C6R56WK1,B0C6R56WK1,5OFZ26FS,60,DEPARTED,"Bonsai Fertilizer, Liquid Plant Food for Healthy Growth & Strong Roots in All Bonsai Trees, by TPS Plant Foods, 8 oz (250 mL)",1,60,IUSF,FBA193NXVWD5,
2025-11-15T18:04:10,HPORCHID8OZ-FBA-UPC-0123,B0BRTJBFP7,B0BRTJBFP7,5OFZ26FS,60,DEPARTED,"Orchid Plant Food for All Orchids and Acid Loving Houseplants, Promotes Growth and Blooms, Liquid Fertilizer 8 oz (250mL)",1,60,IUSF,FBA193M58X7C,
2025-11-15T18:04:10,PALMTREE1G-FBA-UPC-0523,B0C6Q6GN8H,B0C6Q6GN8H,5OFZ26FS,4,DEPARTED,"Palm Tree Fertilizer for All Palms and Ferns, Liquid Plant Food, 1 Gallon (128 oz)",2,8,IUSF,FBA193NXVWD5,
2025-11-15T18:04:10,SNAKE8OZ-FBA-UPC-0523,B0C6Q69C7K,B0C6Q69C7K,5OFZ26FS,60,DEPARTED,"Snake Plant Fertilizer for Snake Plants and All Sansevieria, 8 oz (250mL)",1,60,IUSF,FBA193M58X7C,
2025-11-15T18:04:10,SUPPPHOS1G,B0D4JHNMDX,B0D4JHNMDX,5OFZ26FS,4,DEPARTED,"Phosphorus Fertilizer for Plants, Boosts Rooting, Growth, Blooming and Flowering, Liquid Plant Food 128 oz (1 Gallon)",1,4,IUSF,FBA193NZ6TJP,
2025-11-15T18:04:10,TPS-BLACKBERRYFERT-8OZ,B0FKMBQTJL,B0FKMBQTJL,5OFZ26FS,60,DEPARTED,"BlackBerry Fertilizer for BlackBerry Plants, Supports Healthy Growth and Plump Berries in BlackBerry Plants, Liquid Fertilizer by TPS Plant Foods, 8 oz (250mL)",1,60,IUSF,FBA193NYYHP4,
2025-11-15T18:04:10,TPS-DESERTROSE-8OZ,B0DPMBDLXF,B0DPMBDLXF,5OFZ26FS,60,DEPARTED,"Desert Rose Fertilizer, Complete Liquid Desert Rose Plant Food, 8 oz (250mL)",1,60,IUSF,FBA193M4NGSW,
2025-11-15T18:04:10,TPSSIL1G-FBA-UPC-0323,B07CX79577,B07CX79577,5OFZ26FS,4,DEPARTED,"TPS NUTRIENTS Silica Gold Plant Strength Nutrient and Supplement with Bioavailable Silicon, 1 Gallon (128 oz)",3,12,IUSF,FBA193P2HKXH,
2025-11-15T19:09:09,BIRON1Q-0224,B0BZBFDZVV,B0BZBFDZVV,5OFZ26FS,12,DEPARTED,"Bloom City's Organic Liquid Iron - Chelated Iron Fertilizer for Plants, 32 oz",1,12,IUSF,FBA193NZQ1KL,2027-10-27
2025-11-15T19:09:09,BWORM1G-0324,B07PHVYY87,B07PHVYY87,5OFZ26FS,4,DEPARTED,"Organic Worm Tea Concentrate and Compost and Bokashi Booster by Bloom City, Gallon(128 oz)",1,4,IUSF,FBA193NQXCD5,
2025-11-15T19:09:09,FERN1G-FBA-UPC-1123,B0CPFZTLNS,B0CPFZTLNS,5OFZ26FS,4,DEPARTED,"Fern Fertilizer for All Ferns and Mosses, Liquid Plant Food 1 Gallon (128oz)",1,4,IUSF,FBA193NXJNSB,
2025-11-15T19:09:09,GARDCALCIUM1G,B0D4JKJG2S,B0D4JKJG2S,5OFZ26FS,4,DEPARTED,"Calcium for Plants Made from Organic Inputs, Prevents Common Deficiencies, Liquid Plant Fertilizer 128 oz (1 Gallon)",1,4,IUSF,FBA193P0YFSC,
2025-11-15T19:09:09,HPORCHID8OZ-FBA-UPC-0123,B0BRTJBFP7,B0BRTJBFP7,5OFZ26FS,60,DEPARTED,"Orchid Plant Food for All Orchids and Acid Loving Houseplants, Promotes Growth and Blooms, Liquid Fertilizer 8 oz (250mL)",1,60,IUSF,FBA193M4NQRB,
2025-11-15T19:09:09,LEMON1Q-FBA-UPC-0523,B0C73TCVFW,B0C73TCVFW,5OFZ26FS,12,DEPARTED,"Lemon Tree Fertilizer for Lemon Trees and Citrus, Liquid Plant Food, 32 oz (1 Quart)",1,12,IUSF,FBA193P4PZKH,
2025-11-15T19:09:09,MONEYTREE8OZ-FBA-UPC-0523,B0C6Q7TGX1,B0C6Q7TGX1,5OFZ26FS,60,DEPARTED,"Money Tree Fertilizer for Money Trees and All Pachira Plants, Liquid Plant Food 8 oz (250mL)",1,60,IUSF,FBA193NZ5Z4M,
2025-11-15T19:09:09,OLIVE1G-FBA-UPC-1123,B0CPGHBD8R,B0CPGHBD8R,5OFZ26FS,4,DEPARTED,"Olive Tree Fertilizer for All Olive and Oleaceae Trees, Liquid Plant Food 1 Gallon (128oz)",1,4,IUSF,FBA193NW22DH,
2025-11-15T19:09:09,TPS-GARLICFERTILIZER-QUART,B0DQRBFT4K,B0DQRBFT4K,5OFZ26FS,12,DEPARTED,"Garlic Fertilizer, Complete Liquid Garlic and All Allium Varieties Plant Food, 32 oz (1 Quart)",1,12,IUSF,FBA193NZD6M1,
2025-11-15T19:09:09,TPS-OAKTREE-1GAL,B0DQSNX3N7,B0DQSNX3N7,5OFZ26FS,4,DEPARTED,"Oak Tree Fertilizer, Complete Liquid Oak Tree Plant Food, 1 Gallon (128 oz)",6,24,IUSF,FBA193NZYS8K,
2025-11-15T19:09:09,TPS-WILLOWTREEFERT-1GALLON,B0FKMF6J1J,B0FKMF6J1J,5OFZ26FS,4,DEPARTED,"Willow Fertilizer for Willow Trees, Great for Weeping Willow, Corkscrew Willow, and Dappled Willow, Liquid Fertilizer by TPS Plant Foods, 1 Gallon (128oz Quart)",1,4,IUSF,FBA193NRVD34,
2025-11-15T19:09:09,TPSSIG1Q-FBA-UPC-0323,B07CWQBNMS,B07CWQBNMS,5OFZ26FS,12,DEPARTED,"Signal Terpene Enhancer Plant Nutrient and Supplement, Flower Hardener and Increases Flavor by TPS Nutrients, 1 Quart (32 oz)",2,24,IUSF,FBA193NY7Q28,
2025-11-15T19:09:09,TPSSIL1Q,B07CX36LW8,B07CX36LW8,5OFZ26FS,12,DEPARTED,TPS NUTRIENTS Silica Gold Plant Strength Nutrient and Supplement with Bioavailable Silicon 1 Quart (32 oz),3,36,IUSF,FBA193NY7Q28,
2025-11-15T19:09:09,TROPICAL1G-FBA-UPC-1123,B0CPGH6F27,B0CPGH6F27,5OFZ26FS,4,DEPARTED,"Tropical Plant Fertilizer for All Tropical Indoor and Outdoor Plants, Liquid Plant Food 1 Gallon (128oz)",2,8,IUSF,FBA193NW22DH,
2025-11-15T19:09:09,ULTRAG1Q-FBA-UPC-0123,B0BSR9KZ24,B0BSR9KZ24,5OFZ26FS,12,DEPARTED,"TPS NUTRIENTS Ultra Grow One Part Veg Plant Fertilizer with All NPK Cal-Mag and Micros, 1 Quart (32 oz)",1,12,IUSF,FBA193NZQ1KL,
2025-11-15T23:35:34,BWORM1G-0324,B07PHVYY87,B07PHVYY87,5OFZ26FS,4,DEPARTED,"Organic Worm Tea Concentrate and Compost and Bokashi Booster by Bloom City, Gallon(128 oz)",1,4,IUSF,FBA193NYS9LL,
2025-11-15T23:35:34,EVERGREEN1Q-FBA-UPC-1123,B0CPG83ZV7,B0CPG83ZV7,5OFZ26FS,12,DEPARTED,"Evergreen Tree Fertilizer for All Conifer Trees and Shrubs, Liquid Plant Food, 32 oz (1 Quart)",1,12,IUSF,FBA193NWK90H,
2025-11-15T23:35:34,LEMON1Q-FBA-UPC-0523,B0C73TCVFW,B0C73TCVFW,5OFZ26FS,12,DEPARTED,"Lemon Tree Fertilizer for Lemon Trees and Citrus, Liquid Plant Food, 32 oz (1 Quart)",3,36,IUSF,FBA193NNCH4L,
2025-11-15T23:35:34,LIQUIDWORM1G,B0D4JHL2VT,B0D4JHL2VT,5OFZ26FS,4,DEPARTED,"Worm Casting Tea Concentrate, Liquid Earthworm Tea for Plants, Bokashi and Compost Booster 128 oz (1 Gallon)",1,4,IUSF,FBA193NV2MQ9,
2025-11-15T23:35:34,TPS-BIRCHTREEFERT-1GAL,B0FKLS569Q,B0FKLS569Q,5OFZ26FS,4,DEPARTED,"Birch Tree Fertilizer for Birch Trees, Works Great for River Birch, Paper Birch, and Silver Birch, Liquid Fertilizer by TPS Plant Foods, 1 Gallon (128 oz)",1,4,IUSF,FBA193P0RGNN,
2025-11-15T23:35:34,TPS-GARLICFERTILIZER-QUART,B0DQRBFT4K,B0DQRBFT4K,5OFZ26FS,12,DEPARTED,"Garlic Fertilizer, Complete Liquid Garlic and All Allium Varieties Plant Food, 32 oz (1 Quart)",2,24,IUSF,FBA193NWBDBM,
2025-11-15T23:35:34,TPS-MAPLETREE- 1GAL,B0DQSDJRGC,B0DQSDJRGC,5OFZ26FS,4,DEPARTED,"Maple Tree Fertilizer, Complete Liquid Maple Tree Plant Food, 1 Gallon (128 oz)",1,4,IUSF,FBA193NWBDBM,
2025-11-15T23:35:34,TPS-SPRUCETREEFERT-1GAL,B0FKM246S1,B0FKM246S1,5OFZ26FS,4,DEPARTED,"Spruce Tree Fertilizer for Spruce Trees, Great for White Spruce, Blue Spruce, and Norway Spruce, Liquid Fertilizer by TPS Plant Foods, 1 Gallon (128 oz)",1,4,IUSF,FBA193NZKJY6,
2025-11-16T05:09:32,BSOILACIDIFIER8OZ-0224,B0D9KQB32Q,B0D9KQB32Q,5OFZ26FS,60,DEPARTED,"Bloom City's Organic Soil Acidifier - The Best Soil Acidifier Blueberry and Hydrangea Acidic Fertilizer for Optimal Plant Health, Quart (32 oz) (1/2 Pint (8 Ounce))",1,60,IUSF,FBA193NVND00,
2025-11-16T05:09:32,LIQUIDWORM1G,B0D4JHL2VT,B0D4JHL2VT,5OFZ26FS,4,DEPARTED,"Worm Casting Tea Concentrate, Liquid Earthworm Tea for Plants, Bokashi and Compost Booster 128 oz (1 Gallon)",1,4,IUSF,FBA193NVLGT5,
2025-11-16T05:09:32,RHODODEN1G-FBA-UPC-1123,B0CPG26W69,B0CPG26W69,5OFZ26FS,4,DEPARTED,"Rhododendron Fertilizer for All Rhodies, Azalea and Ericaceae Plants, Liquid Plant Food 1 Gallon (128oz)",1,4,IUSF,FBA193NZR4RL,
2025-11-16T05:09:32,TPS-GARLICFERTILIZER-QUART,B0DQRBFT4K,B0DQRBFT4K,5OFZ26FS,12,DEPARTED,"Garlic Fertilizer, Complete Liquid Garlic and All Allium Varieties Plant Food, 32 oz (1 Quart)",1,12,IUSF,FBA193NXP4R2,
2025-11-16T05:09:32,TPS-OAKTREE-1GAL,B0DQSNX3N7,B0DQSNX3N7,5OFZ26FS,4,DEPARTED,"Oak Tree Fertilizer, Complete Liquid Oak Tree Plant Food, 1 Gallon (128 oz)",1,4,IUSF,FBA193NVP551,
2025-11-16T05:09:32,TPS-SPRUCETREEFERT-1GAL,B0FKM246S1,B0FKM246S1,5OFZ26FS,4,DEPARTED,"Spruce Tree Fertilizer for Spruce Trees, Great for White Spruce, Blue Spruce, and Norway Spruce, Liquid Fertilizer by TPS Plant Foods, 1 Gallon (128 oz)",1,4,IUSF,FBA193P22T8Z,
2025-11-16T05:09:32,TPS-WILLOWTREEFERT-1GALLON,B0FKMF6J1J,B0FKMF6J1J,5OFZ26FS,4,DEPARTED,"Willow Fertilizer for Willow Trees, Great for Weeping Willow, Corkscrew Willow, and Dappled Willow, Liquid Fertilizer by TPS Plant Foods, 1 Gallon (128oz Quart)",1,4,IUSF,FBA193NSK656,
2025-11-16T05:09:32,TPSSIL1G-FBA-UPC-0323,B07CX79577,B07CX79577,5OFZ26FS,4,DEPARTED,"TPS NUTRIENTS Silica Gold Plant Strength Nutrient and Supplement with Bioavailable Silicon, 1 Gallon (128 oz)",4,16,IUSF,FBA193P060MD,
2025-11-16T05:43:12,BANANA1G-FBA-UPC-1123,B0CPGHF4NH,B0CPGHF4NH,5OFZ26FS,4,DEPARTED,"Banana Tree Fertilizer for All Banana Tree Plants, Liquid Plant Food 1 Gallon (128oz)",1,4,IUSF,FBA193NW22DH,
2025-11-16T05:43:12,BANANA1G-FBA-UPC-1123,B0CPGHF4NH,B0CPGHF4NH,5OFZ26FS,4,DEPARTED,"Banana Tree Fertilizer for All Banana Tree Plants, Liquid Plant Food 1 Gallon (128oz)",1,4,IUSF,FBA193P0WLWH,
2025-11-16T05:43:12,BROOT8OZ-1224,B08JHFG5GJ,B08JHFG5GJ,5OFZ26FS,60,DEPARTED,"Organic Root Stimulant, Salmon and Kelp Formula, Rich with Microbes and Mycorrhizae by Bloom City, 1/2 Pint (8 oz)",1,60,IUSF,FBA193NQXCD5,
2025-11-16T05:43:12,BWORM1G-0324,B07PHVYY87,B07PHVYY87,5OFZ26FS,4,DEPARTED,"Organic Worm Tea Concentrate and Compost and Bokashi Booster by Bloom City, Gallon(128 oz)",2,8,IUSF,FBA193NQXCD5,
2025-11-16T05:43:12,FICUSTREE1Q-FBA-UPC-1123,B0CPGKVZJH,B0CPGKVZJH,5OFZ26FS,12,DEPARTED,"TPS NUTRIENTS Ficus Tree Fertilizer for All Ficus, Fig and Moraceae Plants, Liquid Plant Food, 32 oz (1 Quart)",1,12,IUSF,FBA193NW22DH,
2025-11-16T05:43:12,GARDCALCIUM1G,B0D4JKJG2S,B0D4JKJG2S,5OFZ26FS,4,DEPARTED,"Calcium for Plants Made from Organic Inputs, Prevents Common Deficiencies, Liquid Plant Fertilizer 128 oz (1 Gallon)",1,4,IUSF,FBA193NVLGN0,
2025-11-16T05:43:12,LEMON1Q-FBA-UPC-0523,B0C73TCVFW,B0C73TCVFW,5OFZ26FS,12,DEPARTED,"Lemon Tree Fertilizer for Lemon Trees and Citrus, Liquid Plant Food, 32 oz (1 Quart)",3,36,IUSF,FBA193P4PZKH,
2025-11-16T05:43:12,PALMTREE1G-FBA-UPC-0523,B0C6Q6GN8H,B0C6Q6GN8H,5OFZ26FS,4,DEPARTED,"Palm Tree Fertilizer for All Palms and Ferns, Liquid Plant Food, 1 Gallon (128 oz)",2,8,IUSF,FBA193NZ5Z4M,
2025-11-16T05:43:12,RHODODEN1G-FBA-UPC-1123,B0CPG26W69,B0CPG26W69,5OFZ26FS,4,DEPARTED,"Rhododendron Fertilizer for All Rhodies, Azalea and Ericaceae Plants, Liquid Plant Food 1 Gallon (128oz)",1,4,IUSF,FBA193NXJNSB,
2025-11-16T05:43:12,TPS-AMARYLLISFERTILIZER-QUART,B0FLWYJ1S7,B0FLWYJ1S7,5OFZ26FS,12,DEPARTED,"Amaryllis Fertilizer for Amaryllis Bulbs, Great for Amaryllis Bulbs in Vase or for Planting, Liquid Fertilizer by TPS Plant Foods, 32oz (1Quart)",1,12,IUSF,FBA193NTX53W,
2025-11-16T05:43:12,TPS-BIRCHTREEFERT-1GAL,B0FKLS569Q,B0FKLS569Q,5OFZ26FS,4,DEPARTED,"Birch Tree Fertilizer for Birch Trees, Works Great for River Birch, Paper Birch, and Silver Birch, Liquid Fertilizer by TPS Plant Foods, 1 Gallon (128 oz)",1,4,IUSF,FBA193NVFXWS,
2025-11-16T05:43:12,TPS-BRAZILIANWOOD-8OZ,B0DQTP66M4,B0DQTP66M4,5OFZ26FS,60,DEPARTED,"Brazilian Wood Fertilizer, Complete Liquid Brazilian Wood Plant Food, 8 oz (250mL)",1,60,IUSF,FBA193NZYS8K,
2025-11-16T05:43:12,TPS-CHELATEDIRONFORTREES-QUART,B0FW3M7Z1J,B0FW3M7Z1J,5OFZ26FS,12,DEPARTED,"Chelated Iron for Trees – Liquid Micronutrient to Correct Yellow Leaves and Promote Healthy Green Canopies, by TPS Plant Foods, 32oz (1 Quart)",1,12,IUSF,FBA193NT77YZ,
2025-11-16T05:43:12,TPS-CLOVERFERT-1GALLON,B0FKT8JT1F,B0FKT8JT1F,5OFZ26FS,4,DEPARTED,"Clover Fertilizer for Clover Lawns, Great for Microclover and Dutch White Clover, Liquid Fertilizer by TPS Plant Foods, 1 Gallon (128oz)",1,4,IUSF,FBA193NTX53W,
2025-11-16T05:43:12,TPS-OAKTREE-1GAL,B0DQSNX3N7,B0DQSNX3N7,5OFZ26FS,4,DEPARTED,"Oak Tree Fertilizer, Complete Liquid Oak Tree Plant Food, 1 Gallon (128 oz)",1,4,IUSF,FBA193NZYS8K,
2025-11-16T05:43:12,TPS-PECANTREEFERT-1GALLON,B0FKMR162G,B0FKMR162G,5OFZ26FS,4,DEPARTED,"Pecan Tree Fertilizer for Pecan Trees, Supports Strong Growth and Hearty Nuts in All Varieiteis of Nut Trees, Liquid Fertilizer by TPS Plant Foods, 1 Gallon (128 oz)",1,4,IUSF,FBA193NRVD34,
2025-11-16T05:43:12,TPSSIG1G-FBA-UPC-0523,B07CWQ2V2G,B07CWQ2V2G,5OFZ26FS,4,DEPARTED,"TPS NUTRIENTS Signal Terpene Enhancer Plant Nutrient and Supplement, Flower Hardener and Increases Flavor, 1 Gallon (128 oz)",5,20,IUSF,FBA193NY7Q28,
2025-11-16T05:43:12,TPSSIG1Q-FBA-UPC-0323,B07CWQBNMS,B07CWQBNMS,5OFZ26FS,12,DEPARTED,"Signal Terpene Enhancer Plant Nutrient and Supplement, Flower Hardener and Increases Flavor by TPS Nutrients, 1 Quart (32 oz)",2,24,IUSF,FBA193NY7Q28,
2025-11-16T05:43:12,TPSSIL1Q,B07CX36LW8,B07CX36LW8,5OFZ26FS,12,DEPARTED,TPS NUTRIENTS Silica Gold Plant Strength Nutrient and Supplement with Bioavailable Silicon 1 Quart (32 oz),6,72,IUSF,FBA193NY7Q28,
2025-11-16T05:43:12,TRIPLE10TREE1G,B0D4JKCJP6,B0D4JKCJP6,5OFZ26FS,4,DEPARTED,"Liquid 10-10-10 Fertilizer for Trees and Shrubs, Triple Ten NPK Plus Iron and Micros, Liquid Plant Food 128 oz (1 Gallon)",2,8,IUSF,FBA193M6CHLY,
2025-11-16T05:43:12,ULTRAB1G-FBA-UPC-0123,B0BSR8TRGD,B0BSR8TRGD,5OFZ26FS,4,DEPARTED,"Ultra Bloom by TPS Nutrients, One Part Flowering and Fruiting Plant Fertilizer with All NPK Cal-Mag and Micros, 1 Gallon (128 oz)",1,4,IUSF,FBA193QKSYN6,
2025-11-16T05:53:15,EVERGREEN1G-FBA-UPC-1123,B0CPGP6WT9,B0CPGP6WT9,5OFZ26FS,4,DEPARTED,"Evergreen Tree Fertilizer for All Conifer Trees and Shrubs, Liquid Plant Food 1 Gallon (128oz)",6,24,IUSF,FBA193NQQCT8,
2025-11-16T05:53:15,PALMTREE1G-FBA-UPC-0523,B0C6Q6GN8H,B0C6Q6GN8H,5OFZ26FS,4,DEPARTED,"Palm Tree Fertilizer for All Palms and Ferns, Liquid Plant Food, 1 Gallon (128 oz)",4,16,IUSF,FBA193NZFTBZ,
2025-11-16T05:53:15,TPS-CLOVERFERT-1GALLON,B0FKT8JT1F,B0FKT8JT1F,5OFZ26FS,4,DEPARTED,"Clover Fertilizer for Clover Lawns, Great for Microclover and Dutch White Clover, Liquid Fertilizer by TPS Plant Foods, 1 Gallon (128oz)",1,4,IUSF,FBA193NTC2DL,
2025-11-16T05:53:15,TPS-OAKTREE-1GAL,B0DQSNX3N7,B0DQSNX3N7,5OFZ26FS,4,DEPARTED,"Oak Tree Fertilizer, Complete Liquid Oak Tree Plant Food, 1 Gallon (128 oz)",1,4,IUSF,FBA193P4TYJ3,
2025-11-16T06:56:59,BROMELIAD8OZ-FBA-UPC-1123,B0CPGC52VG,B0CPGC52VG,5OFZ26FS,60,DEPARTED,"Bromeliad Fertilizer for All Bromeliaceae Plants, Liquid Plant Food 8 oz (250mL)",1,60,IUSF,FBA193M50HVR,
2025-11-16T06:56:59,EVERGREEN1G-FBA-UPC-1123,B0CPGP6WT9,B0CPGP6WT9,5OFZ26FS,4,DEPARTED,"Evergreen Tree Fertilizer for All Conifer Trees and Shrubs, Liquid Plant Food 1 Gallon (128oz)",1,4,IUSF,FBA193NQQCT8,
2025-11-16T06:56:59,HIBISCUS1G-FBA-UPC-0523,B0C73SGLGQ,B0C73SGLGQ,5OFZ26FS,4,DEPARTED,"Hibiscus Fertilizer for Tropical and Flowering Plants, Liquid Plant Food, 1 Gallon (128 oz)",1,4,IUSF,FBA193P4S4BT,
2025-11-16T06:56:59,HPFIG8OZ-FBA-UPC-0123,B0BRTJGR33,B0BRTJGR33,5OFZ26FS,60,DEPARTED,"Fiddle Leaf Fig Plant Food for All Fig and Other Ficus Trees, Liquid Houseplant Fertilizer 8 oz (250mL)",2,120,IUSF,FBA193M30GV6,
2025-11-16T06:56:59,MYCOHOUSE6OZ-0524,B0D2Z4MKSP,B0D2Z4MKSP,5OFZ26FS,40,DEPARTED,"TPS NUTRIENTS Mycorrhizal Fungi for Houseplants, Mycos for Transplanting and for Established Indoor Plants, Contains Mycorrhizae and Soil Probiotics (6 Ounces)",1,40,IUSF,FBA193NQQCT8,
2025-11-16T06:56:59,SNAKE8OZ-FBA-UPC-0523,B0C6Q69C7K,B0C6Q69C7K,5OFZ26FS,60,DEPARTED,"Snake Plant Fertilizer for Snake Plants and All Sansevieria, 8 oz (250mL)",1,60,IUSF,FBA193M5KJGW,
2025-11-16T06:56:59,TPS-BIRCHTREEFERT-8OZ,B0FKM4RRP9,B0FKM4RRP9,5OFZ26FS,60,DEPARTED,"Birch Tree Fertilizer for Birch Trees, Works Great for River Birch, Paper Birch, and Silver Birch, Liquid Fertilizer by TPS Plant Foods, 8 oz (250mL)",1,60,IUSF,FBA193NSXJ7F,
2025-11-16T06:56:59,TPSSIG1G-FBA-UPC-0523,B07CWQ2V2G,B07CWQ2V2G,5OFZ26FS,4,DEPARTED,"TPS NUTRIENTS Signal Terpene Enhancer Plant Nutrient and Supplement, Flower Hardener and Increases Flavor, 1 Gallon (128 oz)",2,8,IUSF,FBA193P03V6Q,
2025-11-16T06:56:59,TPSSIL1G-FBA-UPC-0323,B07CX79577,B07CX79577,5OFZ26FS,4,DEPARTED,"TPS NUTRIENTS Silica Gold Plant Strength Nutrient and Supplement with Bioavailable Silicon, 1 Gallon (128 oz)",12,48,IUSF,FBA193P03V6Q,
2025-11-16T06:56:59,ZZPLANT8OZ-FBA-UPC-1123,B0CPGD9BRM,B0CPGD9BRM,5OFZ26FS,60,DEPARTED,"ZZ Plant Fertilizer for All Zamioculcas Plants, Liquid Plant Food 8 oz (250mL)",1,60,IUSF,FBA193M50HVR,
2025-11-16T15:44:35,BWORM1G-0324,B07PHVYY87,B07PHVYY87,5OFZ26FS,4,DEPARTED,"Organic Worm Tea Concentrate and Compost and Bokashi Booster by Bloom City, Gallon(128 oz)",1,4,IUSF,FBA193P0SYZ4,
2025-11-16T15:44:35,FLOWERFERT1G-0524,B0D4JHHJBX,B0D4JHHJBX,5OFZ26FS,4,DEPARTED,"Flower Fertilizer, Flowering Plant PK Bloom Booster, Liquid Plant Food 128 oz (1 Gallon)",1,4,IUSF,FBA193NTT747,
2025-11-16T15:44:35,HPFIG8OZ-FBA-UPC-0123,B0BRTJGR33,B0BRTJGR33,5OFZ26FS,60,DEPARTED,"Fiddle Leaf Fig Plant Food for All Fig and Other Ficus Trees, Liquid Houseplant Fertilizer 8 oz (250mL)",2,120,IUSF,FBA193M5KJGW,
2025-11-16T15:44:35,MONEYTREE8OZ-FBA-UPC-0523,B0C6Q7TGX1,B0C6Q7TGX1,5OFZ26FS,60,DEPARTED,"Money Tree Fertilizer for Money Trees and All Pachira Plants, Liquid Plant Food 8 oz (250mL)",1,60,IUSF,FBA193NZFTBZ,
2025-11-16T15:44:35,SUPPPHOS1G,B0D4JHNMDX,B0D4JHNMDX,5OFZ26FS,4,DEPARTED,"Phosphorus Fertilizer for Plants, Boosts Rooting, Growth, Blooming and Flowering, Liquid Plant Food 128 oz (1 Gallon)",1,4,IUSF,FBA193NT6MPK,
2025-11-16T15:44:35,TPS-BERRYFERTILIZER-1GAL,B0DPKQFW48,B0DPKQFW48,5OFZ26FS,4,DEPARTED,"Berry Fertilizer, Complete Liquid Strawberry and Blueberry Plant Food, Great for All Berries, 1 Gallon (128 oz)",1,4,IUSF,FBA193QJNJHM,
2025-11-16T15:44:35,TPS-BRAZILIANWOOD-8OZ,B0DQTP66M4,B0DQTP66M4,5OFZ26FS,60,DEPARTED,"Brazilian Wood Fertilizer, Complete Liquid Brazilian Wood Plant Food, 8 oz (250mL)",1,60,IUSF,FBA193P4TYJ3,
2025-11-16T16:46:31,AIRPLANT8OZ-FBA-UPC-0523,B0C6R6KQSZ,B0C6R6KQSZ,5OFZ26FS,60,DEPARTED,"TPS NUTRIENTS Air Plant Fertilizer for All Tillandsia Air Plants, Use As Foliar Spray or for Soaking, Liquid Plant Food 8 oz (250mL)",1,60,IUSF,FBA193P4S4BT,
2025-11-16T16:46:31,BWORM1G-0324,B07PHVYY87,B07PHVYY87,5OFZ26FS,4,DEPARTED,"Organic Worm Tea Concentrate and Compost and Bokashi Booster by Bloom City, Gallon(128 oz)",9,36,IUSF,FBA193P0SYZ4,
2025-11-16T16:46:31,OLIVE1Q-FBA-UPC-1123,B0CPG8X2V6,B0CPG8X2V6,5OFZ26FS,12,DEPARTED,"Olive Tree Fertilizer for All Olive and Oleaceae Trees, Liquid Plant Food, 32 oz (1 Quart)",1,12,IUSF,FBA193NSNF8F,
2025-11-16T16:46:31,PALMTREE1G-FBA-UPC-0523,B0C6Q6GN8H,B0C6Q6GN8H,5OFZ26FS,4,DEPARTED,"Palm Tree Fertilizer for All Palms and Ferns, Liquid Plant Food, 1 Gallon (128 oz)",2,8,IUSF,FBA193NZFTBZ,
2025-11-16T16:46:31,TPS-CHERRYTREEFERT-QUART,B0FKM18XR6,B0FKM18XR6,5OFZ26FS,12,DEPARTED,"Cherry Tree Fertilizer for Cherry Trees, Great for Bing, Rainier, and Montmorency Varieties, Liquid Fertilizer by TPS Plant Foods, 32 oz (1 Quart)",1,12,IUSF,FBA193NSXJ7F,
2025-11-16T16:46:31,TPS-GARLICFERTILIZER-QUART,B0DQRBFT4K,B0DQRBFT4K,5OFZ26FS,12,DEPARTED,"Garlic Fertilizer, Complete Liquid Garlic and All Allium Varieties Plant Food, 32 oz (1 Quart)",1,12,IUSF,FBA193P2PCC2,
2025-11-16T16:46:31,TPS-THUJAGREENGIANT-1GALLON,B0FKMTVCRG,B0FKMTVCRG,5OFZ26FS,4,DEPARTED,"Thuja Green Giant Fertilizer, Vigorous Growth for Thuja Green Giant and Other Arborvitae Varieties, Liquid Fertilizer by TPS Plant Foods, 1 Gallon (128 oz)",1,4,IUSF,FBA193NTC2DL,
2025-11-14T17:14:22,TPS-IVYPLANTFOOD-8OZ,B0DQSVV6DL,B0DQSVV6DL,6FE2FM6Y,60,DEPARTED,"Ivy Plant Food, Complete Liquid Ivy and Vine Plant Ferilizer, 8 oz (250mL)",1,60,IUST,FBA19381896V,
2025-11-14T17:33:08,BONSAI8OZ-FBA-UPC-0523,B0C6R56WK1,B0C6R56WK1,5OFZ26FS,60,DEPARTED,"Bonsai Fertilizer, Liquid Plant Food for Healthy Growth & Strong Roots in All Bonsai Trees, by TPS Plant Foods, 8 oz (250 mL)",1,60,IUSF,FBA193M64RM7,
2025-11-14T17:33:08,HPORCHID8OZ-FBA-UPC-0123,B0BRTJBFP7,B0BRTJBFP7,5OFZ26FS,60,DEPARTED,"Orchid Plant Food for All Orchids and Acid Loving Houseplants, Promotes Growth and Blooms, Liquid Fertilizer 8 oz (250mL)",2,120,IUSF,FBA193M64RM7,
2025-11-14T17:33:08,TRIPLE10TREE1G,B0D4JKCJP6,B0D4JKCJP6,5OFZ26FS,4,DEPARTED,"Liquid 10-10-10 Fertilizer for Trees and Shrubs, Triple Ten NPK Plus Iron and Micros, Liquid Plant Food 128 oz (1 Gallon)",5,20,IUSF,FBA193M79CV6,
2025-11-14T18:12:14,BHUMIC8OZ-0524,B08JHGSWDH,B08JHGSWDH,5JT732XW,60,DEPARTED,"Organic Liquid Humic Soil Health Formula, Great for Houseplants, Gardens and Lawns, by Bloom City, 1/2 Pint (8 oz) Concentrated Makes 30+ Gallons",1,60,IUST,FBA193NXYLSY,
2025-11-14T19:07:38,AIRPLANT1Q-FBA-UPC-0523,B0C6R6RL7B,B0C6R6RL7B,5LUL71WY,12,DEPARTED,"TPS NUTRIENTS Air Plant Fertilizer for All Tillandsia Air Plants, Use As Foliar Spray or for Soaking, Liquid Plant Food, 32 oz (1 Quart)",1,12,IUSJ,FBA193JJK4V9,
2025-11-14T20:06:31,ZZPLANT8OZ-FBA-UPC-1123,B0CPGD9BRM,B0CPGD9BRM,5OFZ26FS,60,DEPARTED,"ZZ Plant Fertilizer for All Zamioculcas Plants, Liquid Plant Food 8 oz (250mL)",1,60,IUSF,FBA193M4W873,
2025-11-14T20:08:06,HPFIG8OZ-FBA-UPC-0123,B0BRTJGR33,B0BRTJGR33,5OFZ26FS,60,DEPARTED,"Fiddle Leaf Fig Plant Food for All Fig and Other Ficus Trees, Liquid Houseplant Fertilizer 8 oz (250mL)",3,180,IUSF,FBA193M2BSBR,
2025-11-14T20:08:06,HPFIG8OZ-FBA-UPC-0123,B0BRTJGR33,B0BRTJGR33,5OFZ26FS,60,DEPARTED,"Fiddle Leaf Fig Plant Food for All Fig and Other Ficus Trees, Liquid Houseplant Fertilizer 8 oz (250mL)",1,60,IUSF,FBA193M64RM7,
2025-11-14T20:08:06,SNAKE8OZ-FBA-UPC-0523,B0C6Q69C7K,B0C6Q69C7K,5OFZ26FS,60,DEPARTED,"Snake Plant Fertilizer for Snake Plants and All Sansevieria, 8 oz (250mL)",2,120,IUSF,FBA193M64RM7,
2025-11-14T20:08:06,TPS-PINEAPPLEFERT-8OZ,B0FLWTSYWN,B0FLWTSYWN,5OFZ26FS,60,DEPARTED,"Pineapple Fertilizer for Pineapple Plants, Supports Fruit Production and Indoor/Outdoor Success, Liquid Fertilizer by TPS Plant Foods, 8 oz (250mL)",1,60,IUSF,FBA193M60DYD,
2025-11-14T20:24:37,TPS-HYDROPONICNUTRIENTS-QUART,B0DQRQ81YJ,B0DQRQ81YJ,45G18IKB,12,DEPARTED,"Hydroponic Nutrients for Edible Plants, One Part Complete Liquid Plant Food for Hydroponic Systems, 32 oz (1 Quart)",1,12,IUSR,FBA193JJM9SS,
2025-11-14T22:02:45,AIRPLANT8OZ-FBA-UPC-0523,B0C6R6KQSZ,B0C6R6KQSZ,5OFZ26FS,60,DEPARTED,"TPS NUTRIENTS Air Plant Fertilizer for All Tillandsia Air Plants, Use As Foliar Spray or for Soaking, Liquid Plant Food 8 oz (250mL)",1,60,IUSF,FBA193M5GKXT,
2025-11-15T00:02:01,LIQUIDWORM1G,B0D4JHL2VT,B0D4JHL2VT,5OFZ26FS,4,RECEIVED,"Worm Casting Tea Concentrate, Liquid Earthworm Tea for Plants, Bokashi and Compost Booster 128 oz (1 Gallon)",1,4,IUSF,STAR-VZ66S2HTWX7K2,
2025-11-15T01:02:07,TPS-ORANGETREE-QUART,B0DQSHHN4G,B0DQSHHN4G,6ZYTVK9U,12,DEPARTED,"Orange Tree Fertilizer, Complete Liquid Orange Tree Citrus Plant Food, 32 oz (1 Quart)",1,12,IUST,FBA193QJL60J,
2025-11-15T02:10:23,MONEYTREE8OZ-FBA-UPC-0523,B0C6Q7TGX1,B0C6Q7TGX1,5OFZ26FS,60,DEPARTED,"Money Tree Fertilizer for Money Trees and All Pachira Plants, Liquid Plant Food 8 oz (250mL)",1,60,IUSF,FBA193NXVWD5,
2025-11-15T02:10:23,OLIVE1G-FBA-UPC-1123,B0CPGHBD8R,B0CPGHBD8R,5OFZ26FS,4,DEPARTED,"Olive Tree Fertilizer for All Olive and Oleaceae Trees, Liquid Plant Food 1 Gallon (128oz)",1,4,IUSF,FBA193NQTS4F,
2025-11-15T02:10:23,OLIVE1Q-FBA-UPC-1123,B0CPG8X2V6,B0CPG8X2V6,5OFZ26FS,12,DEPARTED,"Olive Tree Fertilizer for All Olive and Oleaceae Trees, Liquid Plant Food, 32 oz (1 Quart)",1,12,IUSF,FBA193NVTSPQ,
2025-11-15T02:10:23,TPS-GARLICFERTILIZER-QUART,B0DQRBFT4K,B0DQRBFT4K,5OFZ26FS,12,DEPARTED,"Garlic Fertilizer, Complete Liquid Garlic and All Allium Varieties Plant Food, 32 oz (1 Quart)",1,12,IUSF,FBA193NYBFVN,
2025-11-15T02:10:23,TPSSIL1Q,B07CX36LW8,B07CX36LW8,5OFZ26FS,12,DEPARTED,TPS NUTRIENTS Silica Gold Plant Strength Nutrient and Supplement with Bioavailable Silicon 1 Quart (32 oz),3,36,IUSF,FBA193P2HKXH,
2025-11-15T07:20:10,AIRPLANT8OZ-FBA-UPC-0523,B0C6R6KQSZ,B0C6R6KQSZ,5OFZ26FS,60,DEPARTED,"TPS NUTRIENTS Air Plant Fertilizer for All Tillandsia Air Plants, Use As Foliar Spray or for Soaking, Liquid Plant Food 8 oz (250mL)",1,60,IUSF,FBA193M5W5JV,
2025-11-15T07:20:10,TPS-CHELATEDIRONFORPLANTS-QUART,B0FW3G5TCQ,B0FW3G5TCQ,5OFZ26FS,12,DEPARTED,"Chelated Iron for Plants – Fast-Acting Liquid Micronutrient for Greener Leaves and Improved Chlorophyll Production, Liquid Fertilizer by TPS Plant Foods, 32 oz (1 Quart)",1,12,IUSF,FBA193NVP27Q,
2025-11-15T08:09:29,SUPPMAG1G,B0D4JHT77N,B0D4JHT77N,5OFZ26FS,4,DEPARTED,"Magnesium Fertilizer for Plants, Bioavailable Mg for Growth and Flowering, Liquid Plant Food 128 oz (1 Gallon)",1,4,IUSF,FBA193NYLT06,
2025-11-15T08:09:29,TPSSIL1G-FBA-UPC-0323,B07CX79577,B07CX79577,5OFZ26FS,4,DEPARTED,"TPS NUTRIENTS Silica Gold Plant Strength Nutrient and Supplement with Bioavailable Silicon, 1 Gallon (128 oz)",2,8,IUSF,FBA193NYT6Q6,
2025-11-15T08:09:29,TRIPLE10TREE1G,B0D4JKCJP6,B0D4JKCJP6,5OFZ26FS,4,DEPARTED,"Liquid 10-10-10 Fertilizer for Trees and Shrubs, Triple Ten NPK Plus Iron and Micros, Liquid Plant Food 128 oz (1 Gallon)",1,4,IUSF,FBA193NQRVBW,
2025-11-15T08:26:29,HPORCHID8OZ-FBA-UPC-0123,B0BRTJBFP7,B0BRTJBFP7,5OFZ26FS,60,DEPARTED,"Orchid Plant Food for All Orchids and Acid Loving Houseplants, Promotes Growth and Blooms, Liquid Fertilizer 8 oz (250mL)",1,60,IUSF,FBA193M64RM7,
2025-11-15T10:00:33,BWORM1G-0324,B07PHVYY87,B07PHVYY87,5OFZ26FS,4,DEPARTED,"Organic Worm Tea Concentrate and Compost and Bokashi Booster by Bloom City, Gallon(128 oz)",3,12,IUSF,FBA193NMK9FN,
2025-11-15T10:07:11,HPORCHID8OZ-FBA-UPC-0123,B0BRTJBFP7,B0BRTJBFP7,5OFZ26FS,60,DEPARTED,"Orchid Plant Food for All Orchids and Acid Loving Houseplants, Promotes Growth and Blooms, Liquid Fertilizer 8 oz (250mL)",1,60,IUSF,FBA193M5KJGW,
2025-11-15T10:07:11,TPS-OAKTREE-1GAL,B0DQSNX3N7,B0DQSNX3N7,5OFZ26FS,4,DEPARTED,"Oak Tree Fertilizer, Complete Liquid Oak Tree Plant Food, 1 Gallon (128 oz)",2,8,IUSF,FBA193P4TYJ3,
2025-11-15T10:13:33,BROOT1Q-20240620,B07PHVYY86,B07PHVYY86,5OFZ26FS,12,DEPARTED,"Organic Root Stimulant, Salmon and Kelp Formula, Rich with Microbes and Mycorrhizae by Bloom City, Quart (32 oz)",1,12,IUSF,FBA193P0SYZ4,
2025-11-15T10:13:33,HPFIG8OZ-FBA-UPC-0123,B0BRTJGR33,B0BRTJGR33,5OFZ26FS,60,DEPARTED,"Fiddle Leaf Fig Plant Food for All Fig and Other Ficus Trees, Liquid Houseplant Fertilizer 8 oz (250mL)",1,60,IUSF,FBA193M30GV6,
2025-11-15T10:13:33,TPS-AVOCADOTREE-8OZ,B0DPKKMC57,B0DPKKMC57,5OFZ26FS,60,DEPARTED,"Avocado Tree Fertilizer, Complete Liquid Avocado Plant Food, 8 oz (250mL)",1,60,IUSF,FBA193NW2QF4,
2025-11-15T10:13:33,TPSSIG1G-FBA-UPC-0523,B07CWQ2V2G,B07CWQ2V2G,5OFZ26FS,4,DEPARTED,"TPS NUTRIENTS Signal Terpene Enhancer Plant Nutrient and Supplement, Flower Hardener and Increases Flavor, 1 Gallon (128 oz)",2,8,IUSF,FBA193P03V6Q,
2025-11-15T10:13:33,TPSSIG1Q-FBA-UPC-0323,B07CWQBNMS,B07CWQBNMS,5OFZ26FS,12,DEPARTED,"Signal Terpene Enhancer Plant Nutrient and Supplement, Flower Hardener and Increases Flavor by TPS Nutrients, 1 Quart (32 oz)",4,48,IUSF,FBA193P03V6Q,
2025-11-15T10:13:33,TPSSIL1Q,B07CX36LW8,B07CX36LW8,5OFZ26FS,12,DEPARTED,TPS NUTRIENTS Silica Gold Plant Strength Nutrient and Supplement with Bioavailable Silicon 1 Quart (32 oz),10,120,IUSF,FBA193P03V6Q,
2025-11-15T14:50:55,TPS-HYDROPONICNUTRIENTS-1GAL,B0DQR1G3L9,B0DQR1G3L9,6KVMUIZE,4,DEPARTED,"Hydroponic Nutrients for Edible Plants, One Part Complete Liquid Plant Food for Hydroponic Systems, 1 Gallon (128 oz)",2,8,IUST,FBA193821C4Q,
2025-11-15T15:11:58,TPS-LOTUSFERTILIZER-8OZ,B0DQTQ31B4,B0DQTQ31B4,5JT732XW,60,DEPARTED,"Lotus Fertilizer, Complete Lotus Plant Food, 8 oz (250mL)",1,60,IUST,FBA192P50WB6,
2025-11-15T15:29:49,AIRPLANT1G-FBA-UPC-0523,B0C6R6J9WW,B0C6R6J9WW,5OFZ26FS,4,DEPARTED,"TPS NUTRIENTS Air Plant Fertilizer for All Tillandsia Air Plants, Use As Foliar Spray or for Soaking, Liquid Plant Food, 1 Gallon (128 oz)",1,4,IUSF,FBA193P4PZKH,
2025-11-15T15:29:49,BLOOMFERT1G-0524,B0D4JFPQ1S,B0D4JFPQ1S,5OFZ26FS,4,DEPARTED,"Bloom Fertilizer, Concentrated PK Boost, No Nitrogen Bud and Fruit Booster, Liquid Plant Food 128 oz (1 Gallon)",1,4,IUSF,FBA193NZ495N,
2025-11-15T15:29:49,BWORM1G-0324,B07PHVYY87,B07PHVYY87,5OFZ26FS,4,DEPARTED,"Organic Worm Tea Concentrate and Compost and Bokashi Booster by Bloom City, Gallon(128 oz)",1,4,IUSF,FBA193NQXCD5,
2025-11-15T15:29:49,FLOWERFERT1G-0524,B0D4JHHJBX,B0D4JHHJBX,5OFZ26FS,4,DEPARTED,"Flower Fertilizer, Flowering Plant PK Bloom Booster, Liquid Plant Food 128 oz (1 Gallon)",1,4,IUSF,FBA193NS3NHJ,
2025-11-15T15:29:49,FLOWERFERT1G-0524,B0D4JHHJBX,B0D4JHHJBX,5OFZ26FS,4,DEPARTED,"Flower Fertilizer, Flowering Plant PK Bloom Booster, Liquid Plant Food 128 oz (1 Gallon)",1,4,IUSF,FBA193NW0T1H,
2025-11-15T15:29:49,HPFIG8OZ-FBA-UPC-0123,B0BRTJGR33,B0BRTJGR33,5OFZ26FS,60,DEPARTED,"Fiddle Leaf Fig Plant Food for All Fig and Other Ficus Trees, Liquid Houseplant Fertilizer 8 oz (250mL)",2,120,IUSF,FBA193M4NQRB,
2025-11-15T15:29:49,HPORCHID8OZ-FBA-UPC-0123,B0BRTJBFP7,B0BRTJBFP7,5OFZ26FS,60,DEPARTED,"Orchid Plant Food for All Orchids and Acid Loving Houseplants, Promotes Growth and Blooms, Liquid Fertilizer 8 oz (250mL)",2,120,IUSF,FBA193M4NQRB,
2025-11-15T15:29:49,OLIVE1Q-FBA-UPC-1123,B0CPG8X2V6,B0CPG8X2V6,5OFZ26FS,12,DEPARTED,"Olive Tree Fertilizer for All Olive and Oleaceae Trees, Liquid Plant Food, 32 oz (1 Quart)",1,12,IUSF,FBA193NRYDRC,
2025-11-15T15:29:49,SUPPNITRO1G,B0D4JHMGB3,B0D4JHMGB3,5OFZ26FS,4,DEPARTED,"Nitrogen for Plants, Tri-Source N Nitrogen for Lush Green Growth, Liquid Plant Fertilizer 128 oz (1 Gallon)",1,4,IUSF,FBA193NTC2GJ,
2025-11-15T15:29:49,SUPPPHOS1G,B0D4JHNMDX,B0D4JHNMDX,5OFZ26FS,4,DEPARTED,"Phosphorus Fertilizer for Plants, Boosts Rooting, Growth, Blooming and Flowering, Liquid Plant Food 128 oz (1 Gallon)",1,4,IUSF,FBA193NTC2GJ,
2025-11-15T15:29:49,SUPPPOT1G,B0D4JGKYCB,B0D4JGKYCB,5OFZ26FS,4,DEPARTED,"Potassium Fertilizer for Plants, Boosts Growth, Budding and Flowering, Liquid Plant Food 128 oz (1 Gallon)",1,4,IUSF,FBA193NT6MS4,
2025-11-15T15:29:49,TPS-BLACKBERRYFERT-8OZ,B0FKMBQTJL,B0FKMBQTJL,5OFZ26FS,60,DEPARTED,"BlackBerry Fertilizer for BlackBerry Plants, Supports Healthy Growth and Plump Berries in BlackBerry Plants, Liquid Fertilizer by TPS Plant Foods, 8 oz (250mL)",1,60,IUSF,FBA193NRVD34,
2025-11-15T15:29:49,TPS-MAPLETREE- 1GAL,B0DQSDJRGC,B0DQSDJRGC,5OFZ26FS,4,DEPARTED,"Maple Tree Fertilizer, Complete Liquid Maple Tree Plant Food, 1 Gallon (128 oz)",1,4,IUSF,FBA193NZD6M1,
2025-11-15T15:29:49,TPS-PONDPLANTFERT-1GALLON,B0FM28GC48,B0FM28GC48,5OFZ26FS,4,DEPARTED,"Pond Plant Fertilizer for Pond Plants, Great for Water Lilies, Lotus, and Cattails, Liquid Fertilizer by TPS Plant Foods, 1 Gallon (128 oz)",1,4,IUSF,FBA193NT77YZ,
2025-11-15T15:29:49,TPSSIG1G-FBA-UPC-0523,B07CWQ2V2G,B07CWQ2V2G,5OFZ26FS,4,DEPARTED,"TPS NUTRIENTS Signal Terpene Enhancer Plant Nutrient and Supplement, Flower Hardener and Increases Flavor, 1 Gallon (128 oz)",1,4,IUSF,FBA193NY7Q28,
2025-11-15T15:29:49,TRIPLE10TREE1G,B0D4JKCJP6,B0D4JKCJP6,5OFZ26FS,4,DEPARTED,"Liquid 10-10-10 Fertilizer for Trees and Shrubs, Triple Ten NPK Plus Iron and Micros, Liquid Plant Food 128 oz (1 Gallon)",4,16,IUSF,FBA193M6CHLY,
2025-11-13T14:12:44,HPMONST8OZ-FBA-UPC-0123,B0BRTK1P8Z,B0BRTK1P8Z,5JT732XW,60,DEPARTED,"Monstera Plant Food for Monsteras and Philodendrons, Tropical Houseplant Liquid Fertilizer 8 oz (250mL)",2,120,IUST,FBA1932C8QXW,
2025-11-13T15:17:39,ROSE1Q-FBA-UPC-0523,B0C73SJFLB,B0C73SJFLB,7ER7L29C,12,DEPARTED,"TPS NUTRIENTS Rose Fertilizer for Flowering Plants, Liquid Plant Food, 32 oz (1 Quart)",1,12,IUSR,FBA193JHW5C4,
2025-11-13T18:49:18,HPINDOOR8OZ-FBA-UPC-0123,B0BRTJB518,B0BRTJB518,3SRWV9OX,60,DEPARTED,"Indoor Plant Food, Liquid Fertilizer for Healthy Growth & Vibrant Foliage in Houseplants, by TPS Plant Foods, 8 oz (250 mL)",1,60,IUST,FBA1932D2MVK,
2025-11-13T18:52:29,BONSAI1Q-FBA-UPC-0523,B0C6R75HBB,B0C6R75HBB,3SRWV9OX,12,DEPARTED,"Bonsai Fertilizer for All Bonsai Trees, Great for Root Soaks, Liquid Plant Food, 32 oz (1 Quart)",1,12,IUST,FBA19380S7J3,
2025-11-13T18:52:29,HPHERB1Q-FBA-UPC-0123,B0BRTJC59Q,B0BRTJC59Q,3SRWV9OX,12,DEPARTED,"Herb Plant Food for All Edible Herbs, Leafy Greens and Veggies, Liquid Houseplant Fertilizer, 32 oz (1 Quart)",1,12,IUST,FBA19380S7J3,
2025-11-13T18:52:29,LIQUIDPF1Q-FBA-UPC-0323,B0BRTJ3CCV,B0BRTJ3CCV,3SRWV9OX,12,DEPARTED,"Liquid Plant Food for use in AeroGarden, IDOO and Hydroponic Growing Systems, Liquid Fertilizer, 32 oz (1 Quart)",2,24,IUST,FBA19380S7J3,2027-10-13
2025-11-13T18:52:29,TPS-HYDROPONICPLANTFOOD-QUART,B0DQSGQ15C,B0DQSGQ15C,3SRWV9OX,12,DEPARTED,"Hydroponic Plant Food, Complete One Part Liquid Hydroponic Fertilizer, 32 oz (1 Quart)",1,12,IUST,FBA19380S7J3,
2025-11-13T18:58:35,BHUMIC1Q-1224,B077SXQ1QT,B077SXQ1QT,3SRWV9OX,12,DEPARTED,"Bloom City Organic Liquid Humic Soil Health Formula, Great for Houseplants, Gardens and Lawns, Quart (32 oz) Concentrated Makes 30+ Gallons",2,24,IUST,FBA193802WQM,
2025-11-13T18:58:35,BONSAI1Q-FBA-UPC-0523,B0C6R75HBB,B0C6R75HBB,3SRWV9OX,12,DEPARTED,"Bonsai Fertilizer for All Bonsai Trees, Great for Root Soaks, Liquid Plant Food, 32 oz (1 Quart)",1,12,IUST,FBA193802WQM,
2025-11-13T18:58:35,CITRUS8OZ-FBA-UPC-0523,B0C73S6Q23,B0C73S6Q23,7K1K6ZWZ,60,DEPARTED,"Citrus Fertilizer for All Citrus and Fruiting Trees, Liquid Plant Food 8 oz (250mL)",2,120,IUST,FBA193802WQM,
2025-11-13T18:58:35,SUPPPHOS1Q,B0D4JH61JS,B0D4JH61JS,3SRWV9OX,12,DEPARTED,"TPS NUTRIENTS Phosphorus Fertilizer for Plants, Boosts Rooting, Growth, Blooming and Flowering, Liquid Plant Food, 32 oz (1 Quart)",1,12,IUST,FBA193802WQM,
2025-11-13T18:58:35,TPS-THUJAGREENGIANT-QUART,B0FKM9SMRR,B0FKM9SMRR,3SRWV9OX,12,DEPARTED,"Thuja Green Giant Fertilizer, Vigorous Growth for Thuja Green Giant and Other Arborvitae Varieties, Liquid Fertilizer by TPS Plant Foods, 32 oz (1 Quart)",1,12,IUST,FBA193802WQM,
2025-11-13T19:34:56,TPS-HYDROPONICNUTRIENTS-QUART,B0DQRQ81YJ,B0DQRQ81YJ,45G18IKB,12,DEPARTED,"Hydroponic Nutrients for Edible Plants, One Part Complete Liquid Plant Food for Hydroponic Systems, 32 oz (1 Quart)",1,12,IUSR,FBA193JHW5C4,
2025-11-14T05:52:33,HPFIG8OZ-FBA-UPC-0123,B0BRTJGR33,B0BRTJGR33,5OFZ26FS,60,DEPARTED,"Fiddle Leaf Fig Plant Food for All Fig and Other Ficus Trees, Liquid Houseplant Fertilizer 8 oz (250mL)",1,60,IUSF,FBA193M2WCNM,
2025-11-14T08:36:21,GARDENIA1Q-FBA-UPC-0523,B0C6Q6F34F,B0C6Q6F34F,3UFWXB9O,12,DEPARTED,"Gardenia Fertilizer for Gardenias, Camellia and Rhododendron Plants, Flowering Liquid Plant Food, 32 oz (1 Quart)",1,12,IUSF,FBA193KSBFNS,
2025-11-14T10:23:59,AFVIOLET8OZ-FBA-UPC-0523,B0C73TS2P2,B0C73TS2P2,5OFZ26FS,60,DEPARTED,"African Violet Fertilizer for Indoor Flowering Plants, Liquid Plant Food 8 oz (250mL)",1,60,IUSF,FBA193M5LMTD,
2025-11-14T10:23:59,AIRPLANT8OZ-FBA-UPC-0523,B0C6R6KQSZ,B0C6R6KQSZ,5OFZ26FS,60,DEPARTED,"TPS NUTRIENTS Air Plant Fertilizer for All Tillandsia Air Plants, Use As Foliar Spray or for Soaking, Liquid Plant Food 8 oz (250mL)",1,60,IUSF,FBA193M5LMTD,
2025-11-14T10:30:50,AIRPLANT1Q-FBA-UPC-0523,B0C6R6RL7B,B0C6R6RL7B,5LUL71WY,12,DEPARTED,"TPS NUTRIENTS Air Plant Fertilizer for All Tillandsia Air Plants, Use As Foliar Spray or for Soaking, Liquid Plant Food, 32 oz (1 Quart)",1,12,IUSJ,FBA193JJK4V9,
2025-11-14T15:34:40,AFVIOLET8OZ-FBA-UPC-0523,B0C73TS2P2,B0C73TS2P2,5OFZ26FS,60,DEPARTED,"African Violet Fertilizer for Indoor Flowering Plants, Liquid Plant Food 8 oz (250mL)",1,60,IUSF,FBA193M4W873,
2025-11-14T15:34:40,AIRPLANT8OZ-FBA-UPC-0523,B0C6R6KQSZ,B0C6R6KQSZ,5OFZ26FS,60,DEPARTED,"TPS NUTRIENTS Air Plant Fertilizer for All Tillandsia Air Plants, Use As Foliar Spray or for Soaking, Liquid Plant Food 8 oz (250mL)",1,60,IUSF,FBA193M4W873,
2025-11-14T15:34:40,HPFIG8OZ-FBA-UPC-0123,B0BRTJGR33,B0BRTJGR33,5OFZ26FS,60,DEPARTED,"Fiddle Leaf Fig Plant Food for All Fig and Other Ficus Trees, Liquid Houseplant Fertilizer 8 oz (250mL)",3,180,IUSF,FBA193M3G309,
2025-11-14T16:03:40,HPFIG8OZ-FBA-UPC-0123,B0BRTJGR33,B0BRTJGR33,5OFZ26FS,60,DEPARTED,"Fiddle Leaf Fig Plant Food for All Fig and Other Ficus Trees, Liquid Houseplant Fertilizer 8 oz (250mL)",3,180,IUSF,FBA193M2CDD2,
2025-11-14T16:03:40,HPFIG8OZ-FBA-UPC-0123,B0BRTJGR33,B0BRTJGR33,5OFZ26FS,60,DEPARTED,"Fiddle Leaf Fig Plant Food for All Fig and Other Ficus Trees, Liquid Houseplant Fertilizer 8 oz (250mL)",2,120,IUSF,FBA193M58X7C,
2025-11-12T13:08:28,ARBORVITAE1G-FBA-UPC-1123,B0CPGJR1FV,B0CPGJR1FV,5OFZ26FS,4,RECEIVED,"Arborvitae Tree Fertilizer for All Arborvitaes, Evergreen Shrubs and Thuja Trees, Liquid Plant Food 1 Gallon (128oz)",50,200,IUSF,STAR-VZ66S2HTWX7K2,
2025-11-12T18:13:05,HPINDOOR8OZ-FBA-UPC-0123,B0BRTJB518,B0BRTJB518,3SRWV9OX,60,DEPARTED,"Indoor Plant Food, Liquid Fertilizer for Healthy Growth & Vibrant Foliage in Houseplants, by TPS Plant Foods, 8 oz (250 mL)",1,60,IUST,FBA1932D2MVK,
2025-11-12T18:13:05,LIQUIDPF1G-FBA-UPC-0523,B0C6K2PMKS,B0C6K2PMKS,3SRWV9OX,4,DEPARTED,"Liquid Plant Food for use in AeroGarden, IDOO and Hydroponic Growing Systems, Liquid Fertilizer 1 Gallon (128 oz)",3,12,IUST,FBA193821C4Q,
2025-11-12T18:13:05,TPS-5-10-5FERT-QUART,B0FKT3R2DS,B0FKT3R2DS,3SRWV9OX,12,DEPARTED,"5-10-5 Fertilizer for Plants, Great for Root Vegetables, Fruiting Vegetables, and Flowers, Plant Fertilizer by TPS Plant Foods, 32oz (1 Quart)",1,12,IUST,FBA193291ZQS,
2025-11-12T18:13:05,TPS-7-7-7FERT-QUART,B0FKT3RRQ2,B0FKT3RRQ2,3SRWV9OX,12,DEPARTED,"7-7-7 Fertilizer for Plants, Great for Vegetables, Flowers, and Shrubs, Liquid Plant Fertilizer by TPS Plant Foods, 32oz (1 Quart)",1,12,IUST,FBA193291ZQS,
2025-11-12T18:13:05,XMASCACTUS1Q-FBA-UPC-1123,B0CPGFXPYW,B0CPGFXPYW,3SRWV9OX,12,DEPARTED,"TPS NUTRIENTS Christmas Cactus Fertilizer for All Christmas Cacti and Schlumbergera Cacti, Liquid Plant Food, 32 oz (1 Quart)",1,12,IUST,FBA193821C4Q,
2025-11-12T18:24:28,HPSUCC8OZ-FBA-UPC-0123,B0BRTJ4PLB,B0BRTJ4PLB,3SRWV9OX,60,DEPARTED,"Succulent Plant Food for Succulents, Cactus, Jade and Aloe, Liquid Houseplant Fertilizer 8 oz (250mL)",1,60,IUST,FBA19328HYLJ,
2025-11-12T18:24:28,TPS-MUMFERTILIZER-8OZ,B0DQSMCW87,B0DQSMCW87,3SRWV9OX,60,DEPARTED,"Mum Fertilizer, Complete Liquid Mum Plant Food for All Chrysanthemums, 8 oz (250mL)",1,60,IUST,FBA1930X83BY,
2025-11-12T18:24:28,TPS-MUMFERTILIZER-8OZ,B0DQSMCW87,B0DQSMCW87,3SRWV9OX,60,DEPARTED,"Mum Fertilizer, Complete Liquid Mum Plant Food for All Chrysanthemums, 8 oz (250mL)",1,60,IUST,FBA19328XN19,
2025-11-12T18:36:08,BFRUITCITRUS1Q-0224,B0BZBJKHSX,B0BZBJKHSX,3SRWV9OX,12,DEPARTED,Bloom City's Organic Citrus & Fruit Fertilizer for Fruit Trees - Quart (32 oz),1,12,IUST,FBA193821C4Q,
2025-11-12T18:36:08,TPS-JAPANESEMAPLE-1GAL,B0DQSMMF79,B0DQSMMF79,3SRWV9OX,4,DEPARTED,"Japanese Maple Fertilizer, Complete Liquid Plant Food for All Japanese Maple Tree Varietals, 1 Gallon (128 oz)",1,4,IUST,FBA193821C4Q,
2025-11-12T18:37:44,TPS-PHOS&POTASHFERT-8OZ,B0DQTQZKK4,B0DQTQZKK4,5JT732XW,60,DEPARTED,"Phosphorus and Potassium Fertilizer, Complete Liquid Phosphorus and Potassium for Plants, 8 oz (250mL)",2,120,IUST,FBA19381896V,
2025-11-12T18:37:44,TPS-POTATOFERT-8OZ,B0DQQSSCCR,B0DQQSSCCR,6KVMUIZE,60,DEPARTED,"Potato Fertilizer, Complete Liquid Potato Plant Food, 8 oz (250mL)",2,120,IUST,FBA193JGLB7R,
2025-11-12T18:37:44,TPSSIG8OZ-FBA-UPC-0124,B0CT65NMRD,B0CT65NMRD,5JT732XW,60,DEPARTED,"Signal Terpene Enhancer Plant Nutrient and Supplement, Flower Hardener and Increases Flavor by TPS Nutrients, 8 oz (250mL)",2,120,IUST,FBA19381896V,
2025-11-12T18:37:44,TPSSIL8OZ-FBA-UPC-0124,B0CT6W7R81,B0CT6W7R81,5JT732XW,60,DEPARTED,TPS NUTRIENTS Silica Gold Plant Strength Nutrient and Supplement with Bioavailable Silicon 8 oz (250mL),1,60,IUST,FBA1932C8QR2,
2025-11-12T18:51:04,SUPPUREA1Q,B0D4JHML3R,B0D4JHML3R,43WAOH1U,12,DEPARTED,"TPS NUTRIENTS Urea Fertilizer for Plants, 15-0-0 Balanced Nitrogen for Vibrant Green Growth, Liquid Plant Food, 32 oz (1 Quart)",1,12,IUSR,FBA193JHW5C4,
2025-11-12T19:39:24,LIMETREE8OZ-FBA-UPC-1123,B0CPG8WFCX,B0CPG8WFCX,3SRWV9OX,60,DEPARTED,"Lime Tree Fertilizer for All Lime and Citrus Trees, Liquid Plant Food 8 oz (250mL)",1,60,IUST,FBA193821C4Q,
2025-11-12T19:39:24,TPS-LOTUSFERTILIZER-8OZ,B0DQTQ31B4,B0DQTQ31B4,3SRWV9OX,60,DEPARTED,"Lotus Fertilizer, Complete Lotus Plant Food, 8 oz (250mL)",1,60,IUST,FBA193821C4Q,
2025-11-12T19:39:24,TPS-LOTUSFERTILIZER-8OZ,B0DQTQ31B4,B0DQTQ31B4,5JT732XW,60,DEPARTED,"Lotus Fertilizer, Complete Lotus Plant Food, 8 oz (250mL)",1,60,IUST,FBA192P2XW7G,
2025-11-12T19:39:24,TPS-PINETREE-8OZ,B0DQSVHP7N,B0DQSVHP7N,5JT732XW,60,DEPARTED,"Pine Tree Fertilizer, Complete Liquid Pine Tree Plant Food, 8 oz (250mL)",1,60,IUST,FBA192DHHVSK,
2025-11-12T19:39:24,XMASCACTUS1Q-FBA-UPC-1123,B0CPGFXPYW,B0CPGFXPYW,3SRWV9OX,12,DEPARTED,"TPS NUTRIENTS Christmas Cactus Fertilizer for All Christmas Cacti and Schlumbergera Cacti, Liquid Plant Food, 32 oz (1 Quart)",1,12,IUST,FBA193821C4Q,
2025-11-12T19:39:24,XMASCACTUS8OZ-FBA-UPC-1123,B0CPGGCRT8,B0CPGGCRT8,5JT732XW,60,DEPARTED,"TPS NUTRIENTS Christmas Cactus Fertilizer for All Christmas Cacti and Schlumbergera Cacti, Liquid Plant Food 8 oz (250mL)",3,180,IUST,FBA192P2XW7G,
2025-11-12T20:22:39,TPS-BOXWOOD-1GAL,B0DPKY7CXY,B0DPKY7CXY,5JT732XW,4,DEPARTED,"Boxwood Fertilizer, Complete Liquid Boxwood Shrub Plant Food, 1 Gallon (128 oz)",1,4,IUST,FBA193802WQM,
2025-11-12T20:22:39,TPS-MAGNOLIATREE-1GAL,B0DQSHFZDV,B0DQSHFZDV,5JT732XW,4,DEPARTED,"Magnolia Tree Fertilizer, Complete Liquid Magnolia Tree Plant Food, 1 Gallon (128 oz)",1,4,IUST,FBA193802WQM,
2025-11-12T20:31:33,LIQUIDPF8OZ-FBA-UPC-0123,B0BRTKV4TC,B0BRTKV4TC,3SRWV9OX,60,DEPARTED,"Liquid Plant Food for use in AeroGarden, IDOO and Hydroponic Growing Systems, Liquid Fertilizer 8 oz (250mL)",1,60,IUST,FBA193802WQM,
2025-11-12T20:31:33,TPS-PINETREE-1GAL,B0DQT8YTY5,B0DQT8YTY5,7K1K6ZWZ,4,DEPARTED,"Pine Tree Fertilizer, Complete Liquid Pine Tree Plant Food, 1 Gallon (128 oz)",2,8,IUST,FBA193802WQM,
2025-11-12T20:32:10,MONEYTREE8OZ-FBA-UPC-0523,B0C6Q7TGX1,B0C6Q7TGX1,3SRWV9OX,60,DEPARTED,"Money Tree Fertilizer for Money Trees and All Pachira Plants, Liquid Plant Food 8 oz (250mL)",1,60,IUST,FBA19327RNVB,
2025-11-12T20:38:59,POTHOS8OZ-FBA-UPC-1123,B0CPGCBFPB,B0CPGCBFPB,5JT732XW,60,DEPARTED,"TPS NUTRIENTS Pothos Fertilizer for All Pothos Plants and Vines, Liquid Plant Food 8 oz (250mL)",1,60,IUST,FBA193JGLB7R,
2025-11-12T20:38:59,TPS-IVYPLANTFOOD-8OZ,B0DQSVV6DL,B0DQSVV6DL,6FE2FM6Y,60,DEPARTED,"Ivy Plant Food, Complete Liquid Ivy and Vine Plant Ferilizer, 8 oz (250mL)",2,120,IUST,FBA193JGLB7R,
2025-11-12T20:38:59,TPS-ORANGETREE-QUART,B0DQSHHN4G,B0DQSHHN4G,6ZYTVK9U,12,DEPARTED,"Orange Tree Fertilizer, Complete Liquid Orange Tree Citrus Plant Food, 32 oz (1 Quart)",1,12,IUST,FBA193JGLB7R,
2025-11-12T20:51:24,LEMON1G-FBA-UPC-0523,B0C73RCDCT,B0C73RCDCT,3SRWV9OX,4,DEPARTED,"Lemon Tree Fertilizer for Lemon Trees and Citrus, Liquid Plant Food, 1 Gallon (128 oz)",1,4,IUST,FBA193JHRWQ5,
2025-11-12T20:56:02,GRANLEMON16OZ,B0D4GR62BL,B0D4GR62BL,5JT732XW,25,DEPARTED,"Organic Lemon Tree Fertilizer, Slow Release Dry Granular Fertilizer for Lemon and Citrus Trees - 1 Pound (16 Oz)",1,25,IUST,FBA193JGWSV1,
2025-11-12T21:17:03,TPS-HYDROPONICNUTRIENTS-QUART,B0DQRQ81YJ,B0DQRQ81YJ,45G18IKB,12,DEPARTED,"Hydroponic Nutrients for Edible Plants, One Part Complete Liquid Plant Food for Hydroponic Systems, 32 oz (1 Quart)",1,12,IUSR,FBA193JHKKKJ,
2025-11-12T21:31:29,SUPPNITRO8OZ,B0D4JHC532,B0D4JHC532,4NTX8SEV,60,DEPARTED,"TPS NUTRIENTS Nitrogen for Plants, Tri-Source N Nitrogen for Lush Green Growth, Liquid Plant Fertilizer 8 oz (250mL), SUPPNITRO8OZ",1,60,IUSF,FBA19380PBRJ,
2025-11-12T22:08:30,ARBORVITAE1G-FBA-UPC-1123,B0CPGJR1FV,B0CPGJR1FV,3SRWV9OX,4,DEPARTED,"Arborvitae Tree Fertilizer for All Arborvitaes, Evergreen Shrubs and Thuja Trees, Liquid Plant Food 1 Gallon (128oz)",2,8,IUST,FBA193JGWSV1,
2025-11-12T22:08:30,FICUSTREE1G-FBA-UPC-1123,B0CPGGD5K8,B0CPGGD5K8,3SRWV9OX,4,DEPARTED,"Ficus Tree Fertilizer for All Ficus, Fig and Moraceae Plants, Liquid Plant Food 1 Gallon (128oz)",2,8,IUST,FBA193JGWSV1,
2025-11-12T22:08:30,LEMON8OZ-FBA-UPC-0523,B0C73SNJCH,B0C73SNJCH,3SRWV9OX,60,DEPARTED,"Lemon Tree Fertilizer, Complete Lemon Tree Plant Food, 8 oz (250mL)",1,60,IUST,FBA193821C4Q,
2025-11-12T22:08:30,PALMTREE8OZ-FBA-UPC-0523,B0C6Q7PL3S,B0C6Q7PL3S,3SRWV9OX,60,DEPARTED,"Palm Tree Fertilizer for All Palms and Ferns, Liquid Plant Food 8 oz (250mL)",2,120,IUST,FBA193821C4Q,
2025-11-12T22:08:30,TPS-8-8-8FERT-QUART,B0FKSYTZBJ,B0FKSYTZBJ,3SRWV9OX,12,DEPARTED,"8-8-8 Fertilizer for Plants, Great for Shrubs, Vegetables, and Flowers, Plant Fertilizer by TPS Plant Foods, 32oz (1 Quart)",1,12,IUST,FBA1932920N5,
2025-11-12T22:20:08,HPSUCC8OZ-FBA-UPC-0123,B0BRTJ4PLB,B0BRTJ4PLB,3SRWV9OX,60,DEPARTED,"Succulent Plant Food for Succulents, Cactus, Jade and Aloe, Liquid Houseplant Fertilizer 8 oz (250mL)",1,60,IUST,FBA19380CQ8M,
2025-11-12T23:19:02,TPS-PHOS&POTASHFERT-QUART,B0DQTRBM2J,B0DQTRBM2J,5OFZ26FS,12,RECEIVED,"Phosphorus and Potassium Fertilizer, Complete Liquid Phosphorus and Potassium for Plants, 32 oz (1 Quart)",1,12,IUSF,STAR-VZ66S2HTWX7K2,
2025-11-12T23:19:02,TPS-PINEAPPLEFERT-8OZ,B0FLWTSYWN,B0FLWTSYWN,5OFZ26FS,60,RECEIVED,"Pineapple Fertilizer for Pineapple Plants, Supports Fruit Production and Indoor/Outdoor Success, Liquid Fertilizer by TPS Plant Foods, 8 oz (250mL)",1,60,IUSF,STAR-VZ66S2HTWX7K2,
2025-11-12T23:19:02,TPS-PUMPKINFERTILIZER-1GAL,B0DQ81KB68,B0DQ81KB68,5OFZ26FS,4,RECEIVED,"Pumpkin Fertilizer, Complete Liquid Pumpkin Squash and GORD Plant Food, 1 Gallon (128 oz)",1,4,IUSF,STAR-VZ66S2HTWX7K2,
2025-11-13T00:20:19,HPMONST1Q-FBA-UPC-0123,B0BRTKX9QR,B0BRTKX9QR,43WAOH1U,12,DEPARTED,"Monstera Plant Food for Monsteras and Philodendrons, Tropical Houseplant Liquid Fertilizer, 32 oz (1 Quart)",1,12,IUSL,FBA193D9Q5Q8,
2025-11-13T00:20:19,TPSSIL1G-FBA-UPC-0323,B07CX79577,B07CX79577,43WAOH1U,4,DEPARTED,"TPS NUTRIENTS Silica Gold Plant Strength Nutrient and Supplement with Bioavailable Silicon, 1 Gallon (128 oz)",1,4,IUSL,FBA193D9Q5Q8,
2025-11-13T00:41:40,LIQUIDPF1G-FBA-UPC-0523,B0C6K2PMKS,B0C6K2PMKS,3SRWV9OX,4,DEPARTED,"Liquid Plant Food for use in AeroGarden, IDOO and Hydroponic Growing Systems, Liquid Fertilizer 1 Gallon (128 oz)",3,12,IUST,FBA19380S7J3,
2025-11-13T03:27:44,TPS-PEACELILY-8OZ,B0DQSMMLPL,B0DQSMMLPL,45G18IKB,60,DEPARTED,"Peace Lily Fertilizer, Complete Liquid Peace Lily Plant Food, 8 oz (250mL)",1,60,IUSR,FBA193JHY33D,
2025-11-13T04:37:44,BANANA1Q-FBA-UPC-1123,B0CPGF247B,B0CPGF247B,43WAOH1U,12,DEPARTED,"Banana Tree Fertilizer for All Banana Tree Plants, Liquid Plant Food, 32 oz (1 Quart)",1,12,IUSR,FBA193JJM9SS,
2025-11-13T04:37:44,TPS-PEACELILY-8OZ,B0DQSMMLPL,B0DQSMMLPL,45G18IKB,60,DEPARTED,"Peace Lily Fertilizer, Complete Liquid Peace Lily Plant Food, 8 oz (250mL)",1,60,IUSR,FBA193JJM9SS,
2025-11-13T04:42:34,XMASCACTUS8OZ-FBA-UPC-1123,B0CPGGCRT8,B0CPGGCRT8,5JT732XW,60,DEPARTED,"TPS NUTRIENTS Christmas Cactus Fertilizer for All Christmas Cacti and Schlumbergera Cacti, Liquid Plant Food 8 oz (250mL)",1,60,IUST,FBA192SCW3L6,
2025-11-13T04:42:34,XMASCACTUS8OZ-FBA-UPC-1123,B0CPGGCRT8,B0CPGGCRT8,5JT732XW,60,DEPARTED,"TPS NUTRIENTS Christmas Cactus Fertilizer for All Christmas Cacti and Schlumbergera Cacti, Liquid Plant Food 8 oz (250mL)",1,60,IUST,FBA192WMNRZZ,
2025-11-13T04:42:34,XMASCACTUS8OZ-FBA-UPC-1123,B0CPGGCRT8,B0CPGGCRT8,5JT732XW,60,DEPARTED,"TPS NUTRIENTS Christmas Cactus Fertilizer for All Christmas Cacti and Schlumbergera Cacti, Liquid Plant Food 8 oz (250mL)",8,480,IUST,FBA192WPM246,
2025-11-13T04:56:19,BFRUITCITRUS1Q-0224,B0BZBJKHSX,B0BZBJKHSX,3SRWV9OX,12,DEPARTED,Bloom City's Organic Citrus & Fruit Fertilizer for Fruit Trees - Quart (32 oz),1,12,IUST,FBA193821C4Q,
2025-11-13T04:56:19,HPHERB1Q-FBA-UPC-0123,B0BRTJC59Q,B0BRTJC59Q,3SRWV9OX,12,DEPARTED,"Herb Plant Food for All Edible Herbs, Leafy Greens and Veggies, Liquid Houseplant Fertilizer, 32 oz (1 Quart)",1,12,IUST,FBA193821C4Q,
2025-11-13T04:56:19,HPINDOOR1G-FBA-UPC-0523,B0C6JYR3R8,B0C6JYR3R8,5JT732XW,4,DEPARTED,"TPS NUTRIENTS Indoor Plant Food for Houseplants, Liquid Fertilizer, 1 Gallon (128 oz)",1,4,IUST,FBA193821C4Q,
2025-11-13T04:56:19,TPS-LUCKYBAMBOOFERTILIZER-8OZ,B0DPGW63XX,B0DPGW63XX,7K1K6ZWZ,60,DEPARTED,"Lucky Bamboo Fertilizer, Complete Liquid Lucky Bamboo Plant Food, 8 oz (250mL)",1,60,IUST,FBA193JGWSV1,
2025-11-13T04:56:19,TPS-MAGNOLIATREE-8OZ,B0DQSK65XB,B0DQSK65XB,135BJC2H,60,DEPARTED,"Magnolia Tree Fertilizer, Complete Liquid Magnolia Tree Plant Food, 8 oz (250mL)",1,60,IUST,FBA193JGWSV1,
2025-11-13T05:33:07,BANANA1Q-FBA-UPC-1123,B0CPGF247B,B0CPGF247B,43WAOH1U,12,DEPARTED,"Banana Tree Fertilizer for All Banana Tree Plants, Liquid Plant Food, 32 oz (1 Quart)",2,24,IUSR,FBA193JHY33D,
2025-11-13T07:17:13,AZALEA1G-FBA-UPC-0523,B0C73SVVDB,B0C73SVVDB,7ER7L29C,4,DEPARTED,"Azalea Fertilizer for Evergreen Shrubs Azalea, Rhododendron and Camellias, Liquid Plant Food, 1 Gallon (128 oz)",1,4,IUSR,FBA193JHW5C4,
2025-11-13T08:45:41,LEMON8OZ-FBA-UPC-0523,B0C73SNJCH,B0C73SNJCH,43WAOH1U,60,DEPARTED,"Lemon Tree Fertilizer, Complete Lemon Tree Plant Food, 8 oz (250mL)",2,120,IUSL,FBA193JHS021,
2025-11-13T09:40:15,LEMON1G-FBA-UPC-0523,B0C73RCDCT,B0C73RCDCT,3SRWV9OX,4,DEPARTED,"Lemon Tree Fertilizer for Lemon Trees and Citrus, Liquid Plant Food, 1 Gallon (128 oz)",1,4,IUST,FBA193JH7LB2,
2025-11-13T09:51:36,CITRUS8OZ-FBA-UPC-0523,B0C73S6Q23,B0C73S6Q23,7K1K6ZWZ,60,DEPARTED,"Citrus Fertilizer for All Citrus and Fruiting Trees, Liquid Plant Food 8 oz (250mL)",2,120,IUST,FBA193JGWSV1,
2025-11-13T11:46:54,TPSSIG1Q-FBA-UPC-0323,B07CWQBNMS,B07CWQBNMS,5OFZ26FS,12,RECEIVED,"Signal Terpene Enhancer Plant Nutrient and Supplement, Flower Hardener and Increases Flavor by TPS Nutrients, 1 Quart (32 oz)",1,12,IUSF,STAR-VZ66S2HTWX7K2,
2025-11-13T12:36:43,SUPPUREA1Q,B0D4JHML3R,B0D4JHML3R,43WAOH1U,12,DEPARTED,"TPS NUTRIENTS Urea Fertilizer for Plants, 15-0-0 Balanced Nitrogen for Vibrant Green Growth, Liquid Plant Food, 32 oz (1 Quart)",1,12,IUSR,FBA193JJM9SS,
2025-11-11T16:20:22,BFRUITCITRUS1Q-0224,B0BZBJKHSX,B0BZBJKHSX,3SRWV9OX,12,DEPARTED,Bloom City's Organic Citrus & Fruit Fertilizer for Fruit Trees - Quart (32 oz),1,12,IUST,FBA193JGLB7R,
2025-11-11T16:20:22,POTHOS8OZ-FBA-UPC-1123,B0CPGCBFPB,B0CPGCBFPB,5JT732XW,60,DEPARTED,"TPS NUTRIENTS Pothos Fertilizer for All Pothos Plants and Vines, Liquid Plant Food 8 oz (250mL)",1,60,IUST,FBA193JGLB7R,
2025-11-11T19:47:17,HPSIL8OZ-FBA-UPC-0124,B0CT668F19,B0CT668F19,5JT732XW,60,DEPARTED,"TPS NUTRIENTS Silica for Plants, Boost Strength & Resilience, Stronger Stems & Healthier Leaves - 8 oz (250mL)",2,120,IUST,FBA19380S7J3,
2025-11-11T19:51:49,ARBORVITAE1G-FBA-UPC-1123,B0CPGJR1FV,B0CPGJR1FV,3SRWV9OX,4,DEPARTED,"Arborvitae Tree Fertilizer for All Arborvitaes, Evergreen Shrubs and Thuja Trees, Liquid Plant Food 1 Gallon (128oz)",2,8,IUST,FBA193JHRWQ5,
2025-11-11T19:51:49,BKELP8OZ-0724,B08JHHFZVG,B08JHHFZVG,3SRWV9OX,60,DEPARTED,"Organic Liquid Seaweed and Kelp Fertilizer Supplement by Bloom City, (8 oz) Concentrated Makes 45 Gallons",2,120,IUST,FBA193JHRWQ5,
2025-11-11T19:51:49,HPORCHID1Q-FBA-UPC-0123,B0BRTHWDSZ,B0BRTHWDSZ,3SRWV9OX,12,DEPARTED,"Orchid Plant Food for All Orchids and Acid Loving Houseplants, Promotes Growth and Blooms, Liquid Fertilizer, 32 oz (1 Quart)",1,12,IUST,FBA193JHRWQ5,
2025-11-11T19:56:37,BANANA1Q-FBA-UPC-1123,B0CPGF247B,B0CPGF247B,43WAOH1U,12,DEPARTED,"Banana Tree Fertilizer for All Banana Tree Plants, Liquid Plant Food, 32 oz (1 Quart)",1,12,IUSR,FBA193JH9TXH,
2025-11-11T20:21:40,JASMINE1G-FBA-UPC-1123,B0CPGGCP7Q,B0CPGGCP7Q,6KVMUIZE,4,DEPARTED,"Jasmine Fertilizer for All Flowering Jasmine Shrubs and Vines, Liquid Plant Food 1 Gallon (128oz)",1,4,IUST,FBA193JGLB7R,
2025-11-11T20:21:40,TPS-CHERRYTREEFERT-QUART,B0FKM18XR6,B0FKM18XR6,3SRWV9OX,12,DEPARTED,"Cherry Tree Fertilizer for Cherry Trees, Great for Bing, Rainier, and Montmorency Varieties, Liquid Fertilizer by TPS Plant Foods, 32 oz (1 Quart)",1,12,IUST,FBA193JGLB7R,
2025-11-11T21:26:43,BANANA1Q-FBA-UPC-1123,B0CPGF247B,B0CPGF247B,43WAOH1U,12,DEPARTED,"Banana Tree Fertilizer for All Banana Tree Plants, Liquid Plant Food, 32 oz (1 Quart)",1,12,IUSR,FBA193JJ0CRQ,
2025-11-11T22:15:03,BKELP8OZ-0724,B08JHHFZVG,B08JHHFZVG,3SRWV9OX,60,DEPARTED,"Organic Liquid Seaweed and Kelp Fertilizer Supplement by Bloom City, (8 oz) Concentrated Makes 45 Gallons",3,180,IUST,FBA193JH7LB2,
2025-11-11T22:15:03,CITRUS8OZ-FBA-UPC-0523,B0C73S6Q23,B0C73S6Q23,7K1K6ZWZ,60,DEPARTED,"Citrus Fertilizer for All Citrus and Fruiting Trees, Liquid Plant Food 8 oz (250mL)",1,60,IUST,FBA193JH7LB2,
2025-11-11T22:15:03,FICUSTREE1G-FBA-UPC-1123,B0CPGGD5K8,B0CPGGD5K8,3SRWV9OX,4,DEPARTED,"Ficus Tree Fertilizer for All Ficus, Fig and Moraceae Plants, Liquid Plant Food 1 Gallon (128oz)",1,4,IUST,FBA193JH7LB2,
2025-11-11T22:15:03,GRANLEMON16OZ,B0D4GR62BL,B0D4GR62BL,5JT732XW,25,DEPARTED,"Organic Lemon Tree Fertilizer, Slow Release Dry Granular Fertilizer for Lemon and Citrus Trees - 1 Pound (16 Oz)",1,25,IUST,FBA193JH7LB2,
2025-11-11T22:15:03,HPMONST8OZ-FBA-UPC-0123,B0BRTK1P8Z,B0BRTK1P8Z,5JT732XW,60,DEPARTED,"Monstera Plant Food for Monsteras and Philodendrons, Tropical Houseplant Liquid Fertilizer 8 oz (250mL)",1,60,IUST,FBA1932C22NP,
2025-11-11T22:15:03,HPSIL8OZ-FBA-UPC-0124,B0CT668F19,B0CT668F19,5JT732XW,60,DEPARTED,"TPS NUTRIENTS Silica for Plants, Boost Strength & Resilience, Stronger Stems & Healthier Leaves - 8 oz (250mL)",1,60,IUST,FBA193802WQM,
2025-11-11T22:15:03,TRIPLE10VEG8OZ,B0D4JHN28P,B0D4JHN28P,5JT732XW,60,DEPARTED,"TPS NUTRIENTS Liquid 10-10-10 Fertilizer for Vegetables, Triple Ten NPK Plus Iron and Micros, Liquid Plant Food 8 oz (250mL)",1,60,IUST,FBA193JH7LB2,
2025-11-11T22:19:43,SUPPUREA1Q,B0D4JHML3R,B0D4JHML3R,43WAOH1U,12,DEPARTED,"TPS NUTRIENTS Urea Fertilizer for Plants, 15-0-0 Balanced Nitrogen for Vibrant Green Growth, Liquid Plant Food, 32 oz (1 Quart)",1,12,IUSR,FBA193JHKKKJ,
2025-11-11T22:29:18,AFVIOLET8OZ-FBA-UPC-0523,B0C73TS2P2,B0C73TS2P2,5OFZ26FS,60,RECEIVED,"African Violet Fertilizer for Indoor Flowering Plants, Liquid Plant Food 8 oz (250mL)",8,480,IUSF,STAR-VZ66S2HTWX7K2,
2025-11-11T22:29:18,AIRPLANT8OZ-FBA-UPC-0523,B0C6R6KQSZ,B0C6R6KQSZ,5OFZ26FS,60,RECEIVED,"TPS NUTRIENTS Air Plant Fertilizer for All Tillandsia Air Plants, Use As Foliar Spray or for Soaking, Liquid Plant Food 8 oz (250mL)",5,300,IUSF,STAR-VZ66S2HTWX7K2,
2025-11-11T22:29:18,BONSAI8OZ-FBA-UPC-0523,B0C6R56WK1,B0C6R56WK1,5OFZ26FS,60,RECEIVED,"Bonsai Fertilizer, Liquid Plant Food for Healthy Growth & Strong Roots in All Bonsai Trees, by TPS Plant Foods, 8 oz (250 mL)",10,600,IUSF,STAR-VZ66S2HTWX7K2,
2025-11-11T22:29:18,BROMELIAD8OZ-FBA-UPC-1123,B0CPGC52VG,B0CPGC52VG,5OFZ26FS,60,RECEIVED,"Bromeliad Fertilizer for All Bromeliaceae Plants, Liquid Plant Food 8 oz (250mL)",1,60,IUSF,STAR-VZ66S2HTWX7K2,
2025-11-11T22:29:18,HPFIG8OZ-FBA-UPC-0123,B0BRTJGR33,B0BRTJGR33,5OFZ26FS,60,RECEIVED,"Fiddle Leaf Fig Plant Food for All Fig and Other Ficus Trees, Liquid Houseplant Fertilizer 8 oz (250mL)",8,480,IUSF,STAR-VZ66S2HTWX7K2,
2025-11-11T22:29:18,HPORCHID8OZ-FBA-UPC-0123,B0BRTJBFP7,B0BRTJBFP7,5OFZ26FS,60,RECEIVED,"Orchid Plant Food for All Orchids and Acid Loving Houseplants, Promotes Growth and Blooms, Liquid Fertilizer 8 oz (250mL)",14,840,IUSF,STAR-VZ66S2HTWX7K2,
2025-11-11T22:29:18,SNAKE8OZ-FBA-UPC-0523,B0C6Q69C7K,B0C6Q69C7K,5OFZ26FS,60,RECEIVED,"Snake Plant Fertilizer for Snake Plants and All Sansevieria, 8 oz (250mL)",7,420,IUSF,STAR-VZ66S2HTWX7K2,
2025-11-11T22:29:18,TPS-DESERTROSE-8OZ,B0DPMBDLXF,B0DPMBDLXF,5OFZ26FS,60,RECEIVED,"Desert Rose Fertilizer, Complete Liquid Desert Rose Plant Food, 8 oz (250mL)",2,120,IUSF,STAR-VZ66S2HTWX7K2,
2025-11-11T22:29:18,TPS-PINEAPPLEFERT-8OZ,B0FLWTSYWN,B0FLWTSYWN,5OFZ26FS,60,RECEIVED,"Pineapple Fertilizer for Pineapple Plants, Supports Fruit Production and Indoor/Outdoor Success, Liquid Fertilizer by TPS Plant Foods, 8 oz (250mL)",2,120,IUSF,STAR-VZ66S2HTWX7K2,
2025-11-11T22:29:18,TRIPLE10TREE1G,B0D4JKCJP6,B0D4JKCJP6,5OFZ26FS,4,RECEIVED,"Liquid 10-10-10 Fertilizer for Trees and Shrubs, Triple Ten NPK Plus Iron and Micros, Liquid Plant Food 128 oz (1 Gallon)",21,84,IUSF,STAR-VZ66S2HTWX7K2,
2025-11-11T22:29:18,ZZPLANT8OZ-FBA-UPC-1123,B0CPGD9BRM,B0CPGD9BRM,5OFZ26FS,60,RECEIVED,"ZZ Plant Fertilizer for All Zamioculcas Plants, Liquid Plant Food 8 oz (250mL)",2,120,IUSF,STAR-VZ66S2HTWX7K2,
2025-11-11T23:10:10,HPINDOOR1G-FBA-UPC-0523,B0C6JYR3R8,B0C6JYR3R8,5JT732XW,4,DEPARTED,"TPS NUTRIENTS Indoor Plant Food for Houseplants, Liquid Fertilizer, 1 Gallon (128 oz)",1,4,IUST,FBA193802WQM,
2025-11-11T23:39:04,CITRUS1G-FBA-UPC-0523,B0C73SW1WM,B0C73SW1WM,5JT732XW,4,DEPARTED,"Citrus Fertilizer for All Citrus and Fruiting Trees, Liquid Plant Food, 1 Gallon (128 oz)",1,4,IUST,FBA193JHRWQ5,
2025-11-11T23:39:04,CITRUS8OZ-FBA-UPC-0523,B0C73S6Q23,B0C73S6Q23,7K1K6ZWZ,60,DEPARTED,"Citrus Fertilizer for All Citrus and Fruiting Trees, Liquid Plant Food 8 oz (250mL)",2,120,IUST,FBA193JHRWQ5,
2025-11-11T23:39:04,FICUSTREE1G-FBA-UPC-1123,B0CPGGD5K8,B0CPGGD5K8,3SRWV9OX,4,DEPARTED,"Ficus Tree Fertilizer for All Ficus, Fig and Moraceae Plants, Liquid Plant Food 1 Gallon (128oz)",1,4,IUST,FBA193JHRWQ5,
2025-11-11T23:39:04,TRIPLE10VEG8OZ,B0D4JHN28P,B0D4JHN28P,5JT732XW,60,DEPARTED,"TPS NUTRIENTS Liquid 10-10-10 Fertilizer for Vegetables, Triple Ten NPK Plus Iron and Micros, Liquid Plant Food 8 oz (250mL)",1,60,IUST,FBA193JHRWQ5,
2025-11-11T23:52:24,CITRUS1G-FBA-UPC-0523,B0C73SW1WM,B0C73SW1WM,5JT732XW,4,DEPARTED,"Citrus Fertilizer for All Citrus and Fruiting Trees, Liquid Plant Food, 1 Gallon (128 oz)",1,4,IUST,FBA193JHS6FG,
2025-11-11T23:52:24,LEMON1G-FBA-UPC-0523,B0C73RCDCT,B0C73RCDCT,3SRWV9OX,4,DEPARTED,"Lemon Tree Fertilizer for Lemon Trees and Citrus, Liquid Plant Food, 1 Gallon (128 oz)",1,4,IUST,FBA193JHS6FG,
2025-11-11T23:52:24,TPS-MAGNOLIATREE-8OZ,B0DQSK65XB,B0DQSK65XB,135BJC2H,60,DEPARTED,"Magnolia Tree Fertilizer, Complete Liquid Magnolia Tree Plant Food, 8 oz (250mL)",1,60,IUST,FBA193JHS6FG,
2025-11-11T23:56:35,BKELP8OZ-0724,B08JHHFZVG,B08JHHFZVG,3SRWV9OX,60,DEPARTED,"Organic Liquid Seaweed and Kelp Fertilizer Supplement by Bloom City, (8 oz) Concentrated Makes 45 Gallons",2,120,IUST,FBA193JJ873L,
2025-11-11T23:56:35,CITRUS8OZ-FBA-UPC-0523,B0C73S6Q23,B0C73S6Q23,7K1K6ZWZ,60,DEPARTED,"Citrus Fertilizer for All Citrus and Fruiting Trees, Liquid Plant Food 8 oz (250mL)",2,120,IUST,FBA193JJ873L,
2025-11-11T23:56:35,FICUSTREE1G-FBA-UPC-1123,B0CPGGD5K8,B0CPGGD5K8,3SRWV9OX,4,DEPARTED,"Ficus Tree Fertilizer for All Ficus, Fig and Moraceae Plants, Liquid Plant Food 1 Gallon (128oz)",1,4,IUST,FBA193JJ873L,
2025-11-11T23:56:35,GRANLEMON16OZ,B0D4GR62BL,B0D4GR62BL,5JT732XW,25,DEPARTED,"Organic Lemon Tree Fertilizer, Slow Release Dry Granular Fertilizer for Lemon and Citrus Trees - 1 Pound (16 Oz)",1,25,IUST,FBA193JJ873L,
2025-11-12T00:01:05,BANANA1Q-FBA-UPC-1123,B0CPGF247B,B0CPGF247B,43WAOH1U,12,DEPARTED,"Banana Tree Fertilizer for All Banana Tree Plants, Liquid Plant Food, 32 oz (1 Quart)",1,12,IUSR,FBA193JHW5C4,
2025-11-12T01:04:06,TPS-8-8-8FERT-1GALLON,B0FKSFH249,B0FKSFH249,3SRWV9OX,4,DEPARTED,"8-8-8 Fertilizer for Plants, Great for Shrubs, Vegetables, and Flowers, Plant Fertilizer by TPS Plant Foods, 1 Gallon (128oz)",1,4,IUST,FBA19329LY5T,
2025-11-12T01:47:52,ARBORVITAE1G-FBA-UPC-1123,B0CPGJR1FV,B0CPGJR1FV,3SRWV9OX,4,DEPARTED,"Arborvitae Tree Fertilizer for All Arborvitaes, Evergreen Shrubs and Thuja Trees, Liquid Plant Food 1 Gallon (128oz)",1,4,IUST,FBA193821C4Q,
2025-11-12T01:47:52,TPS-4-4-4FERT-1GALLON,B0FKSBSMW8,B0FKSBSMW8,3SRWV9OX,4,DEPARTED,"4-4-4 Fertilizer for Plants, Great for Leafy Vegetables and Herbs, Liquid Plant Fertilizer by TPS Plant Foods, 1 Gallon (128oz)",1,4,IUST,FBA19329LY5T,
2025-11-12T01:47:52,TPS-JAPANESEMAPLE-1GAL,B0DQSMMF79,B0DQSMMF79,3SRWV9OX,4,DEPARTED,"Japanese Maple Fertilizer, Complete Liquid Plant Food for All Japanese Maple Tree Varietals, 1 Gallon (128 oz)",1,4,IUST,FBA193821C4Q,
2025-11-12T01:47:52,TPS-MAGNOLIATREE-1GAL,B0DQSHFZDV,B0DQSHFZDV,5JT732XW,4,DEPARTED,"Magnolia Tree Fertilizer, Complete Liquid Magnolia Tree Plant Food, 1 Gallon (128 oz)",1,4,IUST,FBA193821C4Q,
2025-11-12T01:47:52,TREE1G-FBA-UPC-0523,B0C73S6NFW,B0C73S6NFW,3SRWV9OX,4,DEPARTED,"TPS NUTRIENTS Tree Fertilizer for All Trees and Shrubs, Liquid Plant Food, 1 Gallon (128 oz)",2,8,IUST,FBA19328S590,
2025-11-12T01:47:52,TREE1G-FBA-UPC-0523,B0C73S6NFW,B0C73S6NFW,3SRWV9OX,4,DEPARTED,"TPS NUTRIENTS Tree Fertilizer for All Trees and Shrubs, Liquid Plant Food, 1 Gallon (128 oz)",6,24,IUST,FBA1932DRS98,
2025-11-12T02:27:16,BHUMIC1Q-1224,B077SXQ1QT,B077SXQ1QT,5JT732XW,12,DEPARTED,"Bloom City Organic Liquid Humic Soil Health Formula, Great for Houseplants, Gardens and Lawns, Quart (32 oz) Concentrated Makes 30+ Gallons",1,12,IUST,FBA1926C86FT,
2025-11-12T02:27:16,HPMONST1Q-FBA-UPC-0123,B0BRTKX9QR,B0BRTKX9QR,5JT732XW,12,DEPARTED,"Monstera Plant Food for Monsteras and Philodendrons, Tropical Houseplant Liquid Fertilizer, 32 oz (1 Quart)",2,24,IUST,FBA1926CK6NY,
2025-11-12T02:27:16,HPSIL8OZ-FBA-UPC-0124,B0CT668F19,B0CT668F19,5JT732XW,60,DEPARTED,"TPS NUTRIENTS Silica for Plants, Boost Strength & Resilience, Stronger Stems & Healthier Leaves - 8 oz (250mL)",8,480,IUST,FBA1926BWQPF,
2025-11-12T02:27:16,TPSSIL8OZ-FBA-UPC-0124,B0CT6W7R81,B0CT6W7R81,5JT732XW,60,DEPARTED,TPS NUTRIENTS Silica Gold Plant Strength Nutrient and Supplement with Bioavailable Silicon 8 oz (250mL),1,60,IUST,FBA1926C87WZ,
2025-11-12T03:54:51,AZALEA1G-FBA-UPC-0523,B0C73SVVDB,B0C73SVVDB,7ER7L29C,4,DEPARTED,"Azalea Fertilizer for Evergreen Shrubs Azalea, Rhododendron and Camellias, Liquid Plant Food, 1 Gallon (128 oz)",1,4,IUSR,FBA193JJ0CRQ,
2025-11-12T03:54:51,TPS-PEACELILY-8OZ,B0DQSMMLPL,B0DQSMMLPL,45G18IKB,60,DEPARTED,"Peace Lily Fertilizer, Complete Liquid Peace Lily Plant Food, 8 oz (250mL)",1,60,IUSR,FBA193JJ0CRQ,
2025-11-12T04:16:46,TPS-PEACELILY-8OZ,B0DQSMMLPL,B0DQSMMLPL,45G18IKB,60,DEPARTED,"Peace Lily Fertilizer, Complete Liquid Peace Lily Plant Food, 8 oz (250mL)",1,60,IUSR,FBA193JHW5C4,
2025-11-12T05:54:17,TPS-HYDROPONICNUTRIENTS-QUART,B0DQRQ81YJ,B0DQRQ81YJ,45G18IKB,12,DEPARTED,"Hydroponic Nutrients for Edible Plants, One Part Complete Liquid Plant Food for Hydroponic Systems, 32 oz (1 Quart)",1,12,IUSR,FBA193JHY33D,
2025-11-12T05:57:18,BCALMAG1G-0224,B073ZP47ZN,B073ZP47ZN,3SRWV9OX,4,DEPARTED,"Bloom City Professional Grade Ultra Pure Cal-Mag Growing Fertilizer,Gallon (128 oz)",1,4,IUST,FBA193821C4Q,
2025-11-12T05:57:18,TPS-4-4-4FERT-1GALLON,B0FKSBSMW8,B0FKSBSMW8,3SRWV9OX,4,DEPARTED,"4-4-4 Fertilizer for Plants, Great for Leafy Vegetables and Herbs, Liquid Plant Fertilizer by TPS Plant Foods, 1 Gallon (128oz)",1,4,IUST,FBA1930WRH3Z,
2025-11-12T05:57:18,TREE1G-FBA-UPC-0523,B0C73S6NFW,B0C73S6NFW,3SRWV9OX,4,DEPARTED,"TPS NUTRIENTS Tree Fertilizer for All Trees and Shrubs, Liquid Plant Food, 1 Gallon (128 oz)",1,4,IUST,FBA19328S590,
2025-11-12T06:00:43,LIQUIDPF8OZ-FBA-UPC-0123,B0BRTKV4TC,B0BRTKV4TC,3SRWV9OX,60,DEPARTED,"Liquid Plant Food for use in AeroGarden, IDOO and Hydroponic Growing Systems, Liquid Fertilizer 8 oz (250mL)",2,120,IUST,FBA193821C4Q,
2025-11-12T06:00:43,TPS-PHOS&POTASHFERT-8OZ,B0DQTQZKK4,B0DQTQZKK4,5JT732XW,60,DEPARTED,"Phosphorus and Potassium Fertilizer, Complete Liquid Phosphorus and Potassium for Plants, 8 oz (250mL)",1,60,IUST,FBA1926B8348,
2025-11-12T06:53:56,BCALMAG1G-0224,B073ZP47ZN,B073ZP47ZN,3SRWV9OX,4,DEPARTED,"Bloom City Professional Grade Ultra Pure Cal-Mag Growing Fertilizer,Gallon (128 oz)",1,4,IUST,FBA193821C4Q,
2025-11-12T06:53:56,XMASCACTUS8OZ-FBA-UPC-1123,B0CPGGCRT8,B0CPGGCRT8,5JT732XW,60,DEPARTED,"TPS NUTRIENTS Christmas Cactus Fertilizer for All Christmas Cacti and Schlumbergera Cacti, Liquid Plant Food 8 oz (250mL)",1,60,IUST,FBA192C56F68,
2025-11-12T07:55:23,AZALEA1G-FBA-UPC-0523,B0C73SVVDB,B0C73SVVDB,7ER7L29C,4,DEPARTED,"Azalea Fertilizer for Evergreen Shrubs Azalea, Rhododendron and Camellias, Liquid Plant Food, 1 Gallon (128 oz)",1,4,IUSR,FBA193JJM9SS,
2025-11-12T08:58:54,TPS-HYDROPONICNUTRIENTS-QUART,B0DQRQ81YJ,B0DQRQ81YJ,45G18IKB,12,DEPARTED,"Hydroponic Nutrients for Edible Plants, One Part Complete Liquid Plant Food for Hydroponic Systems, 32 oz (1 Quart)",1,12,IUSR,FBA193JJ0CRQ,
2025-11-12T09:08:52,BCALMAG1G-0224,B073ZP47ZN,B073ZP47ZN,3SRWV9OX,4,DEPARTED,"Bloom City Professional Grade Ultra Pure Cal-Mag Growing Fertilizer,Gallon (128 oz)",2,8,IUST,FBA193821C4Q,
2025-11-12T09:08:52,HPHERB1Q-FBA-UPC-0123,B0BRTJC59Q,B0BRTJC59Q,3SRWV9OX,12,DEPARTED,"Herb Plant Food for All Edible Herbs, Leafy Greens and Veggies, Liquid Houseplant Fertilizer, 32 oz (1 Quart)",1,12,IUST,FBA193821C4Q,
2025-11-12T09:08:52,HPMONST8OZ-FBA-UPC-0123,B0BRTK1P8Z,B0BRTK1P8Z,5JT732XW,60,DEPARTED,"Monstera Plant Food for Monsteras and Philodendrons, Tropical Houseplant Liquid Fertilizer 8 oz (250mL)",5,300,IUST,FBA192DHHVSK,
2025-11-12T09:08:52,TPS-HYDROPONICPLANTFOOD-8OZ,B0DQSK49DB,B0DQSK49DB,3SRWV9OX,60,DEPARTED,"Hydroponic Plant Food, Complete One Part Liquid Hydroponic Fertilizer, 8 oz (250mL)",1,60,IUST,FBA193821C4Q,
2025-11-12T09:08:52,TPS-LOTUSFERTILIZER-8OZ,B0DQTQ31B4,B0DQTQ31B4,5JT732XW,60,DEPARTED,"Lotus Fertilizer, Complete Lotus Plant Food, 8 oz (250mL)",1,60,IUST,FBA192DHHVSK,
2025-11-12T09:08:52,XMASCACTUS8OZ-FBA-UPC-1123,B0CPGGCRT8,B0CPGGCRT8,5JT732XW,60,DEPARTED,"TPS NUTRIENTS Christmas Cactus Fertilizer for All Christmas Cacti and Schlumbergera Cacti, Liquid Plant Food 8 oz (250mL)",1,60,IUST,FBA192DDRBMR,
2025-11-12T09:08:52,XMASCACTUS8OZ-FBA-UPC-1123,B0CPGGCRT8,B0CPGGCRT8,5JT732XW,60,DEPARTED,"TPS NUTRIENTS Christmas Cactus Fertilizer for All Christmas Cacti and Schlumbergera Cacti, Liquid Plant Food 8 oz (250mL)",2,120,IUST,FBA192DHHVSK,
2025-11-12T10:17:07,HPSUCC1G-FBA-UPC-0523,B0C6K147ZF,B0C6K147ZF,3SRWV9OX,4,DEPARTED,"Succulent Plant Food for Succulents, Cactus, Jade and Aloe, Liquid Houseplant Fertilizer, 1 Gallon (128 oz)",1,4,IUST,FBA193JHRWQ5,
2025-11-12T10:29:52,HPSUCC1G-FBA-UPC-0523,B0C6K147ZF,B0C6K147ZF,3SRWV9OX,4,DEPARTED,"Succulent Plant Food for Succulents, Cactus, Jade and Aloe, Liquid Houseplant Fertilizer, 1 Gallon (128 oz)",1,4,IUST,FBA193JJ873L,
2025-11-12T10:29:52,TPS-MAGNOLIATREE-8OZ,B0DQSK65XB,B0DQSK65XB,135BJC2H,60,DEPARTED,"Magnolia Tree Fertilizer, Complete Liquid Magnolia Tree Plant Food, 8 oz (250mL)",1,60,IUST,FBA193JJ873L,
2025-11-12T10:50:17,XMASCACTUS8OZ-FBA-UPC-1123,B0CPGGCRT8,B0CPGGCRT8,5JT732XW,60,DEPARTED,"TPS NUTRIENTS Christmas Cactus Fertilizer for All Christmas Cacti and Schlumbergera Cacti, Liquid Plant Food 8 oz (250mL)",2,120,IUST,FBA192C56F68,
2025-11-12T11:04:05,BCALMAG1G-0224,B073ZP47ZN,B073ZP47ZN,3SRWV9OX,4,DEPARTED,"Bloom City Professional Grade Ultra Pure Cal-Mag Growing Fertilizer,Gallon (128 oz)",1,4,IUST,FBA193821C4Q,
2025-11-12T11:04:05,BKELP8OZ-0724,B08JHHFZVG,B08JHHFZVG,3SRWV9OX,60,DEPARTED,"Organic Liquid Seaweed and Kelp Fertilizer Supplement by Bloom City, (8 oz) Concentrated Makes 45 Gallons",1,60,IUST,FBA193JGWSV1,
2025-11-12T11:05:57,AIRPLANT1G-FBA-UPC-0523,B0C6R6J9WW,B0C6R6J9WW,5OFZ26FS,4,RECEIVED,"TPS NUTRIENTS Air Plant Fertilizer for All Tillandsia Air Plants, Use As Foliar Spray or for Soaking, Liquid Plant Food, 1 Gallon (128 oz)",1,4,IUSF,STAR-VZ66S2HTWX7K2,
2025-11-12T11:05:57,BKELP1G-0224,B073ZNW5CK,B073ZNW5CK,7ER7L29C,4,RECEIVED,Bloom City Organic Liquid Seaweed and Kelp Fertilizer Supplement (128 oz) Concentrated Makes 750 Gallons,1,4,IUSF,STAR-WMXDNZJKRYBDC,
2025-11-12T11:05:57,TPS-BOUGAINVILLEA-8OZ,B0DPKW9K72,B0DPKW9K72,5OFZ26FS,60,RECEIVED,"Bougainvillea Fertilizer, Complete Liquid Bougainvillea Plant Food, 8 oz (250mL)",1,60,IUSF,STAR-VZ66S2HTWX7K2,
2025-11-12T11:05:57,TPSSIG1G-FBA-UPC-0523,B07CWQ2V2G,B07CWQ2V2G,5OFZ26FS,4,RECEIVED,"TPS NUTRIENTS Signal Terpene Enhancer Plant Nutrient and Supplement, Flower Hardener and Increases Flavor, 1 Gallon (128 oz)",1,4,IUSF,STAR-VZ66S2HTWX7K2,
2025-11-12T13:08:28,AIRPLANT1G-FBA-UPC-0523,B0C6R6J9WW,B0C6R6J9WW,5OFZ26FS,4,RECEIVED,"TPS NUTRIENTS Air Plant Fertilizer for All Tillandsia Air Plants, Use As Foliar Spray or for Soaking, Liquid Plant Food, 1 Gallon (128 oz)",6,24,IUSF,STAR-VZ66S2HTWX7K2,
2025-11-12T13:08:28,AIRPLANT8OZ-FBA-UPC-0523,B0C6R6KQSZ,B0C6R6KQSZ,5OFZ26FS,60,RECEIVED,"TPS NUTRIENTS Air Plant Fertilizer for All Tillandsia Air Plants, Use As Foliar Spray or for Soaking, Liquid Plant Food 8 oz (250mL)",1,60,IUSF,STAR-VZ66S2HTWX7K2,
2025-11-12T13:08:28,BANANA1G-FBA-UPC-1123,B0CPGHF4NH,B0CPGHF4NH,5OFZ26FS,4,RECEIVED,"Banana Tree Fertilizer for All Banana Tree Plants, Liquid Plant Food 1 Gallon (128oz)",4,16,IUSF,STAR-VZ66S2HTWX7K2,
2025-11-12T13:08:28,BFRUITCITRUS1Q-0224,B0BZBJKHSX,B0BZBJKHSX,5OFZ26FS,12,RECEIVED,Bloom City's Organic Citrus & Fruit Fertilizer for Fruit Trees - Quart (32 oz),16,192,IUSF,STAR-VZ66S2HTWX7K2,
2025-11-12T13:08:28,BIRON1Q-0224,B0BZBFDZVV,B0BZBFDZVV,5OFZ26FS,12,RECEIVED,"Bloom City's Organic Liquid Iron - Chelated Iron Fertilizer for Plants, 32 oz",2,24,IUSF,STAR-VZ66S2HTWX7K2,2027-10-27
2025-11-12T13:08:28,BIRON8OZ-0224,B0BZBMCKD8,B0BZBMCKD8,5OFZ26FS,60,RECEIVED,"Bloom City's Organic Liquid Iron - Liquid Iron for Lawn - Chelated Iron for Plants, 1/2 Pint (8 oz)",4,240,IUSF,STAR-VZ66S2HTWX7K2,2027-10-27
2025-11-12T13:08:28,BKELP1G-0224,B073ZNW5CK,B073ZNW5CK,5OFZ26FS,4,RECEIVED,Bloom City Organic Liquid Seaweed and Kelp Fertilizer Supplement (128 oz) Concentrated Makes 750 Gallons,64,256,IUSF,STAR-VZ66S2HTWX7K2,
2025-11-12T13:08:28,BKELP1Q-0224,B073ZNW8MX,B073ZNW8MX,5OFZ26FS,12,RECEIVED,"Bloom City Organic Liquid Seaweed and Kelp Fertilizer Supplement, Quart (32 oz) Concentrated Makes 180 Gallons",49,588,IUSF,STAR-VZ66S2HTWX7K2,
2025-11-12T13:08:28,BLOOMFERT1G-0524,B0D4JFPQ1S,B0D4JFPQ1S,5OFZ26FS,4,RECEIVED,"Bloom Fertilizer, Concentrated PK Boost, No Nitrogen Bud and Fruit Booster, Liquid Plant Food 128 oz (1 Gallon)",4,16,IUSF,STAR-VZ66S2HTWX7K2,
2025-11-12T13:08:28,BROMELIAD8OZ-FBA-UPC-1123,B0CPGC52VG,B0CPGC52VG,5OFZ26FS,60,RECEIVED,"Bromeliad Fertilizer for All Bromeliaceae Plants, Liquid Plant Food 8 oz (250mL)",1,60,IUSF,STAR-VZ66S2HTWX7K2,
2025-11-12T13:08:28,BROOT1Q-20240620,B07PHVYY86,B07PHVYY86,5OFZ26FS,12,RECEIVED,"Organic Root Stimulant, Salmon and Kelp Formula, Rich with Microbes and Mycorrhizae by Bloom City, Quart (32 oz)",2,24,IUSF,STAR-VZ66S2HTWX7K2,
2025-11-12T13:08:28,BROOT8OZ-1224,B08JHFG5GJ,B08JHFG5GJ,5OFZ26FS,60,RECEIVED,"Organic Root Stimulant, Salmon and Kelp Formula, Rich with Microbes and Mycorrhizae by Bloom City, 1/2 Pint (8 oz)",3,180,IUSF,STAR-VZ66S2HTWX7K2,
2025-11-12T13:08:28,BSOILACIDIFIER8OZ-0224,B0D9KQB32Q,B0D9KQB32Q,5OFZ26FS,60,RECEIVED,"Bloom City's Organic Soil Acidifier - The Best Soil Acidifier Blueberry and Hydrangea Acidic Fertilizer for Optimal Plant Health, Quart (32 oz) (1/2 Pint (8 Ounce))",6,360,IUSF,STAR-VZ66S2HTWX7K2,
2025-11-12T13:08:28,BWORM1G-0324,B07PHVYY87,B07PHVYY87,5OFZ26FS,4,RECEIVED,"Organic Worm Tea Concentrate and Compost and Bokashi Booster by Bloom City, Gallon(128 oz)",25,100,IUSF,STAR-VZ66S2HTWX7K2,
2025-11-12T13:08:28,EVERGREEN1G-FBA-UPC-1123,B0CPGP6WT9,B0CPGP6WT9,5OFZ26FS,4,RECEIVED,"Evergreen Tree Fertilizer for All Conifer Trees and Shrubs, Liquid Plant Food 1 Gallon (128oz)",25,100,IUSF,STAR-VZ66S2HTWX7K2,
2025-11-12T13:08:28,EVERGREEN1Q-FBA-UPC-1123,B0CPG83ZV7,B0CPG83ZV7,5OFZ26FS,12,RECEIVED,"Evergreen Tree Fertilizer for All Conifer Trees and Shrubs, Liquid Plant Food, 32 oz (1 Quart)",34,408,IUSF,STAR-VZ66S2HTWX7K2,
2025-11-12T13:08:28,FERN1G-FBA-UPC-1123,B0CPFZTLNS,B0CPFZTLNS,5OFZ26FS,4,RECEIVED,"Fern Fertilizer for All Ferns and Mosses, Liquid Plant Food 1 Gallon (128oz)",4,16,IUSF,STAR-VZ66S2HTWX7K2,
2025-11-12T13:08:28,FICUSTREE1Q-FBA-UPC-1123,B0CPGKVZJH,B0CPGKVZJH,5OFZ26FS,12,RECEIVED,"TPS NUTRIENTS Ficus Tree Fertilizer for All Ficus, Fig and Moraceae Plants, Liquid Plant Food, 32 oz (1 Quart)",6,72,IUSF,STAR-VZ66S2HTWX7K2,
2025-11-12T13:08:28,FLOWERFERT1G-0524,B0D4JHHJBX,B0D4JHHJBX,5OFZ26FS,4,RECEIVED,"Flower Fertilizer, Flowering Plant PK Bloom Booster, Liquid Plant Food 128 oz (1 Gallon)",4,16,IUSF,STAR-VZ66S2HTWX7K2,
2025-11-12T13:08:28,GARDCALCIUM1G,B0D4JKJG2S,B0D4JKJG2S,5OFZ26FS,4,RECEIVED,"Calcium for Plants Made from Organic Inputs, Prevents Common Deficiencies, Liquid Plant Fertilizer 128 oz (1 Gallon)",4,16,IUSF,STAR-VZ66S2HTWX7K2,
2025-11-12T13:08:28,HIBISCUS1G-FBA-UPC-0523,B0C73SGLGQ,B0C73SGLGQ,5OFZ26FS,4,RECEIVED,"Hibiscus Fertilizer for Tropical and Flowering Plants, Liquid Plant Food, 1 Gallon (128 oz)",10,40,IUSF,STAR-VZ66S2HTWX7K2,
2025-11-12T13:08:28,HPFIG8OZ-FBA-UPC-0123,B0BRTJGR33,B0BRTJGR33,5OFZ26FS,60,RECEIVED,"Fiddle Leaf Fig Plant Food for All Fig and Other Ficus Trees, Liquid Houseplant Fertilizer 8 oz (250mL)",26,1560,IUSF,STAR-VZ66S2HTWX7K2,
2025-11-12T13:08:28,LEMON1Q-FBA-UPC-0523,B0C73TCVFW,B0C73TCVFW,5OFZ26FS,12,RECEIVED,"Lemon Tree Fertilizer for Lemon Trees and Citrus, Liquid Plant Food, 32 oz (1 Quart)",40,480,IUSF,STAR-VZ66S2HTWX7K2,
2025-11-12T13:08:28,LIQUIDWORM1G,B0D4JHL2VT,B0D4JHL2VT,5OFZ26FS,4,RECEIVED,"Worm Casting Tea Concentrate, Liquid Earthworm Tea for Plants, Bokashi and Compost Booster 128 oz (1 Gallon)",3,12,IUSF,STAR-VZ66S2HTWX7K2,
2025-11-12T13:08:28,LIQUIDWORM1Q,B0D4JFQVNC,B0D4JFQVNC,5OFZ26FS,12,RECEIVED,"Worm Casting Tea Concentrate, Liquid Earthworm Tea for Plants, Bokashi and Compost Booster, 32 oz (1 Quart)",3,36,IUSF,STAR-VZ66S2HTWX7K2,
2025-11-12T13:08:28,MANGOTREE8OZ-FBA-UPC-1123,B0CPFZ99WB,B0CPFZ99WB,5OFZ26FS,60,RECEIVED,"Mango Tree Fertilizer for All Mangoes and Anacardiaceae Trees, Liquid Plant Food 8 oz (250mL)",4,240,IUSF,STAR-VZ66S2HTWX7K2,
2025-11-12T13:08:28,MONEYTREE8OZ-FBA-UPC-0523,B0C6Q7TGX1,B0C6Q7TGX1,5OFZ26FS,60,RECEIVED,"Money Tree Fertilizer for Money Trees and All Pachira Plants, Liquid Plant Food 8 oz (250mL)",12,720,IUSF,STAR-VZ66S2HTWX7K2,
2025-11-12T13:08:28,MYCOHOUSE6OZ-0524,B0D2Z4MKSP,B0D2Z4MKSP,5OFZ26FS,40,RECEIVED,"TPS NUTRIENTS Mycorrhizal Fungi for Houseplants, Mycos for Transplanting and for Established Indoor Plants, Contains Mycorrhizae and Soil Probiotics (6 Ounces)",2,80,IUSF,STAR-VZ66S2HTWX7K2,
2025-11-12T13:08:28,OLIVE1G-FBA-UPC-1123,B0CPGHBD8R,B0CPGHBD8R,5OFZ26FS,4,RECEIVED,"Olive Tree Fertilizer for All Olive and Oleaceae Trees, Liquid Plant Food 1 Gallon (128oz)",4,16,IUSF,STAR-VZ66S2HTWX7K2,
2025-11-12T13:08:28,OLIVE1Q-FBA-UPC-1123,B0CPG8X2V6,B0CPG8X2V6,5OFZ26FS,12,RECEIVED,"Olive Tree Fertilizer for All Olive and Oleaceae Trees, Liquid Plant Food, 32 oz (1 Quart)",10,120,IUSF,STAR-VZ66S2HTWX7K2,
2025-11-12T13:08:28,OLIVE8OZ-FBA-UPC-1123,B0CPGLR46Y,B0CPGLR46Y,5OFZ26FS,60,RECEIVED,"Olive Tree Fertilizer for All Olive and Oleaceae Trees, Liquid Plant Food 8 oz (250mL)",5,300,IUSF,STAR-VZ66S2HTWX7K2,
2025-11-12T13:08:28,PALMTREE1G-FBA-UPC-0523,B0C6Q6GN8H,B0C6Q6GN8H,5OFZ26FS,4,RECEIVED,"Palm Tree Fertilizer for All Palms and Ferns, Liquid Plant Food, 1 Gallon (128 oz)",25,100,IUSF,STAR-VZ66S2HTWX7K2,
2025-11-12T13:08:28,RHODODEN1G-FBA-UPC-1123,B0CPG26W69,B0CPG26W69,5OFZ26FS,4,RECEIVED,"Rhododendron Fertilizer for All Rhodies, Azalea and Ericaceae Plants, Liquid Plant Food 1 Gallon (128oz)",4,16,IUSF,STAR-VZ66S2HTWX7K2,
2025-11-12T13:08:28,SNAKE8OZ-FBA-UPC-0523,B0C6Q69C7K,B0C6Q69C7K,5OFZ26FS,60,RECEIVED,"Snake Plant Fertilizer for Snake Plants and All Sansevieria, 8 oz (250mL)",1,60,IUSF,STAR-VZ66S2HTWX7K2,
2025-11-12T13:08:28,SUPPMAG1G,B0D4JHT77N,B0D4JHT77N,5OFZ26FS,4,RECEIVED,"Magnesium Fertilizer for Plants, Bioavailable Mg for Growth and Flowering, Liquid Plant Food 128 oz (1 Gallon)",3,12,IUSF,STAR-VZ66S2HTWX7K2,
2025-11-12T13:08:28,SUPPMAG1Q,B0D4JGYZ1Q,B0D4JGYZ1Q,5OFZ26FS,12,RECEIVED,"TPS NUTRIENTS Magnesium Fertilizer for Plants, Bioavailable Mg for Growth and Flowering, Liquid Plant Food, 32 oz (1 Quart)",2,24,IUSF,STAR-VZ66S2HTWX7K2,
2025-11-12T13:08:28,SUPPNITRO1G,B0D4JHMGB3,B0D4JHMGB3,5OFZ26FS,4,RECEIVED,"Nitrogen for Plants, Tri-Source N Nitrogen for Lush Green Growth, Liquid Plant Fertilizer 128 oz (1 Gallon)",4,16,IUSF,STAR-VZ66S2HTWX7K2,
2025-11-12T13:08:28,SUPPPHOS1G,B0D4JHNMDX,B0D4JHNMDX,5OFZ26FS,4,RECEIVED,"Phosphorus Fertilizer for Plants, Boosts Rooting, Growth, Blooming and Flowering, Liquid Plant Food 128 oz (1 Gallon)",4,16,IUSF,STAR-VZ66S2HTWX7K2,
2025-11-12T13:08:28,SUPPPOT1G,B0D4JGKYCB,B0D4JGKYCB,5OFZ26FS,4,RECEIVED,"Potassium Fertilizer for Plants, Boosts Growth, Budding and Flowering, Liquid Plant Food 128 oz (1 Gallon)",4,16,IUSF,STAR-VZ66S2HTWX7K2,
2025-11-12T13:08:28,SUPPUREA1G,B0D4JGP8CG,B0D4JGP8CG,5OFZ26FS,4,RECEIVED,"Urea Fertilizer for Plants, 15-0-0 Balanced Nitrogen for Vibrant Green Growth, Liquid Plant Food 128 oz (1 Gallon)",4,16,IUSF,STAR-VZ66S2HTWX7K2,
2025-11-12T13:08:28,TPS-AMARYLLISFERTILIZER-QUART,B0FLWYJ1S7,B0FLWYJ1S7,5OFZ26FS,12,RECEIVED,"Amaryllis Fertilizer for Amaryllis Bulbs, Great for Amaryllis Bulbs in Vase or for Planting, Liquid Fertilizer by TPS Plant Foods, 32oz (1Quart)",4,48,IUSF,STAR-VZ66S2HTWX7K2,
2025-11-12T13:08:28,TPS-AVOCADOTREE-8OZ,B0DPKKMC57,B0DPKKMC57,5OFZ26FS,60,RECEIVED,"Avocado Tree Fertilizer, Complete Liquid Avocado Plant Food, 8 oz (250mL)",6,360,IUSF,STAR-VZ66S2HTWX7K2,
2025-11-12T13:08:28,TPS-BERRYFERTILIZER-1GAL,B0DPKQFW48,B0DPKQFW48,5OFZ26FS,4,RECEIVED,"Berry Fertilizer, Complete Liquid Strawberry and Blueberry Plant Food, Great for All Berries, 1 Gallon (128 oz)",7,28,IUSF,STAR-VZ66S2HTWX7K2,
2025-11-12T13:08:28,TPS-BIRCHTREEFERT-1GAL,B0FKLS569Q,B0FKLS569Q,5OFZ26FS,4,RECEIVED,"Birch Tree Fertilizer for Birch Trees, Works Great for River Birch, Paper Birch, and Silver Birch, Liquid Fertilizer by TPS Plant Foods, 1 Gallon (128 oz)",6,24,IUSF,STAR-VZ66S2HTWX7K2,
2025-11-12T13:08:28,TPS-BIRCHTREEFERT-8OZ,B0FKM4RRP9,B0FKM4RRP9,5OFZ26FS,60,RECEIVED,"Birch Tree Fertilizer for Birch Trees, Works Great for River Birch, Paper Birch, and Silver Birch, Liquid Fertilizer by TPS Plant Foods, 8 oz (250mL)",3,180,IUSF,STAR-VZ66S2HTWX7K2,
2025-11-12T13:08:28,TPS-BIRCHTREEFERT-QUART,B0FKLS4G5X,B0FKLS4G5X,5OFZ26FS,12,RECEIVED,"Birch Tree Fertilizer for Birch Trees, Works Great for River Birch, Paper Birch, and Silver Birch, Liquid Fertilizer by TPS Plant Foods, 32 oz (1 Quart)",2,24,IUSF,STAR-VZ66S2HTWX7K2,
2025-11-12T13:08:28,TPS-BLACKBERRYFERT-8OZ,B0FKMBQTJL,B0FKMBQTJL,5OFZ26FS,60,RECEIVED,"BlackBerry Fertilizer for BlackBerry Plants, Supports Healthy Growth and Plump Berries in BlackBerry Plants, Liquid Fertilizer by TPS Plant Foods, 8 oz (250mL)",2,120,IUSF,STAR-VZ66S2HTWX7K2,
2025-11-12T13:08:28,TPS-BOUGAINVILLEA-8OZ,B0DPKW9K72,B0DPKW9K72,5OFZ26FS,60,RECEIVED,"Bougainvillea Fertilizer, Complete Liquid Bougainvillea Plant Food, 8 oz (250mL)",13,780,IUSF,STAR-VZ66S2HTWX7K2,
2025-11-12T13:08:28,TPS-BRAZILIANWOOD-8OZ,B0DQTP66M4,B0DQTP66M4,5OFZ26FS,60,RECEIVED,"Brazilian Wood Fertilizer, Complete Liquid Brazilian Wood Plant Food, 8 oz (250mL)",3,180,IUSF,STAR-VZ66S2HTWX7K2,
2025-11-12T13:08:28,TPS-CHELATEDIRONFORPLANTS-8OZ,B0FW45JJRK,B0FW45JJRK,5OFZ26FS,60,RECEIVED,"Chelated Iron for Plants – Fast-Acting Liquid Micronutrient for Greener Leaves and Improved Chlorophyll Production, Liquid Fertilizer by TPS Plant Foods, 8 oz (250mL)",2,120,IUSF,STAR-VZ66S2HTWX7K2,
2025-11-12T13:08:28,TPS-CHELATEDIRONFORPLANTS-QUART,B0FW3G5TCQ,B0FW3G5TCQ,5OFZ26FS,12,RECEIVED,"Chelated Iron for Plants – Fast-Acting Liquid Micronutrient for Greener Leaves and Improved Chlorophyll Production, Liquid Fertilizer by TPS Plant Foods, 32 oz (1 Quart)",2,24,IUSF,STAR-VZ66S2HTWX7K2,
2025-11-12T13:08:28,TPS-CHELATEDIRONFORTREES-8OZ,B0FW3ZSF7K,B0FW3ZSF7K,5OFZ26FS,60,RECEIVED,"Chelated Iron for Trees – Liquid Micronutrient to Correct Yellow Leaves and Promote Healthy Green Canopies, by TPS Plant Foods, 8 oz (250 ml)",2,120,IUSF,STAR-VZ66S2HTWX7K2,
2025-11-12T13:08:28,TPS-CHELATEDIRONFORTREES-QUART,B0FW3M7Z1J,B0FW3M7Z1J,5OFZ26FS,12,RECEIVED,"Chelated Iron for Trees – Liquid Micronutrient to Correct Yellow Leaves and Promote Healthy Green Canopies, by TPS Plant Foods, 32oz (1 Quart)",2,24,IUSF,STAR-VZ66S2HTWX7K2,
2025-11-12T13:08:28,TPS-CHERRYTREEFERT-QUART,B0FKM18XR6,B0FKM18XR6,5OFZ26FS,12,RECEIVED,"Cherry Tree Fertilizer for Cherry Trees, Great for Bing, Rainier, and Montmorency Varieties, Liquid Fertilizer by TPS Plant Foods, 32 oz (1 Quart)",2,24,IUSF,STAR-VZ66S2HTWX7K2,
2025-11-12T13:08:28,TPS-CLOVERFERT-1GALLON,B0FKT8JT1F,B0FKT8JT1F,5OFZ26FS,4,RECEIVED,"Clover Fertilizer for Clover Lawns, Great for Microclover and Dutch White Clover, Liquid Fertilizer by TPS Plant Foods, 1 Gallon (128oz)",5,20,IUSF,STAR-VZ66S2HTWX7K2,
2025-11-12T13:08:28,TPS-FIGTREEFERT-QUART,B0FKMJG4XL,B0FKMJG4XL,5OFZ26FS,12,RECEIVED,"Fig Tree Fertilizer for Fig Trees, Great for Other Ficus Tree Varieties, Liquid Fertilizer by TPS Plant Foods, 32 oz (1 Quart)",7,84,IUSF,STAR-VZ66S2HTWX7K2,
2025-11-12T13:08:28,TPS-GARLICFERTILIZER-QUART,B0DQRBFT4K,B0DQRBFT4K,5OFZ26FS,12,RECEIVED,"Garlic Fertilizer, Complete Liquid Garlic and All Allium Varieties Plant Food, 32 oz (1 Quart)",6,72,IUSF,STAR-VZ66S2HTWX7K2,
2025-11-12T13:08:28,TPS-MAPLETREE- 1GAL,B0DQSDJRGC,B0DQSDJRGC,5OFZ26FS,4,RECEIVED,"Maple Tree Fertilizer, Complete Liquid Maple Tree Plant Food, 1 Gallon (128 oz)",15,60,IUSF,STAR-VZ66S2HTWX7K2,
2025-11-12T13:08:28,TPS-OAKTREE-1GAL,B0DQSNX3N7,B0DQSNX3N7,5OFZ26FS,4,RECEIVED,"Oak Tree Fertilizer, Complete Liquid Oak Tree Plant Food, 1 Gallon (128 oz)",15,60,IUSF,STAR-VZ66S2HTWX7K2,
2025-11-12T13:08:28,TPS-PECANTREEFERT-1GALLON,B0FKMR162G,B0FKMR162G,5OFZ26FS,4,RECEIVED,"Pecan Tree Fertilizer for Pecan Trees, Supports Strong Growth and Hearty Nuts in All Varieiteis of Nut Trees, Liquid Fertilizer by TPS Plant Foods, 1 Gallon (128 oz)",3,12,IUSF,STAR-VZ66S2HTWX7K2,
2025-11-12T13:08:28,TPS-PHOS&POTASHFERT-QUART,B0DQTRBM2J,B0DQTRBM2J,5OFZ26FS,12,RECEIVED,"Phosphorus and Potassium Fertilizer, Complete Liquid Phosphorus and Potassium for Plants, 32 oz (1 Quart)",8,96,IUSF,STAR-VZ66S2HTWX7K2,
2025-11-12T13:08:28,TPS-PINETREE-8OZ,B0DQSVHP7N,B0DQSVHP7N,5OFZ26FS,60,RECEIVED,"Pine Tree Fertilizer, Complete Liquid Pine Tree Plant Food, 8 oz (250mL)",6,360,IUSF,STAR-VZ66S2HTWX7K2,
2025-11-12T13:08:28,TPS-PONDPLANTFERT-1GALLON,B0FM28GC48,B0FM28GC48,5OFZ26FS,4,RECEIVED,"Pond Plant Fertilizer for Pond Plants, Great for Water Lilies, Lotus, and Cattails, Liquid Fertilizer by TPS Plant Foods, 1 Gallon (128 oz)",4,16,IUSF,STAR-VZ66S2HTWX7K2,
2025-11-12T13:08:28,TPS-PUMPKINFERTILIZER-1GAL,B0DQ81KB68,B0DQ81KB68,5OFZ26FS,4,RECEIVED,"Pumpkin Fertilizer, Complete Liquid Pumpkin Squash and GORD Plant Food, 1 Gallon (128 oz)",2,8,IUSF,STAR-VZ66S2HTWX7K2,
2025-11-12T13:08:28,TPS-SPRUCETREEFERT-1GAL,B0FKM246S1,B0FKM246S1,5OFZ26FS,4,RECEIVED,"Spruce Tree Fertilizer for Spruce Trees, Great for White Spruce, Blue Spruce, and Norway Spruce, Liquid Fertilizer by TPS Plant Foods, 1 Gallon (128 oz)",3,12,IUSF,STAR-VZ66S2HTWX7K2,
2025-11-12T13:08:28,TPS-THUJAGREENGIANT-1GALLON,B0FKMTVCRG,B0FKMTVCRG,5OFZ26FS,4,RECEIVED,"Thuja Green Giant Fertilizer, Vigorous Growth for Thuja Green Giant and Other Arborvitae Varieties, Liquid Fertilizer by TPS Plant Foods, 1 Gallon (128 oz)",4,16,IUSF,STAR-VZ66S2HTWX7K2,
2025-11-12T13:08:28,TPS-WILLOWTREEFERT-1GALLON,B0FKMF6J1J,B0FKMF6J1J,5OFZ26FS,4,RECEIVED,"Willow Fertilizer for Willow Trees, Great for Weeping Willow, Corkscrew Willow, and Dappled Willow, Liquid Fertilizer by TPS Plant Foods, 1 Gallon (128oz Quart)",5,20,IUSF,STAR-VZ66S2HTWX7K2,
2025-11-12T13:08:28,TPSBILLIONS5LB,B0B33PT1B2,B0B33PT1B2,5OFZ26FS,5,RECEIVED,"TPS NUTRIENTS Billions Concentrated Microbial Root Enhancer, 100% Water-Soluble with Mycorrhizae, Bacteria and Trichoderma, 5 Pound",3,15,IUSF,STAR-VZ66S2HTWX7K2,
2025-11-12T13:08:28,TPSCMOAC1Q-FBA-UPC-0523,B07CWQNYYC,B07CWQNYYC,5OFZ26FS,12,RECEIVED,"TPS NUTRIENTS Organic Cal-Mag OAC Plant Nutrient and Supplement, Plus Iron and Micronutrients 1 Quart (32 oz)",9,108,IUSF,STAR-VZ66S2HTWX7K2,
2025-11-12T13:08:28,TPSSIG1G-FBA-UPC-0523,B07CWQ2V2G,B07CWQ2V2G,5OFZ26FS,4,RECEIVED,"TPS NUTRIENTS Signal Terpene Enhancer Plant Nutrient and Supplement, Flower Hardener and Increases Flavor, 1 Gallon (128 oz)",19,76,IUSF,STAR-VZ66S2HTWX7K2,
2025-11-12T13:08:28,TPSSIG1Q-FBA-UPC-0323,B07CWQBNMS,B07CWQBNMS,5OFZ26FS,12,RECEIVED,"Signal Terpene Enhancer Plant Nutrient and Supplement, Flower Hardener and Increases Flavor by TPS Nutrients, 1 Quart (32 oz)",34,408,IUSF,STAR-VZ66S2HTWX7K2,
2025-11-12T13:08:28,TPSSIL1G-FBA-UPC-0323,B07CX79577,B07CX79577,5OFZ26FS,4,RECEIVED,"TPS NUTRIENTS Silica Gold Plant Strength Nutrient and Supplement with Bioavailable Silicon, 1 Gallon (128 oz)",60,240,IUSF,STAR-VZ66S2HTWX7K2,
2025-11-12T13:08:28,TPSSIL1Q,B07CX36LW8,B07CX36LW8,5OFZ26FS,12,RECEIVED,TPS NUTRIENTS Silica Gold Plant Strength Nutrient and Supplement with Bioavailable Silicon 1 Quart (32 oz),40,480,IUSF,STAR-VZ66S2HTWX7K2,
2025-11-12T13:08:28,TRIPLE10TREE1G,B0D4JKCJP6,B0D4JKCJP6,5OFZ26FS,4,RECEIVED,"Liquid 10-10-10 Fertilizer for Trees and Shrubs, Triple Ten NPK Plus Iron and Micros, Liquid Plant Food 128 oz (1 Gallon)",20,80,IUSF,STAR-VZ66S2HTWX7K2,
2025-11-12T13:08:28,TROPICAL1G-FBA-UPC-1123,B0CPGH6F27,B0CPGH6F27,5OFZ26FS,4,RECEIVED,"Tropical Plant Fertilizer for All Tropical Indoor and Outdoor Plants, Liquid Plant Food 1 Gallon (128oz)",3,12,IUSF,STAR-VZ66S2HTWX7K2,
2025-11-12T13:08:28,TROPICAL8OZ-FBA-UPC-1123,B0CPGJ53JC,B0CPGJ53JC,5OFZ26FS,60,RECEIVED,"TPS NUTRIENTS Tropical Plant Fertilizer for All Tropical Indoor and Outdoor Plants, Liquid Plant Food 8 oz (250mL)",9,540,IUSF,STAR-VZ66S2HTWX7K2,
2025-11-12T13:08:28,ULTRAB1G-FBA-UPC-0123,B0BSR8TRGD,B0BSR8TRGD,5OFZ26FS,4,RECEIVED,"Ultra Bloom by TPS Nutrients, One Part Flowering and Fruiting Plant Fertilizer with All NPK Cal-Mag and Micros, 1 Gallon (128 oz)",4,16,IUSF,STAR-VZ66S2HTWX7K2,
2025-11-12T13:08:28,ULTRAG1Q-FBA-UPC-0123,B0BSR9KZ24,B0BSR9KZ24,5OFZ26FS,12,RECEIVED,"TPS NUTRIENTS Ultra Grow One Part Veg Plant Fertilizer with All NPK Cal-Mag and Micros, 1 Quart (32 oz)",2,24,IUSF,STAR-VZ66S2HTWX7K2,
2025-11-12T13:37:33,ROSE1Q-FBA-UPC-0523,B0C73SJFLB,B0C73SJFLB,7ER7L29C,12,DEPARTED,"TPS NUTRIENTS Rose Fertilizer for Flowering Plants, Liquid Plant Food, 32 oz (1 Quart)",1,12,IUSR,FBA193JJM9SS,
2025-11-12T13:42:33,TPS-PINEAPPLEFERT-QUART,B0FLWTCJZP,B0FLWTCJZP,3SRWV9OX,12,DEPARTED,"Pineapple Fertilizer for Pineapple Plants, Supports Fruit Production and Indoor/Outdoor Success, Liquid Fertilizer by TPS Plant Foods, 32 oz (1 Quart)",1,12,IUST,FBA1930P66GC,
2025-11-12T13:42:33,TRIPLE10VEG8OZ,B0D4JHN28P,B0D4JHN28P,5JT732XW,60,DEPARTED,"TPS NUTRIENTS Liquid 10-10-10 Fertilizer for Vegetables, Triple Ten NPK Plus Iron and Micros, Liquid Plant Food 8 oz (250mL)",1,60,IUST,FBA193JGWSV1,
2025-11-12T14:01:35,GRANLEMON6OZ,B0D4GWWM4P,B0D4GWWM4P,5JT732XW,40,DEPARTED,"Organic Lemon Tree Fertilizer, Slow Release Dry Granular Fertilizer for Lemon and Citrus Trees 6 oz (6 Ounces)",1,40,IUST,FBA1926CMKHC,
2025-11-12T14:01:35,HPSUCC8OZ-FBA-UPC-0123,B0BRTJ4PLB,B0BRTJ4PLB,3SRWV9OX,60,DEPARTED,"Succulent Plant Food for Succulents, Cactus, Jade and Aloe, Liquid Houseplant Fertilizer 8 oz (250mL)",4,240,IUST,FBA193821C4Q,
2025-11-12T14:01:35,LIQUIDPF1G-FBA-UPC-0523,B0C6K2PMKS,B0C6K2PMKS,3SRWV9OX,4,DEPARTED,"Liquid Plant Food for use in AeroGarden, IDOO and Hydroponic Growing Systems, Liquid Fertilizer 1 Gallon (128 oz)",1,4,IUST,FBA1930YJRM1,
2025-11-12T14:40:50,CITRUS8OZ-FBA-UPC-0523,B0C73S6Q23,B0C73S6Q23,7K1K6ZWZ,60,DEPARTED,"Citrus Fertilizer for All Citrus and Fruiting Trees, Liquid Plant Food 8 oz (250mL)",2,120,IUST,FBA193821C4Q,
2025-11-12T14:40:50,LEMON1G-FBA-UPC-0523,B0C73RCDCT,B0C73RCDCT,3SRWV9OX,4,DEPARTED,"Lemon Tree Fertilizer for Lemon Trees and Citrus, Liquid Plant Food, 1 Gallon (128 oz)",1,4,IUST,FBA193JGWSV1,
2025-11-12T14:58:09,LIQUIDPF1G-FBA-UPC-0523,B0C6K2PMKS,B0C6K2PMKS,3SRWV9OX,4,DEPARTED,"Liquid Plant Food for use in AeroGarden, IDOO and Hydroponic Growing Systems, Liquid Fertilizer 1 Gallon (128 oz)",1,4,IUST,FBA193278XFZ,
2025-11-12T14:58:09,TPS-4-4-4FERT-QUART,B0FKSX9Y7M,B0FKSX9Y7M,3SRWV9OX,12,DEPARTED,"4-4-4 Fertilizer for Plants, Great for Leafy Vegetables and Herbs, Liquid Plant Fertilizer by TPS Plant Foods, 32oz (1 Quart)",1,12,IUST,FBA1932920N5,
2025-11-12T15:38:21,BFRUITCITRUS1Q-0224,B0BZBJKHSX,B0BZBJKHSX,3SRWV9OX,12,DEPARTED,Bloom City's Organic Citrus & Fruit Fertilizer for Fruit Trees - Quart (32 oz),1,12,IUST,FBA193821C4Q,
2025-11-12T15:38:21,BKELP8OZ-0724,B08JHHFZVG,B08JHHFZVG,3SRWV9OX,60,DEPARTED,"Organic Liquid Seaweed and Kelp Fertilizer Supplement by Bloom City, (8 oz) Concentrated Makes 45 Gallons",2,120,IUST,FBA193JGWSV1,
2025-11-12T15:38:21,HPMONST1G-FBA-UPC-0523,B0C6K2PMKL,B0C6K2PMKL,5JT732XW,4,DEPARTED,"Plant Food for Monsteras and Philodendrons, Tropical Houseplant Liquid Fertilizer, 1 Gallon (128 oz)",1,4,IUST,FBA192DHHVSK,
2025-11-12T15:38:21,HPORCHID1Q-FBA-UPC-0123,B0BRTHWDSZ,B0BRTHWDSZ,3SRWV9OX,12,DEPARTED,"Orchid Plant Food for All Orchids and Acid Loving Houseplants, Promotes Growth and Blooms, Liquid Fertilizer, 32 oz (1 Quart)",1,12,IUST,FBA193JGWSV1,
2025-11-12T15:38:21,LEMON8OZ-FBA-UPC-0523,B0C73SNJCH,B0C73SNJCH,3SRWV9OX,60,DEPARTED,"Lemon Tree Fertilizer, Complete Lemon Tree Plant Food, 8 oz (250mL)",1,60,IUST,FBA1930X30Z7,
2025-11-10T14:22:08,ARBORVITAE1G-FBA-UPC-1123,B0CPGJR1FV,B0CPGJR1FV,3SRWV9OX,4,DEPARTED,"Arborvitae Tree Fertilizer for All Arborvitaes, Evergreen Shrubs and Thuja Trees, Liquid Plant Food 1 Gallon (128oz)",2,8,IUST,FBA19380CQ8M,
2025-11-10T14:22:08,TPS-PINETREE-1GAL,B0DQT8YTY5,B0DQT8YTY5,7K1K6ZWZ,4,DEPARTED,"Pine Tree Fertilizer, Complete Liquid Pine Tree Plant Food, 1 Gallon (128 oz)",2,8,IUST,FBA19380CQ8M,
2025-11-10T14:29:01,ARBORVITAE1G-FBA-UPC-1123,B0CPGJR1FV,B0CPGJR1FV,3SRWV9OX,4,DEPARTED,"Arborvitae Tree Fertilizer for All Arborvitaes, Evergreen Shrubs and Thuja Trees, Liquid Plant Food 1 Gallon (128oz)",1,4,IUST,FBA19380S7J3,
2025-11-10T14:29:01,TPS-JAPANESEMAPLE-1GAL,B0DQSMMF79,B0DQSMMF79,3SRWV9OX,4,DEPARTED,"Japanese Maple Fertilizer, Complete Liquid Plant Food for All Japanese Maple Tree Varietals, 1 Gallon (128 oz)",1,4,IUST,FBA19328XHBH,
2025-11-10T14:40:46,TPS-IRISFERT-QUART,B0FKSZWH86,B0FKSZWH86,3SRWV9OX,12,DEPARTED,"Iris Fertilizer for Iris Flower, Feeds Iris Bulbs for Stunning Blooms, Liquid Fertilizer by TPS Plant Foods, 32 oz (1 Quart)",1,12,IUST,FBA19381896V,
2025-11-10T14:41:44,LIQUIDPF8OZ-FBA-UPC-0123,B0BRTKV4TC,B0BRTKV4TC,3SRWV9OX,60,DEPARTED,"Liquid Plant Food for use in AeroGarden, IDOO and Hydroponic Growing Systems, Liquid Fertilizer 8 oz (250mL)",4,240,IUST,FBA193802WQM,
2025-11-10T15:07:46,TPS-JAPANESEMAPLE-1GAL,B0DQSMMF79,B0DQSMMF79,3SRWV9OX,4,DEPARTED,"Japanese Maple Fertilizer, Complete Liquid Plant Food for All Japanese Maple Tree Varietals, 1 Gallon (128 oz)",1,4,IUST,FBA19328XHBH,
2025-11-10T17:00:18,LIQUIDPF1G-FBA-UPC-0523,B0C6K2PMKS,B0C6K2PMKS,3SRWV9OX,4,DEPARTED,"Liquid Plant Food for use in AeroGarden, IDOO and Hydroponic Growing Systems, Liquid Fertilizer 1 Gallon (128 oz)",3,12,IUST,FBA193802WQM,
2025-11-10T18:46:52,EVERGREEN1G-FBA-UPC-1123,B0CPGP6WT9,B0CPGP6WT9,3UFWXB9O,4,DEPARTED,"Evergreen Tree Fertilizer for All Conifer Trees and Shrubs, Liquid Plant Food 1 Gallon (128oz)",2,8,IUSF,FBA193FVGRPP,
2025-11-10T19:27:54,HPFIG1G-FBA-UPC-0523,B0C6JZZH97,B0C6JZZH97,3SRWV9OX,4,DEPARTED,"Fiddle Leaf Fig Plant Food for All Fig and Other Ficus Trees, Liquid Houseplant Fertilizer, 1 Gallon (128 oz)",1,4,IUST,FBA19381896V,
2025-11-10T20:42:09,EVERGREEN1G-FBA-UPC-1123,B0CPGP6WT9,B0CPGP6WT9,3UFWXB9O,4,DEPARTED,"Evergreen Tree Fertilizer for All Conifer Trees and Shrubs, Liquid Plant Food 1 Gallon (128oz)",3,12,IUSF,FBA193FT2HWJ,
2025-11-10T22:14:51,BOP8OZ-FBA-UPC-1123,B0CPGSSJCB,B0CPGSSJCB,43WAOH1U,60,RECEIVED,"TPS NUTRIENTS Bird of Paradise Fertilizer for All Strelitzia Plants, Liquid Plant Food 8 oz (250mL)",3,180,IUSL,STAR-WE4PFHPP2G6YK,
2025-11-10T22:14:51,LEMON8OZ-FBA-UPC-0523,B0C73SNJCH,B0C73SNJCH,43WAOH1U,60,RECEIVED,"Lemon Tree Fertilizer, Complete Lemon Tree Plant Food, 8 oz (250mL)",2,120,IUSL,STAR-WE4PFHPP2G6YK,
2025-11-11T00:45:02,LEMON1G-FBA-UPC-0523,B0C73RCDCT,B0C73RCDCT,3SRWV9OX,4,DEPARTED,"Lemon Tree Fertilizer for Lemon Trees and Citrus, Liquid Plant Food, 1 Gallon (128 oz)",1,4,IUST,FBA193821C4Q,
2025-11-11T01:11:51,LEMON8OZ-FBA-UPC-0523,B0C73SNJCH,B0C73SNJCH,43WAOH1U,60,DEPARTED,"Lemon Tree Fertilizer, Complete Lemon Tree Plant Food, 8 oz (250mL)",1,60,IUSL,FBA193JBLWQ5,
2025-11-11T02:18:05,ARBORVITAE1G-FBA-UPC-1123,B0CPGJR1FV,B0CPGJR1FV,3SRWV9OX,4,DEPARTED,"Arborvitae Tree Fertilizer for All Arborvitaes, Evergreen Shrubs and Thuja Trees, Liquid Plant Food 1 Gallon (128oz)",2,8,IUST,FBA193JJ873L,
2025-11-11T02:34:37,XMASCACTUS1Q-FBA-UPC-1123,B0CPGFXPYW,B0CPGFXPYW,3SRWV9OX,12,DEPARTED,"TPS NUTRIENTS Christmas Cactus Fertilizer for All Christmas Cacti and Schlumbergera Cacti, Liquid Plant Food, 32 oz (1 Quart)",2,24,IUST,FBA193802WQM,
2025-11-11T02:40:46,ROSE1Q-FBA-UPC-0523,B0C73SJFLB,B0C73SJFLB,7ER7L29C,12,DEPARTED,"TPS NUTRIENTS Rose Fertilizer for Flowering Plants, Liquid Plant Food, 32 oz (1 Quart)",1,12,IUSR,FBA193JH9TXH,
2025-11-11T03:08:32,EVERGREEN1G-FBA-UPC-1123,B0CPGP6WT9,B0CPGP6WT9,3UFWXB9O,4,DEPARTED,"Evergreen Tree Fertilizer for All Conifer Trees and Shrubs, Liquid Plant Food 1 Gallon (128oz)",1,4,IUSF,FBA193FVGRPP,
2025-11-11T03:36:18,TPSROOTB1Q,B07CWPPS52,B07CWPPS52,41HBVNAX,12,DEPARTED,"TPS NUTRIENTS Root Boost Advanced Rooting Formula for Living Soil and White Roots, Plus Microbes 1 Quart (32 oz)",1,12,IUSR,FBA193JJ2XXX,
2025-11-11T04:32:44,EVERGREEN1G-FBA-UPC-1123,B0CPGP6WT9,B0CPGP6WT9,3UFWXB9O,4,DEPARTED,"Evergreen Tree Fertilizer for All Conifer Trees and Shrubs, Liquid Plant Food 1 Gallon (128oz)",4,16,IUSF,FBA193FTNTGC,
2025-11-11T05:02:12,LEMON1G-FBA-UPC-0523,B0C73RCDCT,B0C73RCDCT,3SRWV9OX,4,DEPARTED,"Lemon Tree Fertilizer for Lemon Trees and Citrus, Liquid Plant Food, 1 Gallon (128 oz)",1,4,IUST,FBA193JJ873L,
2025-11-11T05:56:45,TPS-MAGNOLIATREE-8OZ,B0DQSK65XB,B0DQSK65XB,135BJC2H,60,DEPARTED,"Magnolia Tree Fertilizer, Complete Liquid Magnolia Tree Plant Food, 8 oz (250mL)",1,60,IUST,FBA193JH7LB2,
2025-11-11T06:07:21,TPS-LUCKYBAMBOOFERTILIZER-8OZ,B0DPGW63XX,B0DPGW63XX,7K1K6ZWZ,60,DEPARTED,"Lucky Bamboo Fertilizer, Complete Liquid Lucky Bamboo Plant Food, 8 oz (250mL)",1,60,IUST,FBA193JHS6FG,
2025-11-11T06:12:04,TPSBASEAB1G,B07CWPKH72,B07CWPKH72,3SRWV9OX,2,DEPARTED,"TPS Base A+B Two Part Set Complete Plant Growing Nutrient Formula for All Plants, for Both Soil and Hydro, Gallon Set (2 x 128 oz)",1,2,IUST,FBA193290V7S,
2025-11-11T07:11:44,LEMON8OZ-FBA-UPC-0523,B0C73SNJCH,B0C73SNJCH,43WAOH1U,60,DEPARTED,"Lemon Tree Fertilizer, Complete Lemon Tree Plant Food, 8 oz (250mL)",1,60,IUSL,FBA193JCDFKM,
2025-11-11T08:10:44,FICUSTREE1G-FBA-UPC-1123,B0CPGGD5K8,B0CPGGD5K8,3SRWV9OX,4,DEPARTED,"Ficus Tree Fertilizer for All Ficus, Fig and Moraceae Plants, Liquid Plant Food 1 Gallon (128oz)",1,4,IUST,FBA193JJ873L,
2025-11-11T08:10:44,HPORCHID1Q-FBA-UPC-0123,B0BRTHWDSZ,B0BRTHWDSZ,3SRWV9OX,12,DEPARTED,"Orchid Plant Food for All Orchids and Acid Loving Houseplants, Promotes Growth and Blooms, Liquid Fertilizer, 32 oz (1 Quart)",1,12,IUST,FBA193JJ873L,
2025-11-11T09:47:06,HPMONST8OZ-FBA-UPC-0123,B0BRTK1P8Z,B0BRTK1P8Z,5JT732XW,60,DEPARTED,"Monstera Plant Food for Monsteras and Philodendrons, Tropical Houseplant Liquid Fertilizer 8 oz (250mL)",5,300,IUST,FBA192DH8DB2,
2025-11-11T09:47:06,TPS-LOTUSFERTILIZER-8OZ,B0DQTQ31B4,B0DQTQ31B4,5JT732XW,60,DEPARTED,"Lotus Fertilizer, Complete Lotus Plant Food, 8 oz (250mL)",2,120,IUST,FBA192DH8DB2,
2025-11-11T09:47:06,XMASCACTUS8OZ-FBA-UPC-1123,B0CPGGCRT8,B0CPGGCRT8,5JT732XW,60,DEPARTED,"TPS NUTRIENTS Christmas Cactus Fertilizer for All Christmas Cacti and Schlumbergera Cacti, Liquid Plant Food 8 oz (250mL)",1,60,IUST,FBA192C4JG40,
2025-11-11T09:47:36,CITRUS8OZ-FBA-UPC-0523,B0C73S6Q23,B0C73S6Q23,7K1K6ZWZ,60,DEPARTED,"Citrus Fertilizer for All Citrus and Fruiting Trees, Liquid Plant Food 8 oz (250mL)",1,60,IUST,FBA193JHS6FG,
2025-11-11T10:09:40,LIQUIDPF8OZ-FBA-UPC-0123,B0BRTKV4TC,B0BRTKV4TC,3SRWV9OX,60,DEPARTED,"Liquid Plant Food for use in AeroGarden, IDOO and Hydroponic Growing Systems, Liquid Fertilizer 8 oz (250mL)",2,120,IUST,FBA193821C4Q,
2025-11-11T10:09:40,TPS-AVOCADOTREE-QUART,B0DPKJN89B,B0DPKJN89B,6FE2FM6Y,12,DEPARTED,"Avocado Tree Fertilizer, Complete Liquid Avocado Plant Food, 32 oz (1 Quart)",1,12,IUST,FBA193821C4Q,
2025-11-11T10:09:40,TPSBILLIONS8OZ,B09P2JPHZ6,B09P2JPHZ6,3SRWV9OX,40,DEPARTED,"TPS NUTRIENTS Billions Concentrated Microbial Root Enhancer, 100% Water-Soluble with Mycorrhizae, Bacteria and Trichoderma, 8 oz (1/2 Pound)",1,40,IUST,FBA193821C4Q,
2025-11-11T12:04:28,XMASCACTUS8OZ-FBA-UPC-1123,B0CPGGCRT8,B0CPGGCRT8,5JT732XW,60,DEPARTED,"TPS NUTRIENTS Christmas Cactus Fertilizer for All Christmas Cacti and Schlumbergera Cacti, Liquid Plant Food 8 oz (250mL)",1,60,IUST,FBA192C4JG40,
2025-11-11T12:04:28,XMASCACTUS8OZ-FBA-UPC-1123,B0CPGGCRT8,B0CPGGCRT8,5JT732XW,60,DEPARTED,"TPS NUTRIENTS Christmas Cactus Fertilizer for All Christmas Cacti and Schlumbergera Cacti, Liquid Plant Food 8 oz (250mL)",2,120,IUST,FBA192DH8DB2,
2025-11-11T12:41:57,HPMONST8OZ-FBA-UPC-0123,B0BRTK1P8Z,B0BRTK1P8Z,3SRWV9OX,60,DEPARTED,"Monstera Plant Food for Monsteras and Philodendrons, Tropical Houseplant Liquid Fertilizer 8 oz (250mL)",8,480,IUST,FBA193821C4Q,
2025-11-11T12:41:57,TPS-8-8-8FERT-1GALLON,B0FKSFH249,B0FKSFH249,3SRWV9OX,4,DEPARTED,"8-8-8 Fertilizer for Plants, Great for Shrubs, Vegetables, and Flowers, Plant Fertilizer by TPS Plant Foods, 1 Gallon (128oz)",1,4,IUST,FBA1930PB6SK,
2025-11-11T12:41:57,TPS-PINETREE-1GAL,B0DQT8YTY5,B0DQT8YTY5,7K1K6ZWZ,4,DEPARTED,"Pine Tree Fertilizer, Complete Liquid Pine Tree Plant Food, 1 Gallon (128 oz)",3,12,IUST,FBA193821C4Q,
2025-11-11T12:41:57,TRIPLE10VEG8OZ,B0D4JHN28P,B0D4JHN28P,5JT732XW,60,DEPARTED,"TPS NUTRIENTS Liquid 10-10-10 Fertilizer for Vegetables, Triple Ten NPK Plus Iron and Micros, Liquid Plant Food 8 oz (250mL)",1,60,IUST,FBA193821C4Q,
2025-11-11T13:34:48,CITRUS1G-FBA-UPC-0523,B0C73SW1WM,B0C73SW1WM,5JT732XW,4,DEPARTED,"Citrus Fertilizer for All Citrus and Fruiting Trees, Liquid Plant Food, 1 Gallon (128 oz)",1,4,IUST,FBA193JJ873L,
2025-11-11T13:36:07,SUPPPOT1Q,B0D4JFC3K2,B0D4JFC3K2,3SRWV9OX,12,DEPARTED,"TPS NUTRIENTS Potassium Fertilizer for Plants, Boosts Growth, Budding and Flowering, Liquid Plant Food, 32 oz (1 Quart)",1,12,IUST,FBA19381896V,
2025-11-11T13:36:07,TPS-GUAVATREEFERT-8OZ,B0FKM5NMKB,B0FKM5NMKB,5JT732XW,60,DEPARTED,"Guava Tree Fertilizer for Guava Trees, Great for White, Pink, and Red Guava Varieties, Liquid Fertilizer by TPS Plant Foods, 8 oz (250mL)",1,60,IUST,FBA193JGLB7R,
2025-11-11T13:36:07,TPS-SPRUCETREEFERT-8OZ,B0FKM1TQ7J,B0FKM1TQ7J,3SRWV9OX,60,DEPARTED,"Spruce Tree Fertilizer for Spruce Trees, Great for White Spruce, Blue Spruce, and Norway Spruce, Liquid Fertilizer by TPS Plant Foods, 8 oz (250mL)",1,60,IUST,FBA193JGLB7R,
2025-11-11T13:41:31,BANANA1Q-FBA-UPC-1123,B0CPGF247B,B0CPGF247B,43WAOH1U,12,DEPARTED,"Banana Tree Fertilizer for All Banana Tree Plants, Liquid Plant Food, 32 oz (1 Quart)",1,12,IUSR,FBA193JHW5C4,
2025-11-11T14:07:50,ARBORVITAE1G-FBA-UPC-1123,B0CPGJR1FV,B0CPGJR1FV,3SRWV9OX,4,DEPARTED,"Arborvitae Tree Fertilizer for All Arborvitaes, Evergreen Shrubs and Thuja Trees, Liquid Plant Food 1 Gallon (128oz)",2,8,IUST,FBA193JHS6FG,
2025-11-11T14:07:50,BKELP8OZ-0724,B08JHHFZVG,B08JHHFZVG,3SRWV9OX,60,DEPARTED,"Organic Liquid Seaweed and Kelp Fertilizer Supplement by Bloom City, (8 oz) Concentrated Makes 45 Gallons",3,180,IUST,FBA193JHS6FG,
2025-11-11T14:07:50,FICUSTREE1G-FBA-UPC-1123,B0CPGGD5K8,B0CPGGD5K8,3SRWV9OX,4,DEPARTED,"Ficus Tree Fertilizer for All Ficus, Fig and Moraceae Plants, Liquid Plant Food 1 Gallon (128oz)",1,4,IUST,FBA193JHS6FG,
2025-11-11T14:17:31,HPSUCC1G-FBA-UPC-0523,B0C6K147ZF,B0C6K147ZF,3SRWV9OX,4,DEPARTED,"Succulent Plant Food for Succulents, Cactus, Jade and Aloe, Liquid Houseplant Fertilizer, 1 Gallon (128 oz)",1,4,IUST,FBA193JH7LB2,
2025-11-11T14:17:31,TPS-LOTUSFERTILIZER-8OZ,B0DQTQ31B4,B0DQTQ31B4,5JT732XW,60,DEPARTED,"Lotus Fertilizer, Complete Lotus Plant Food, 8 oz (250mL)",1,60,IUST,FBA192P489PJ,
2025-11-11T14:17:31,TPS-LUCKYBAMBOOFERTILIZER-8OZ,B0DPGW63XX,B0DPGW63XX,7K1K6ZWZ,60,DEPARTED,"Lucky Bamboo Fertilizer, Complete Liquid Lucky Bamboo Plant Food, 8 oz (250mL)",1,60,IUST,FBA193JH7LB2,
2025-11-09T14:54:32,MONEYTREE8OZ-FBA-UPC-0523,B0C6Q7TGX1,B0C6Q7TGX1,3SRWV9OX,60,DEPARTED,"Money Tree Fertilizer for Money Trees and All Pachira Plants, Liquid Plant Food 8 oz (250mL)",2,120,IUST,FBA1930YK90F,
2025-11-09T14:54:32,TPS-PINETREE-1GAL,B0DQT8YTY5,B0DQT8YTY5,7K1K6ZWZ,4,DEPARTED,"Pine Tree Fertilizer, Complete Liquid Pine Tree Plant Food, 1 Gallon (128 oz)",1,4,IUST,FBA19380S7J3,
2025-11-09T14:54:32,TPS-WATERPLANT-8OZ,B0DQTVXRBM,B0DQTVXRBM,3SRWV9OX,60,DEPARTED,"Water Plant Fertilizer, Complete Liquid Water Plant Food, 8 oz (250mL)",1,60,IUST,FBA19328XHBH,
2025-11-09T16:09:20,EVERGREEN1G-FBA-UPC-1123,B0CPGP6WT9,B0CPGP6WT9,3UFWXB9O,4,DEPARTED,"Evergreen Tree Fertilizer for All Conifer Trees and Shrubs, Liquid Plant Food 1 Gallon (128oz)",2,8,IUSF,FBA193FT2HWJ,
2025-11-09T16:26:39,ARBORVITAE1G-FBA-UPC-1123,B0CPGJR1FV,B0CPGJR1FV,3SRWV9OX,4,DEPARTED,"Arborvitae Tree Fertilizer for All Arborvitaes, Evergreen Shrubs and Thuja Trees, Liquid Plant Food 1 Gallon (128oz)",20,80,IUST,FBA19380CQ8M,
2025-11-09T16:26:39,BCALMAG1G-0224,B073ZP47ZN,B073ZP47ZN,3SRWV9OX,4,DEPARTED,"Bloom City Professional Grade Ultra Pure Cal-Mag Growing Fertilizer,Gallon (128 oz)",5,20,IUST,FBA19380CQ8M,
2025-11-09T16:26:39,HPMONST8OZ-FBA-UPC-0123,B0BRTK1P8Z,B0BRTK1P8Z,3SRWV9OX,60,DEPARTED,"Monstera Plant Food for Monsteras and Philodendrons, Tropical Houseplant Liquid Fertilizer 8 oz (250mL)",3,180,IUST,FBA19380CQ8M,
2025-11-09T16:26:39,HPMONST8OZ-FBA-UPC-0123,B0BRTK1P8Z,B0BRTK1P8Z,5JT732XW,60,DEPARTED,"Monstera Plant Food for Monsteras and Philodendrons, Tropical Houseplant Liquid Fertilizer 8 oz (250mL)",2,120,IUST,FBA19380CQ8M,
2025-11-09T16:26:39,LIMETREE8OZ-FBA-UPC-1123,B0CPG8WFCX,B0CPG8WFCX,3SRWV9OX,60,DEPARTED,"Lime Tree Fertilizer for All Lime and Citrus Trees, Liquid Plant Food 8 oz (250mL)",1,60,IUST,FBA19380CQ8M,
2025-11-09T16:26:39,LIQUIDPF1G-FBA-UPC-0523,B0C6K2PMKS,B0C6K2PMKS,3SRWV9OX,4,DEPARTED,"Liquid Plant Food for use in AeroGarden, IDOO and Hydroponic Growing Systems, Liquid Fertilizer 1 Gallon (128 oz)",2,8,IUST,FBA19380CQ8M,
2025-11-09T16:26:39,PALMTREE8OZ-FBA-UPC-0523,B0C6Q7PL3S,B0C6Q7PL3S,3SRWV9OX,60,DEPARTED,"Palm Tree Fertilizer for All Palms and Ferns, Liquid Plant Food 8 oz (250mL)",2,120,IUST,FBA19380CQ8M,
2025-11-09T16:26:39,TPS-4-4-4FERT-1GALLON,B0FKSBSMW8,B0FKSBSMW8,3SRWV9OX,4,DEPARTED,"4-4-4 Fertilizer for Plants, Great for Leafy Vegetables and Herbs, Liquid Plant Fertilizer by TPS Plant Foods, 1 Gallon (128oz)",1,4,IUST,FBA1930W065Z,
2025-11-09T16:26:39,TPS-BOXWOOD-1GAL,B0DPKY7CXY,B0DPKY7CXY,5JT732XW,4,DEPARTED,"Boxwood Fertilizer, Complete Liquid Boxwood Shrub Plant Food, 1 Gallon (128 oz)",1,4,IUST,FBA19380CQ8M,
2025-11-09T16:26:39,TPS-MAGNOLIATREE-1GAL,B0DQSHFZDV,B0DQSHFZDV,5JT732XW,4,DEPARTED,"Magnolia Tree Fertilizer, Complete Liquid Magnolia Tree Plant Food, 1 Gallon (128 oz)",1,4,IUST,FBA19380CQ8M,
2025-11-09T16:26:39,XMASCACTUS1Q-FBA-UPC-1123,B0CPGFXPYW,B0CPGFXPYW,3SRWV9OX,12,DEPARTED,"TPS NUTRIENTS Christmas Cactus Fertilizer for All Christmas Cacti and Schlumbergera Cacti, Liquid Plant Food, 32 oz (1 Quart)",1,12,IUST,FBA19380CQ8M,
2025-11-09T16:49:59,TPSCMOAC1Q-FBA-UPC-0523,B07CWQNYYC,B07CWQNYYC,43WAOH1U,12,DEPARTED,"TPS NUTRIENTS Organic Cal-Mag OAC Plant Nutrient and Supplement, Plus Iron and Micronutrients 1 Quart (32 oz)",1,12,IUSL,FBA193GMF1XF,
2025-11-09T17:51:01,EVERGREEN1G-FBA-UPC-1123,B0CPGP6WT9,B0CPGP6WT9,3UFWXB9O,4,DEPARTED,"Evergreen Tree Fertilizer for All Conifer Trees and Shrubs, Liquid Plant Food 1 Gallon (128oz)",1,4,IUSF,FBA193FTMC64,
2025-11-09T22:31:11,XMASCACTUS8OZ-FBA-UPC-1123,B0CPGGCRT8,B0CPGGCRT8,5JT732XW,60,DEPARTED,"TPS NUTRIENTS Christmas Cactus Fertilizer for All Christmas Cacti and Schlumbergera Cacti, Liquid Plant Food 8 oz (250mL)",2,120,IUST,FBA192SD5378,
2025-11-09T22:31:11,XMASCACTUS8OZ-FBA-UPC-1123,B0CPGGCRT8,B0CPGGCRT8,5JT732XW,60,DEPARTED,"TPS NUTRIENTS Christmas Cactus Fertilizer for All Christmas Cacti and Schlumbergera Cacti, Liquid Plant Food 8 oz (250mL)",1,60,IUST,FBA192TZ1Y4Z,
2025-11-09T22:51:35,TPSSIL1G-FBA-UPC-0323,B07CX79577,B07CX79577,43WAOH1U,4,DEPARTED,"TPS NUTRIENTS Silica Gold Plant Strength Nutrient and Supplement with Bioavailable Silicon, 1 Gallon (128 oz)",1,4,IUSL,FBA193GM0GCB,
2025-11-10T02:58:52,BKELP8OZ-0724,B08JHHFZVG,B08JHHFZVG,3SRWV9OX,60,DEPARTED,"Organic Liquid Seaweed and Kelp Fertilizer Supplement by Bloom City, (8 oz) Concentrated Makes 45 Gallons",2,120,IUST,FBA19380CQ8M,
2025-11-10T02:58:52,BONSAI1Q-FBA-UPC-0523,B0C6R75HBB,B0C6R75HBB,3SRWV9OX,12,DEPARTED,"Bonsai Fertilizer for All Bonsai Trees, Great for Root Soaks, Liquid Plant Food, 32 oz (1 Quart)",1,12,IUST,FBA19380CQ8M,
2025-11-10T02:58:52,CITRUS8OZ-FBA-UPC-0523,B0C73S6Q23,B0C73S6Q23,7K1K6ZWZ,60,DEPARTED,"Citrus Fertilizer for All Citrus and Fruiting Trees, Liquid Plant Food 8 oz (250mL)",1,60,IUST,FBA19380CQ8M,
2025-11-10T02:58:52,FICUSTREE1G-FBA-UPC-1123,B0CPGGD5K8,B0CPGGD5K8,3SRWV9OX,4,DEPARTED,"Ficus Tree Fertilizer for All Ficus, Fig and Moraceae Plants, Liquid Plant Food 1 Gallon (128oz)",2,8,IUST,FBA19380CQ8M,
2025-11-10T02:58:52,HPMONST1G-FBA-UPC-0523,B0C6K2PMKL,B0C6K2PMKL,3SRWV9OX,4,DEPARTED,"Plant Food for Monsteras and Philodendrons, Tropical Houseplant Liquid Fertilizer, 1 Gallon (128 oz)",1,4,IUST,FBA19380CQ8M,
2025-11-10T02:58:52,TPS-HYDROPONICPLANTFOOD-QUART,B0DQSGQ15C,B0DQSGQ15C,3SRWV9OX,12,DEPARTED,"Hydroponic Plant Food, Complete One Part Liquid Hydroponic Fertilizer, 32 oz (1 Quart)",1,12,IUST,FBA19380CQ8M,
2025-11-10T04:16:42,BFRUITCITRUS1Q-0224,B0BZBJKHSX,B0BZBJKHSX,3SRWV9OX,12,DEPARTED,Bloom City's Organic Citrus & Fruit Fertilizer for Fruit Trees - Quart (32 oz),3,36,IUST,FBA19380CQ8M,
2025-11-10T04:16:42,HPSUCC8OZ-FBA-UPC-0123,B0BRTJ4PLB,B0BRTJ4PLB,3SRWV9OX,60,DEPARTED,"Succulent Plant Food for Succulents, Cactus, Jade and Aloe, Liquid Houseplant Fertilizer 8 oz (250mL)",3,180,IUST,FBA19380CQ8M,
2025-11-10T04:16:42,TPS-AVOCADOTREE-QUART,B0DPKJN89B,B0DPKJN89B,6FE2FM6Y,12,DEPARTED,"Avocado Tree Fertilizer, Complete Liquid Avocado Plant Food, 32 oz (1 Quart)",1,12,IUST,FBA19380CQ8M,
2025-11-10T04:51:11,LIQUIDPF8OZ-FBA-UPC-0123,B0BRTKV4TC,B0BRTKV4TC,3SRWV9OX,60,DEPARTED,"Liquid Plant Food for use in AeroGarden, IDOO and Hydroponic Growing Systems, Liquid Fertilizer 8 oz (250mL)",2,120,IUST,FBA19380S7J3,
2025-11-10T04:51:11,TPS-FISHEMULSION-1GAL,B0DQR92G9L,B0DQR92G9L,5JT732XW,4,DEPARTED,"Fish Emulsion Fertilizer, Complete Fish Emulsion Plant Food, 1 Gallon (128 oz)",1,4,IUST,FBA19380S7J3,
2025-11-10T04:51:11,TPS-JAPANESEMAPLE-1GAL,B0DQSMMF79,B0DQSMMF79,3SRWV9OX,4,DEPARTED,"Japanese Maple Fertilizer, Complete Liquid Plant Food for All Japanese Maple Tree Varietals, 1 Gallon (128 oz)",2,8,IUST,FBA19328XHBH,
2025-11-10T04:51:11,TREE1G-FBA-UPC-0523,B0C73S6NFW,B0C73S6NFW,3SRWV9OX,4,DEPARTED,"TPS NUTRIENTS Tree Fertilizer for All Trees and Shrubs, Liquid Plant Food, 1 Gallon (128 oz)",4,16,IUST,FBA1932C85RM,
2025-11-10T04:57:33,JASMINE1G-FBA-UPC-1123,B0CPGGCP7Q,B0CPGGCP7Q,6KVMUIZE,4,DEPARTED,"Jasmine Fertilizer for All Flowering Jasmine Shrubs and Vines, Liquid Plant Food 1 Gallon (128oz)",2,8,IUST,FBA19381896V,
2025-11-10T04:57:33,RBOOSTER6OZ-0524,B0D2ZMGQ6W,B0D2ZMGQ6W,3SRWV9OX,40,DEPARTED,"TPS NUTRIENTS Root Booster for Plants, Soil Probiotics Including Bacteria, Mycos, and Trichoderma for Transplanting and Established Plants (6 Ounces)",2,80,IUST,FBA19381896V,
2025-11-10T04:57:33,SUPPPOT1Q,B0D4JFC3K2,B0D4JFC3K2,3SRWV9OX,12,DEPARTED,"TPS NUTRIENTS Potassium Fertilizer for Plants, Boosts Growth, Budding and Flowering, Liquid Plant Food, 32 oz (1 Quart)",1,12,IUST,FBA19381896V,
2025-11-10T04:57:33,TPSBILLIONS5LB,B0B33PT1B2,B0B33PT1B2,3SRWV9OX,5,DEPARTED,"TPS NUTRIENTS Billions Concentrated Microbial Root Enhancer, 100% Water-Soluble with Mycorrhizae, Bacteria and Trichoderma, 5 Pound",2,10,IUST,FBA19381896V,
2025-11-10T05:04:52,TPS-FERROUSULFATE-1GAL,B0DQTN4H2Y,B0DQTN4H2Y,8OLZOEGI,4,DEPARTED,"Ferrous Sulfate for Plants, Complete Iron and Sulfur Supplement for Healthy Growth, 1 Gallon (128 oz)",1,4,IUSL,FBA193GL42FK,
2025-11-10T05:42:54,TPS-GUAVATREEFERT-1GALLON,B0FKMTST9B,B0FKMTST9B,3SRWV9OX,4,DEPARTED,"Guava Tree Fertilizer for Guava Trees, Great for White, Pink, and Red Guava Varieties, Liquid Fertilizer by TPS Plant Foods, 1 Gallon (128 oz)",1,4,IUST,FBA1930W3MSH,
2025-11-10T07:28:35,TPS-MUMFERTILIZER-8OZ,B0DQSMCW87,B0DQSMCW87,3SRWV9OX,60,DEPARTED,"Mum Fertilizer, Complete Liquid Mum Plant Food for All Chrysanthemums, 8 oz (250mL)",1,60,IUST,FBA19381896V,
2025-11-10T08:54:56,ARBORVITAE1G-FBA-UPC-1123,B0CPGJR1FV,B0CPGJR1FV,3SRWV9OX,4,DEPARTED,"Arborvitae Tree Fertilizer for All Arborvitaes, Evergreen Shrubs and Thuja Trees, Liquid Plant Food 1 Gallon (128oz)",18,72,IUST,FBA193802WQM,
2025-11-10T08:54:56,BCALMAG1G-0224,B073ZP47ZN,B073ZP47ZN,3SRWV9OX,4,DEPARTED,"Bloom City Professional Grade Ultra Pure Cal-Mag Growing Fertilizer,Gallon (128 oz)",7,28,IUST,FBA193802WQM,
2025-11-10T09:40:53,TPSSIL1G-FBA-UPC-0323,B07CX79577,B07CX79577,43WAOH1U,3,DEPARTED,"TPS NUTRIENTS Silica Gold Plant Strength Nutrient and Supplement with Bioavailable Silicon, 1 Gallon (128 oz)",1,3,IUSL,FBA193H2H934,
2025-11-10T10:13:11,LIQUIDPF8OZ-FBA-UPC-0123,B0BRTKV4TC,B0BRTKV4TC,3SRWV9OX,60,DEPARTED,"Liquid Plant Food for use in AeroGarden, IDOO and Hydroponic Growing Systems, Liquid Fertilizer 8 oz (250mL)",3,180,IUST,FBA19380S7J3,
2025-11-10T10:13:11,TPS-HYDROPONICPLANTFOOD-8OZ,B0DQSK49DB,B0DQSK49DB,3SRWV9OX,60,DEPARTED,"Hydroponic Plant Food, Complete One Part Liquid Hydroponic Fertilizer, 8 oz (250mL)",1,60,IUST,FBA19380S7J3,
2025-11-10T11:09:46,HPMONST8OZ-FBA-UPC-0123,B0BRTK1P8Z,B0BRTK1P8Z,5JT732XW,60,DEPARTED,"Monstera Plant Food for Monsteras and Philodendrons, Tropical Houseplant Liquid Fertilizer 8 oz (250mL)",2,120,IUST,FBA1932C3QQ8,
2025-11-10T11:21:32,EVERGREEN1G-FBA-UPC-1123,B0CPGP6WT9,B0CPGP6WT9,3UFWXB9O,4,DEPARTED,"Evergreen Tree Fertilizer for All Conifer Trees and Shrubs, Liquid Plant Food 1 Gallon (128oz)",1,4,IUSF,FBA193FTNTGC,
2025-11-06T07:09:38,TPS-MAGNOLIATREE-1GAL,B0DQSHFZDV,B0DQSHFZDV,5JT732XW,4,DEPARTED,"Magnolia Tree Fertilizer, Complete Liquid Magnolia Tree Plant Food, 1 Gallon (128 oz)",1,4,IUST,FBA19380BYSW,
2025-11-06T13:22:06,BHUMIC1Q-1224,B077SXQ1QT,B077SXQ1QT,5JT732XW,12,DEPARTED,"Bloom City Organic Liquid Humic Soil Health Formula, Great for Houseplants, Gardens and Lawns, Quart (32 oz) Concentrated Makes 30+ Gallons",1,12,IUST,FBA1926D5Q8J,
2025-11-06T13:22:06,HPMONST1Q-FBA-UPC-0123,B0BRTKX9QR,B0BRTKX9QR,5JT732XW,12,DEPARTED,"Monstera Plant Food for Monsteras and Philodendrons, Tropical Houseplant Liquid Fertilizer, 32 oz (1 Quart)",2,24,IUST,FBA1926CBRNY,
2025-11-06T13:22:06,TPSSIL8OZ-FBA-UPC-0124,B0CT6W7R81,B0CT6W7R81,5JT732XW,60,DEPARTED,TPS NUTRIENTS Silica Gold Plant Strength Nutrient and Supplement with Bioavailable Silicon 8 oz (250mL),1,60,IUST,FBA1926CHK8D,
2025-11-06T14:01:44,ARBORVITAE1G-FBA-UPC-1123,B0CPGJR1FV,B0CPGJR1FV,3SRWV9OX,4,DEPARTED,"Arborvitae Tree Fertilizer for All Arborvitaes, Evergreen Shrubs and Thuja Trees, Liquid Plant Food 1 Gallon (128oz)",5,20,IUST,FBA19380S7J3,
2025-11-06T14:40:09,SUPPNITRO8OZ,B0D4JHC532,B0D4JHC532,4NTX8SEV,60,DEPARTED,"TPS NUTRIENTS Nitrogen for Plants, Tri-Source N Nitrogen for Lush Green Growth, Liquid Plant Fertilizer 8 oz (250mL), SUPPNITRO8OZ",1,60,IUSF,FBA1937ZVP4N,
2025-11-06T15:44:30,LIQUIDPF1Q-FBA-UPC-0323,B0BRTJ3CCV,B0BRTJ3CCV,3SRWV9OX,12,DEPARTED,"Liquid Plant Food for use in AeroGarden, IDOO and Hydroponic Growing Systems, Liquid Fertilizer, 32 oz (1 Quart)",3,36,IUST,FBA19328HYLJ,2027-10-13
2025-11-06T15:44:30,TREE1G-FBA-UPC-0523,B0C73S6NFW,B0C73S6NFW,3SRWV9OX,4,DEPARTED,"TPS NUTRIENTS Tree Fertilizer for All Trees and Shrubs, Liquid Plant Food, 1 Gallon (128 oz)",3,12,IUST,FBA1932DRS98,
2025-11-06T16:16:19,XMASCACTUS8OZ-FBA-UPC-1123,B0CPGGCRT8,B0CPGGCRT8,5JT732XW,60,DEPARTED,"TPS NUTRIENTS Christmas Cactus Fertilizer for All Christmas Cacti and Schlumbergera Cacti, Liquid Plant Food 8 oz (250mL)",1,60,IUST,FBA192SCXSMR,
2025-11-06T16:20:03,MANGOTREE1Q-FBA-UPC-1123,B0CPFYF25V,B0CPFYF25V,4U14ET2P,12,DEPARTED,"Mango Tree Fertilizer for All Mangoes and Anacardiaceae Trees, Liquid Plant Food, 32 oz (1 Quart)",1,12,IUST,FBA19380S7J3,
2025-11-06T16:33:44,LIMETREE8OZ-FBA-UPC-1123,B0CPG8WFCX,B0CPG8WFCX,3SRWV9OX,60,DEPARTED,"Lime Tree Fertilizer for All Lime and Citrus Trees, Liquid Plant Food 8 oz (250mL)",1,60,IUST,FBA19380BYSW,
2025-11-06T16:33:44,LIQUIDPF1G-FBA-UPC-0523,B0C6K2PMKS,B0C6K2PMKS,3SRWV9OX,4,DEPARTED,"Liquid Plant Food for use in AeroGarden, IDOO and Hydroponic Growing Systems, Liquid Fertilizer 1 Gallon (128 oz)",1,4,IUST,FBA19380BYSW,
2025-11-06T16:33:44,TPS-JAPANESEMAPLE-1GAL,B0DQSMMF79,B0DQSMMF79,3SRWV9OX,4,DEPARTED,"Japanese Maple Fertilizer, Complete Liquid Plant Food for All Japanese Maple Tree Varietals, 1 Gallon (128 oz)",3,12,IUST,FBA1930WL6SR,
2025-11-06T16:33:44,TPS-PINEAPPLEFERT-QUART,B0FLWTCJZP,B0FLWTCJZP,3SRWV9OX,12,DEPARTED,"Pineapple Fertilizer for Pineapple Plants, Supports Fruit Production and Indoor/Outdoor Success, Liquid Fertilizer by TPS Plant Foods, 32 oz (1 Quart)",1,12,IUST,FBA1930QT56Z,
2025-11-06T16:33:44,XMASCACTUS8OZ-FBA-UPC-1123,B0CPGGCRT8,B0CPGGCRT8,5JT732XW,60,DEPARTED,"TPS NUTRIENTS Christmas Cactus Fertilizer for All Christmas Cacti and Schlumbergera Cacti, Liquid Plant Food 8 oz (250mL)",1,60,IUST,FBA192FV7XQR,
2025-11-06T16:47:32,ARBORVITAE1G-FBA-UPC-1123,B0CPGJR1FV,B0CPGJR1FV,3SRWV9OX,4,DEPARTED,"Arborvitae Tree Fertilizer for All Arborvitaes, Evergreen Shrubs and Thuja Trees, Liquid Plant Food 1 Gallon (128oz)",8,32,IUST,FBA193821C4Q,
2025-11-06T16:47:32,TREE1G-FBA-UPC-0523,B0C73S6NFW,B0C73S6NFW,3SRWV9OX,4,DEPARTED,"TPS NUTRIENTS Tree Fertilizer for All Trees and Shrubs, Liquid Plant Food, 1 Gallon (128 oz)",8,32,IUST,FBA1932DRS98,
2025-11-06T20:09:20,MYCOGARDEN6OZ-0524,B0D2ZBBXZF,B0D2ZBBXZF,5JT732XW,40,DEPARTED,"TPS NUTRIENTS Mycorrhizal Fungi for Garden Plants, Mycos for Transplanting and for Established Edible Plants, Contains Mycorrhizae and Soil Probiotics (6 Ounces)",1,40,IUST,FBA192C4R6VY,
2025-11-06T20:09:20,PALMTREE8OZ-FBA-UPC-0523,B0C6Q7PL3S,B0C6Q7PL3S,3SRWV9OX,60,DEPARTED,"Palm Tree Fertilizer for All Palms and Ferns, Liquid Plant Food 8 oz (250mL)",3,180,IUST,FBA19380BYSW,
2025-11-06T20:12:30,HPINDOOR1G-FBA-UPC-0523,B0C6JYR3R8,B0C6JYR3R8,5JT732XW,4,DEPARTED,"TPS NUTRIENTS Indoor Plant Food for Houseplants, Liquid Fertilizer, 1 Gallon (128 oz)",1,4,IUST,FBA19380S7J3,
2025-11-06T20:15:49,AIRPLANT1G-FBA-UPC-0523,B0C6R6J9WW,B0C6R6J9WW,3SRWV9OX,4,DEPARTED,"TPS NUTRIENTS Air Plant Fertilizer for All Tillandsia Air Plants, Use As Foliar Spray or for Soaking, Liquid Plant Food, 1 Gallon (128 oz)",1,4,IUST,FBA1930YK90F,
2025-11-06T20:15:49,LEMON8OZ-FBA-UPC-0523,B0C73SNJCH,B0C73SNJCH,3SRWV9OX,60,DEPARTED,"Lemon Tree Fertilizer, Complete Lemon Tree Plant Food, 8 oz (250mL)",1,60,IUST,FBA19329D843,
2025-11-06T20:15:49,LIMETREE1G-FBA-UPC-1123,B0CPFZ72RT,B0CPFZ72RT,5JT732XW,4,DEPARTED,"Lime Tree Fertilizer for All Lime and Citrus Trees, Liquid Plant Food 1 Gallon (128oz)",1,4,IUST,FBA1932DJF7L,
2025-11-06T20:15:49,TPS-CHERRYTREEFERT-1GALLON,B0FKMDVCG3,B0FKMDVCG3,3SRWV9OX,4,DEPARTED,"Cherry Tree Fertilizer for Cherry Trees, Great for Bing, Rainier, and Montmorency Varieties, Liquid Fertilizer by TPS Plant Foods, 1 Gallon (128 oz)",2,8,IUST,FBA1930XLCWS,
2025-11-06T20:15:49,TPS-IRISFERT-QUART,B0FKSZWH86,B0FKSZWH86,3SRWV9OX,12,DEPARTED,"Iris Fertilizer for Iris Flower, Feeds Iris Bulbs for Stunning Blooms, Liquid Fertilizer by TPS Plant Foods, 32 oz (1 Quart)",1,12,IUST,FBA1930XG80X,
2025-11-06T20:15:49,TPS-MAGNOLIATREE-1GAL,B0DQSHFZDV,B0DQSHFZDV,5JT732XW,4,DEPARTED,"Magnolia Tree Fertilizer, Complete Liquid Magnolia Tree Plant Food, 1 Gallon (128 oz)",1,4,IUST,FBA19380S7J3,
2025-11-06T20:15:49,TPS-PINETREE-1GAL,B0DQT8YTY5,B0DQT8YTY5,7K1K6ZWZ,4,DEPARTED,"Pine Tree Fertilizer, Complete Liquid Pine Tree Plant Food, 1 Gallon (128 oz)",1,4,IUST,FBA19380S7J3,
2025-11-06T20:15:49,TPS-WISTERIAFERT-1GALLON,B0FKSJ65CB,B0FKSJ65CB,3SRWV9OX,4,DEPARTED,"Wisteria Fertilizer for Wisteria Plants and Wisteria Hanging Flowers, Feeds Wisteria Plant, Liquid Fertilizer by TPS Plant Foods, 1 Gallon (128 oz)",1,4,IUST,FBA19328KG98,
2025-11-06T20:28:24,BHUMIC1Q-1224,B077SXQ1QT,B077SXQ1QT,5JT732XW,12,DEPARTED,"Bloom City Organic Liquid Humic Soil Health Formula, Great for Houseplants, Gardens and Lawns, Quart (32 oz) Concentrated Makes 30+ Gallons",1,12,IUST,FBA1926D5Q8J,
2025-11-06T20:28:24,HPMONST8OZ-FBA-UPC-0123,B0BRTK1P8Z,B0BRTK1P8Z,5JT732XW,60,DEPARTED,"Monstera Plant Food for Monsteras and Philodendrons, Tropical Houseplant Liquid Fertilizer 8 oz (250mL)",4,240,IUST,FBA192DHHTMF,
2025-11-06T20:28:24,TPS-LOTUSFERTILIZER-8OZ,B0DQTQ31B4,B0DQTQ31B4,5JT732XW,60,DEPARTED,"Lotus Fertilizer, Complete Lotus Plant Food, 8 oz (250mL)",2,120,IUST,FBA192DHHTMF,
2025-11-06T20:28:24,XMASCACTUS8OZ-FBA-UPC-1123,B0CPGGCRT8,B0CPGGCRT8,5JT732XW,60,DEPARTED,"TPS NUTRIENTS Christmas Cactus Fertilizer for All Christmas Cacti and Schlumbergera Cacti, Liquid Plant Food 8 oz (250mL)",1,60,IUST,FBA192DD2Z2P,
2025-11-06T20:28:24,XMASCACTUS8OZ-FBA-UPC-1123,B0CPGGCRT8,B0CPGGCRT8,5JT732XW,60,DEPARTED,"TPS NUTRIENTS Christmas Cactus Fertilizer for All Christmas Cacti and Schlumbergera Cacti, Liquid Plant Food 8 oz (250mL)",1,60,IUST,FBA192DHHTMF,
2025-11-06T20:32:29,BCALMAG1G-0224,B073ZP47ZN,B073ZP47ZN,3SRWV9OX,4,DEPARTED,"Bloom City Professional Grade Ultra Pure Cal-Mag Growing Fertilizer,Gallon (128 oz)",3,12,IUST,FBA19380CQ8M,
2025-11-06T21:20:39,TPS-JAPANESEMAPLE-QUART,B0DQSVS8Z5,B0DQSVS8Z5,6KVMUIZE,12,RECEIVED,"Japanese Maple Fertilizer, Complete Liquid Plant Food for All Japanese Maple Tree Varietals, 32 oz (1 Quart)",1,12,IUST,STAR-WKMFYY5TBS6G6,
2025-11-06T22:05:35,BACIDLOVING1G-0224,B0BZB814JM,B0BZB814JM,45G18IKB,4,DEPARTED,"Bloom City's Acid-Loving Plant Fertilizer - Soil Acidifier - for All Acid Loving Plants, Gallon (128 oz)",1,4,IUSR,FBA1937ZY06V,2026-07-01
2025-11-06T22:05:35,BKELP1G-0224,B073ZNW5CK,B073ZNW5CK,41HBVNAX,4,DEPARTED,Bloom City Organic Liquid Seaweed and Kelp Fertilizer Supplement (128 oz) Concentrated Makes 750 Gallons,1,4,IUSR,FBA1937ZY06V,
2025-11-06T22:12:38,APPLETREE1G-FBA-UPC-0523,B0C73S6SN3,B0C73S6SN3,3SRWV9OX,4,DEPARTED,"Apple Tree Fertilizer for All Apple, Pear, Nut and Fruit Trees, Liquid Plant Food, 1 Gallon (128 oz)",1,4,IUST,FBA1930XCYG6,
2025-11-06T22:12:38,TPS-CLOVERFERT-QUART,B0FKST1F77,B0FKST1F77,3SRWV9OX,12,DEPARTED,"Clover Fertilizer for Clover Lawns, Great for Microclover and Dutch White Clover, Liquid Fertilizer by TPS Plant Foods, 32oz (1 Quart)",1,12,IUST,FBA1930Y6XJM,
2025-11-06T23:11:50,APPLETREE1Q-FBA-UPC-0523,B0C73V8Z6G,B0C73V8Z6G,3S3HR6DZ,12,DEPARTED,"Apple Tree Fertilizer for All Apple, Pear, Nut and Fruit Trees, Liquid Plant Food, 32 oz (1 Quart)",1,12,IUSJ,FBA193806Y1S,
2025-11-06T23:51:31,LEMON8OZ-FBA-UPC-0523,B0C73SNJCH,B0C73SNJCH,3SRWV9OX,60,DEPARTED,"Lemon Tree Fertilizer, Complete Lemon Tree Plant Food, 8 oz (250mL)",1,60,IUST,FBA19380S7J3,
2025-11-07T00:43:17,HPMONST8OZ-FBA-UPC-0123,B0BRTK1P8Z,B0BRTK1P8Z,5JT732XW,60,DEPARTED,"Monstera Plant Food for Monsteras and Philodendrons, Tropical Houseplant Liquid Fertilizer 8 oz (250mL)",3,180,IUST,FBA1932DJF7L,
2025-11-07T00:47:48,HIBISCUS1Q-FBA-UPC-0523,B0C73SKHWB,B0C73SKHWB,41HBVNAX,12,DEPARTED,"Hibiscus Fertilizer for Tropical and Flowering Plants, Liquid Plant Food, 32 oz (1 Quart)",2,24,IUSR,FBA19380MBNC,
2025-11-07T00:49:06,AFVIOLET1G-FBA-UPC-0523,B0C73TDLPX,B0C73TDLPX,3SRWV9OX,4,DEPARTED,"African Violet Fertilizer for Indoor Flowering Plants, Liquid Plant Food, 1 Gallon (128 oz)",1,4,IUST,FBA193583G44,
2025-11-07T00:49:06,BCALMAG1G-0224,B073ZP47ZN,B073ZP47ZN,3SRWV9OX,4,DEPARTED,"Bloom City Professional Grade Ultra Pure Cal-Mag Growing Fertilizer,Gallon (128 oz)",2,8,IUST,FBA19380BYSW,
2025-11-07T00:49:06,HPMONST1G-FBA-UPC-0523,B0C6K2PMKL,B0C6K2PMKL,5JT732XW,4,DEPARTED,"Plant Food for Monsteras and Philodendrons, Tropical Houseplant Liquid Fertilizer, 1 Gallon (128 oz)",1,4,IUST,FBA192DHHTMF,
2025-11-07T00:49:06,LEMON1G-FBA-UPC-0523,B0C73RCDCT,B0C73RCDCT,5JT732XW,4,DEPARTED,"Lemon Tree Fertilizer for Lemon Trees and Citrus, Liquid Plant Food, 1 Gallon (128 oz)",1,4,IUST,FBA192DHHTMF,
2025-11-07T01:00:30,ARBORVITAE1G-FBA-UPC-1123,B0CPGJR1FV,B0CPGJR1FV,3SRWV9OX,4,DEPARTED,"Arborvitae Tree Fertilizer for All Arborvitaes, Evergreen Shrubs and Thuja Trees, Liquid Plant Food 1 Gallon (128oz)",3,12,IUST,FBA19380BYSW,
2025-11-07T01:00:30,XMASCACTUS8OZ-FBA-UPC-1123,B0CPGGCRT8,B0CPGGCRT8,5JT732XW,60,DEPARTED,"TPS NUTRIENTS Christmas Cactus Fertilizer for All Christmas Cacti and Schlumbergera Cacti, Liquid Plant Food 8 oz (250mL)",3,180,IUST,FBA192P43K4Z,
2025-11-07T02:33:28,BCALMAG1G-0224,B073ZP47ZN,B073ZP47ZN,3SRWV9OX,4,DEPARTED,"Bloom City Professional Grade Ultra Pure Cal-Mag Growing Fertilizer,Gallon (128 oz)",6,24,IUST,FBA19380BYSW,
2025-11-07T05:20:05,BWORM1G-0324,B07PHVYY87,B07PHVYY87,43WAOH1U,4,DEPARTED,"Organic Worm Tea Concentrate and Compost and Bokashi Booster by Bloom City, Gallon(128 oz)",1,4,IUSL,FBA193DBF5XN,
2025-11-07T06:10:45,CACTUS8OZ-FBA-UPC-0523,B0C6R6KYGM,B0C6R6KYGM,3SRWV9OX,60,DEPARTED,"TPS NUTRIENTS Cactus Fertilizer for Cacti and All Desert Plants, Liquid Plant Food 8 oz (250mL)",1,60,IUST,FBA1932903GZ,
2025-11-07T06:10:45,HPINDOOR8OZ-FBA-UPC-0123,B0BRTJB518,B0BRTJB518,3SRWV9OX,60,DEPARTED,"Indoor Plant Food, Liquid Fertilizer for Healthy Growth & Vibrant Foliage in Houseplants, by TPS Plant Foods, 8 oz (250 mL)",2,120,IUST,FBA1932C4BJH,
2025-11-07T06:10:45,TRIPLE10TREE8OZ,B0D4JFHCPP,B0D4JFHCPP,3SRWV9OX,60,DEPARTED,"TPS NUTRIENTS Liquid 10-10-10 Fertilizer for Trees and Shrubs, Triple Ten NPK Plus Iron and Micros, Liquid Plant Food 8 oz (250mL)",1,60,IUST,FBA19327S9DS,
2025-11-07T06:36:42,HPINDOOR8OZ-FBA-UPC-0123,B0BRTJB518,B0BRTJB518,3SRWV9OX,60,DEPARTED,"Indoor Plant Food, Liquid Fertilizer for Healthy Growth & Vibrant Foliage in Houseplants, by TPS Plant Foods, 8 oz (250 mL)",2,120,IUST,FBA19328HYLJ,
2025-11-07T06:36:42,LEMON1G-FBA-UPC-0523,B0C73RCDCT,B0C73RCDCT,3SRWV9OX,4,DEPARTED,"Lemon Tree Fertilizer for Lemon Trees and Citrus, Liquid Plant Food, 1 Gallon (128 oz)",1,4,IUST,FBA193821C4Q,
2025-11-07T06:36:42,TPS-5-5-5FERTILIZER-8OZ,B0FKSWG5VR,B0FKSWG5VR,3SRWV9OX,60,DEPARTED,"5-5-5 Fertilizer for Plants, Great for Vegetables, Flowers, and Shrubs, Liquid Plant Fertilizer by TPS Plant Foods, 8oz (250ml)",1,60,IUST,FBA1930XS475,
2025-11-07T07:13:42,HPINDOOR1G-FBA-UPC-0523,B0C6JYR3R8,B0C6JYR3R8,5JT732XW,4,DEPARTED,"TPS NUTRIENTS Indoor Plant Food for Houseplants, Liquid Fertilizer, 1 Gallon (128 oz)",1,4,IUST,FBA19380CQ8M,
2025-11-07T07:13:42,TREE1G-FBA-UPC-0523,B0C73S6NFW,B0C73S6NFW,3SRWV9OX,4,DEPARTED,"TPS NUTRIENTS Tree Fertilizer for All Trees and Shrubs, Liquid Plant Food, 1 Gallon (128 oz)",1,4,IUST,FBA193292XJP,
2025-11-07T08:09:33,AFVIOLET1Q-FBA-UPC-0523,B0C73RC4V9,B0C73RC4V9,5LUL71WY,12,DEPARTED,"African Violet Fertilizer for Indoor Flowering Plants, Liquid Plant Food, 32 oz (1 Quart)",1,12,IUSJ,FBA1937ZGZSR,
2025-11-07T08:26:41,XMASCACTUS8OZ-FBA-UPC-1123,B0CPGGCRT8,B0CPGGCRT8,5JT732XW,60,DEPARTED,"TPS NUTRIENTS Christmas Cactus Fertilizer for All Christmas Cacti and Schlumbergera Cacti, Liquid Plant Food 8 oz (250mL)",4,240,IUST,FBA192WPWC85,
2025-11-07T08:32:06,HPMONST8OZ-FBA-UPC-0123,B0BRTK1P8Z,B0BRTK1P8Z,3SRWV9OX,60,DEPARTED,"Monstera Plant Food for Monsteras and Philodendrons, Tropical Houseplant Liquid Fertilizer 8 oz (250mL)",7,420,IUST,FBA19380BYSW,
2025-11-07T08:32:06,XMASCACTUS8OZ-FBA-UPC-1123,B0CPGGCRT8,B0CPGGCRT8,5JT732XW,60,DEPARTED,"TPS NUTRIENTS Christmas Cactus Fertilizer for All Christmas Cacti and Schlumbergera Cacti, Liquid Plant Food 8 oz (250mL)",1,60,IUST,FBA192WMM9YV,
2025-11-07T08:32:06,XMASCACTUS8OZ-FBA-UPC-1123,B0CPGGCRT8,B0CPGGCRT8,5JT732XW,60,DEPARTED,"TPS NUTRIENTS Christmas Cactus Fertilizer for All Christmas Cacti and Schlumbergera Cacti, Liquid Plant Food 8 oz (250mL)",5,300,IUST,FBA192WPWC85,
2025-11-07T13:10:12,APPLETREE1G-FBA-UPC-0523,B0C73S6SN3,B0C73S6SN3,3SRWV9OX,4,DEPARTED,"Apple Tree Fertilizer for All Apple, Pear, Nut and Fruit Trees, Liquid Plant Food, 1 Gallon (128 oz)",1,4,IUST,FBA19328VPKG,
2025-11-07T13:10:12,HPINDOOR8OZ-FBA-UPC-0123,B0BRTJB518,B0BRTJB518,3SRWV9OX,60,DEPARTED,"Indoor Plant Food, Liquid Fertilizer for Healthy Growth & Vibrant Foliage in Houseplants, by TPS Plant Foods, 8 oz (250 mL)",2,120,IUST,FBA1932777BH,
2025-11-07T13:10:12,LEMON1G-FBA-UPC-0523,B0C73RCDCT,B0C73RCDCT,3SRWV9OX,4,DEPARTED,"Lemon Tree Fertilizer for Lemon Trees and Citrus, Liquid Plant Food, 1 Gallon (128 oz)",2,8,IUST,FBA19380BYSW,
2025-11-07T13:10:12,LEMON8OZ-FBA-UPC-0523,B0C73SNJCH,B0C73SNJCH,3SRWV9OX,60,DEPARTED,"Lemon Tree Fertilizer, Complete Lemon Tree Plant Food, 8 oz (250mL)",3,180,IUST,FBA1930XCYG6,
2025-11-07T13:10:12,MONEYTREE8OZ-FBA-UPC-0523,B0C6Q7TGX1,B0C6Q7TGX1,3SRWV9OX,60,DEPARTED,"Money Tree Fertilizer for Money Trees and All Pachira Plants, Liquid Plant Food 8 oz (250mL)",1,60,IUST,FBA1930X65WQ,
2025-11-07T13:10:12,TRIPLE10VEG8OZ,B0D4JHN28P,B0D4JHN28P,5JT732XW,60,DEPARTED,"TPS NUTRIENTS Liquid 10-10-10 Fertilizer for Vegetables, Triple Ten NPK Plus Iron and Micros, Liquid Plant Food 8 oz (250mL)",1,60,IUST,FBA19380BYSW,
2025-11-07T13:19:46,HPHERB1Q-FBA-UPC-0123,B0BRTJC59Q,B0BRTJC59Q,3SRWV9OX,12,DEPARTED,"Herb Plant Food for All Edible Herbs, Leafy Greens and Veggies, Liquid Houseplant Fertilizer, 32 oz (1 Quart)",1,12,IUST,FBA19380S7J3,
2025-11-07T13:25:06,HPMONST1Q-FBA-UPC-0123,B0BRTKX9QR,B0BRTKX9QR,43WAOH1U,12,DEPARTED,"Monstera Plant Food for Monsteras and Philodendrons, Tropical Houseplant Liquid Fertilizer, 32 oz (1 Quart)",1,12,IUSL,FBA193DBL288,
2025-11-07T14:14:46,LEMON1Q-FBA-UPC-0523,B0C73TCVFW,B0C73TCVFW,6ZZJA95E,12,DEPARTED,"Lemon Tree Fertilizer for Lemon Trees and Citrus, Liquid Plant Food, 32 oz (1 Quart)",1,12,IUSL,FBA193D9FWTD,
2025-11-07T15:16:12,HPMONST1Q-FBA-UPC-0123,B0BRTKX9QR,B0BRTKX9QR,43WAOH1U,12,RECEIVED,"Monstera Plant Food for Monsteras and Philodendrons, Tropical Houseplant Liquid Fertilizer, 32 oz (1 Quart)",2,24,IUSL,STAR-WE4PFHPP2G6YK,
2025-11-07T15:16:12,TPS-PEPPERFERTILIZER-QUART,B0DQSV4LFW,B0DQSV4LFW,43WAOH1U,12,RECEIVED,"Pepper Fertilizer, Complete Liquid Pepper Plant Food, 32 oz (1 Quart)",1,12,IUSL,STAR-WE4PFHPP2G6YK,
2025-11-07T15:54:35,LIQUIDPF1Q-FBA-UPC-0323,B0BRTJ3CCV,B0BRTJ3CCV,3SRWV9OX,12,DEPARTED,"Liquid Plant Food for use in AeroGarden, IDOO and Hydroponic Growing Systems, Liquid Fertilizer, 32 oz (1 Quart)",3,36,IUST,FBA1930WLJCJ,2027-10-13
2025-11-07T16:32:31,LIQUIDPF1G-FBA-UPC-0523,B0C6K2PMKS,B0C6K2PMKS,3SRWV9OX,4,DEPARTED,"Liquid Plant Food for use in AeroGarden, IDOO and Hydroponic Growing Systems, Liquid Fertilizer 1 Gallon (128 oz)",1,4,IUST,FBA1930YJJBW,
2025-11-07T16:32:31,LIQUIDPF1G-FBA-UPC-0523,B0C6K2PMKS,B0C6K2PMKS,3SRWV9OX,4,DEPARTED,"Liquid Plant Food for use in AeroGarden, IDOO and Hydroponic Growing Systems, Liquid Fertilizer 1 Gallon (128 oz)",1,4,IUST,FBA1932864PW,
2025-11-07T16:32:31,TPS-MUMFERTILIZER-8OZ,B0DQSMCW87,B0DQSMCW87,3SRWV9OX,60,DEPARTED,"Mum Fertilizer, Complete Liquid Mum Plant Food for All Chrysanthemums, 8 oz (250mL)",1,60,IUST,FBA1932938N6,
2025-11-07T16:32:31,TPS-WISTERIAFERT-1GALLON,B0FKSJ65CB,B0FKSJ65CB,3SRWV9OX,4,DEPARTED,"Wisteria Fertilizer for Wisteria Plants and Wisteria Hanging Flowers, Feeds Wisteria Plant, Liquid Fertilizer by TPS Plant Foods, 1 Gallon (128 oz)",1,4,IUST,FBA1930Y6XJM,
2025-11-07T16:32:31,TREE1G-FBA-UPC-0523,B0C73S6NFW,B0C73S6NFW,3SRWV9OX,4,DEPARTED,"TPS NUTRIENTS Tree Fertilizer for All Trees and Shrubs, Liquid Plant Food, 1 Gallon (128 oz)",1,4,IUST,FBA1930X65WQ,
2025-11-07T17:10:20,ARBORVITAE1G-FBA-UPC-1123,B0CPGJR1FV,B0CPGJR1FV,3SRWV9OX,4,DEPARTED,"Arborvitae Tree Fertilizer for All Arborvitaes, Evergreen Shrubs and Thuja Trees, Liquid Plant Food 1 Gallon (128oz)",3,12,IUST,FBA19380S7J3,
2025-11-07T17:45:16,TPS-MUMFERTILIZER-8OZ,B0DQSMCW87,B0DQSMCW87,3SRWV9OX,60,DEPARTED,"Mum Fertilizer, Complete Liquid Mum Plant Food for All Chrysanthemums, 8 oz (250mL)",1,60,IUST,FBA1930WZC9C,
2025-11-07T17:45:16,TPS-MUMFERTILIZER-8OZ,B0DQSMCW87,B0DQSMCW87,3SRWV9OX,60,DEPARTED,"Mum Fertilizer, Complete Liquid Mum Plant Food for All Chrysanthemums, 8 oz (250mL)",1,60,IUST,FBA193297J1R,
2025-11-07T17:48:55,BWORM1G-0324,B07PHVYY87,B07PHVYY87,43WAOH1U,4,DEPARTED,"Organic Worm Tea Concentrate and Compost and Bokashi Booster by Bloom City, Gallon(128 oz)",1,4,IUSL,FBA193DCL0CJ,
2025-11-07T17:54:36,ARBORVITAE1G-FBA-UPC-1123,B0CPGJR1FV,B0CPGJR1FV,3SRWV9OX,4,DEPARTED,"Arborvitae Tree Fertilizer for All Arborvitaes, Evergreen Shrubs and Thuja Trees, Liquid Plant Food 1 Gallon (128oz)",5,20,IUST,FBA19380BYSW,
2025-11-07T18:00:14,BHUMIC1Q-1224,B077SXQ1QT,B077SXQ1QT,3SRWV9OX,12,DEPARTED,"Bloom City Organic Liquid Humic Soil Health Formula, Great for Houseplants, Gardens and Lawns, Quart (32 oz) Concentrated Makes 30+ Gallons",2,24,IUST,FBA193821C4Q,
2025-11-07T18:00:14,MANGOTREE1Q-FBA-UPC-1123,B0CPFYF25V,B0CPFYF25V,4U14ET2P,12,DEPARTED,"Mango Tree Fertilizer for All Mangoes and Anacardiaceae Trees, Liquid Plant Food, 32 oz (1 Quart)",1,12,IUST,FBA193821C4Q,
2025-11-07T18:00:14,TPS-THUJAGREENGIANT-QUART,B0FKM9SMRR,B0FKM9SMRR,3SRWV9OX,12,DEPARTED,"Thuja Green Giant Fertilizer, Vigorous Growth for Thuja Green Giant and Other Arborvitae Varieties, Liquid Fertilizer by TPS Plant Foods, 32 oz (1 Quart)",1,12,IUST,FBA19329LY5T,
2025-11-07T18:00:14,TPS-THUJAGREENGIANT-QUART,B0FKM9SMRR,B0FKM9SMRR,3SRWV9OX,12,DEPARTED,"Thuja Green Giant Fertilizer, Vigorous Growth for Thuja Green Giant and Other Arborvitae Varieties, Liquid Fertilizer by TPS Plant Foods, 32 oz (1 Quart)",1,12,IUST,FBA193821C4Q,
2025-11-07T18:05:01,HPINDOOR8OZ-FBA-UPC-0123,B0BRTJB518,B0BRTJB518,3SRWV9OX,60,DEPARTED,"Indoor Plant Food, Liquid Fertilizer for Healthy Growth & Vibrant Foliage in Houseplants, by TPS Plant Foods, 8 oz (250 mL)",2,120,IUST,FBA1930MSPYH,
2025-11-07T18:05:01,HPINDOOR8OZ-FBA-UPC-0123,B0BRTJB518,B0BRTJB518,3SRWV9OX,60,DEPARTED,"Indoor Plant Food, Liquid Fertilizer for Healthy Growth & Vibrant Foliage in Houseplants, by TPS Plant Foods, 8 oz (250 mL)",3,180,IUST,FBA1932BYVCN,
2025-11-07T18:05:01,TPS-FISHEMULSION-1GAL,B0DQR92G9L,B0DQR92G9L,5JT732XW,4,DEPARTED,"Fish Emulsion Fertilizer, Complete Fish Emulsion Plant Food, 1 Gallon (128 oz)",1,4,IUST,FBA19380BYSW,
2025-11-07T18:05:01,TPS-LOTUSFERTILIZER-8OZ,B0DQTQ31B4,B0DQTQ31B4,3SRWV9OX,60,DEPARTED,"Lotus Fertilizer, Complete Lotus Plant Food, 8 oz (250mL)",2,120,IUST,FBA19380BYSW,
2025-11-07T18:05:01,TPS-MUMFERTILIZER-8OZ,B0DQSMCW87,B0DQSMCW87,3SRWV9OX,60,DEPARTED,"Mum Fertilizer, Complete Liquid Mum Plant Food for All Chrysanthemums, 8 oz (250mL)",1,60,IUST,FBA1930WL6SR,
2025-11-07T18:09:41,LEMON1Q-FBA-UPC-0523,B0C73TCVFW,B0C73TCVFW,6ZZJA95E,12,DEPARTED,"Lemon Tree Fertilizer for Lemon Trees and Citrus, Liquid Plant Food, 32 oz (1 Quart)",3,36,IUSL,FBA193D9Q5Q8,
2025-11-07T18:10:32,ARBORVITAE1G-FBA-UPC-1123,B0CPGJR1FV,B0CPGJR1FV,3SRWV9OX,4,DEPARTED,"Arborvitae Tree Fertilizer for All Arborvitaes, Evergreen Shrubs and Thuja Trees, Liquid Plant Food 1 Gallon (128oz)",13,52,IUST,FBA19380S7J3,
2025-11-07T18:10:32,SUPPPHOS1Q,B0D4JH61JS,B0D4JH61JS,3SRWV9OX,12,DEPARTED,"TPS NUTRIENTS Phosphorus Fertilizer for Plants, Boosts Rooting, Growth, Blooming and Flowering, Liquid Plant Food, 32 oz (1 Quart)",1,12,IUST,FBA19380S7J3,
2025-11-07T18:47:47,TPSSIL1G-FBA-UPC-0323,B07CX79577,B07CX79577,43WAOH1U,4,RECEIVED,"TPS NUTRIENTS Silica Gold Plant Strength Nutrient and Supplement with Bioavailable Silicon, 1 Gallon (128 oz)",1,4,IUSL,STAR-WE4PFHPP2G6YK,
2025-11-07T22:07:26,ARBORVITAE1G-FBA-UPC-1123,B0CPGJR1FV,B0CPGJR1FV,3SRWV9OX,4,DEPARTED,"Arborvitae Tree Fertilizer for All Arborvitaes, Evergreen Shrubs and Thuja Trees, Liquid Plant Food 1 Gallon (128oz)",11,44,IUST,FBA19380BYSW,
2025-11-07T22:07:26,TPS-PINETREE-1GAL,B0DQT8YTY5,B0DQT8YTY5,7K1K6ZWZ,4,DEPARTED,"Pine Tree Fertilizer, Complete Liquid Pine Tree Plant Food, 1 Gallon (128 oz)",1,4,IUST,FBA19380BYSW,
2025-11-07T22:13:41,BCALMAG1G-0224,B073ZP47ZN,B073ZP47ZN,3SRWV9OX,4,DEPARTED,"Bloom City Professional Grade Ultra Pure Cal-Mag Growing Fertilizer,Gallon (128 oz)",3,12,IUST,FBA193821C4Q,
2025-11-07T22:34:52,TPS-BOXWOOD-1GAL,B0DPKY7CXY,B0DPKY7CXY,5JT732XW,4,DEPARTED,"Boxwood Fertilizer, Complete Liquid Boxwood Shrub Plant Food, 1 Gallon (128 oz)",1,4,IUST,FBA193821C4Q,
2025-11-07T22:45:08,EVERGREEN8OZ-FBA-UPC-1123,B0CPGHY54X,B0CPGHY54X,43WAOH1U,60,DEPARTED,"Evergreen Tree Fertilizer for All Conifer Trees and Shrubs, Liquid Plant Food 8 oz (250mL)",1,60,IUSL,FBA193D9MCFG,
2025-11-07T22:45:08,LEMON1Q-FBA-UPC-0523,B0C73TCVFW,B0C73TCVFW,6ZZJA95E,12,DEPARTED,"Lemon Tree Fertilizer for Lemon Trees and Citrus, Liquid Plant Food, 32 oz (1 Quart)",2,24,IUSL,FBA193DBL288,
2025-11-08T00:11:25,CITRUS1Q-FBA-UPC-0523,B0C73RDHKR,B0C73RDHKR,5JT732XW,12,DEPARTED,"Citrus Fertilizer for All Citrus and Fruiting Trees, Liquid Plant Food, 32 oz (1 Quart)",1,12,IUST,FBA1932C3QQ8,
2025-11-08T00:11:25,HPMONST1Q-FBA-UPC-0123,B0BRTKX9QR,B0BRTKX9QR,3SRWV9OX,12,DEPARTED,"Monstera Plant Food for Monsteras and Philodendrons, Tropical Houseplant Liquid Fertilizer, 32 oz (1 Quart)",1,12,IUST,FBA1930YJJBW,
2025-11-08T00:11:25,HPMONST1Q-FBA-UPC-0123,B0BRTKX9QR,B0BRTKX9QR,3SRWV9OX,12,DEPARTED,"Monstera Plant Food for Monsteras and Philodendrons, Tropical Houseplant Liquid Fertilizer, 32 oz (1 Quart)",1,12,IUST,FBA1932864PW,
2025-11-08T00:11:25,LIMETREE1G-FBA-UPC-1123,B0CPFZ72RT,B0CPFZ72RT,5JT732XW,4,DEPARTED,"Lime Tree Fertilizer for All Lime and Citrus Trees, Liquid Plant Food 1 Gallon (128oz)",1,4,IUST,FBA1932C3QQ8,
2025-11-08T00:11:25,TPS-IRISFERT-QUART,B0FKSZWH86,B0FKSZWH86,3SRWV9OX,12,DEPARTED,"Iris Fertilizer for Iris Flower, Feeds Iris Bulbs for Stunning Blooms, Liquid Fertilizer by TPS Plant Foods, 32 oz (1 Quart)",1,12,IUST,FBA1930XCQJC,
2025-11-08T00:11:25,TPS-IRISFERT-QUART,B0FKSZWH86,B0FKSZWH86,3SRWV9OX,12,DEPARTED,"Iris Fertilizer for Iris Flower, Feeds Iris Bulbs for Stunning Blooms, Liquid Fertilizer by TPS Plant Foods, 32 oz (1 Quart)",1,12,IUST,FBA19327KDTH,
2025-11-08T00:11:25,TPSBILLIONS8OZ,B09P2JPHZ6,B09P2JPHZ6,3SRWV9OX,40,DEPARTED,"TPS NUTRIENTS Billions Concentrated Microbial Root Enhancer, 100% Water-Soluble with Mycorrhizae, Bacteria and Trichoderma, 8 oz (1/2 Pound)",2,80,IUST,FBA19380BYSW,
2025-11-08T04:54:27,BKELP8OZ-0724,B08JHHFZVG,B08JHHFZVG,3SRWV9OX,60,DEPARTED,"Organic Liquid Seaweed and Kelp Fertilizer Supplement by Bloom City, (8 oz) Concentrated Makes 45 Gallons",2,120,IUST,FBA19380BYSW,
2025-11-08T04:54:27,CITRUS1Q-FBA-UPC-0523,B0C73RDHKR,B0C73RDHKR,5JT732XW,12,DEPARTED,"Citrus Fertilizer for All Citrus and Fruiting Trees, Liquid Plant Food, 32 oz (1 Quart)",1,12,IUST,FBA19380BYSW,
2025-11-08T04:54:27,FICUSTREE1G-FBA-UPC-1123,B0CPGGD5K8,B0CPGGD5K8,3SRWV9OX,4,DEPARTED,"Ficus Tree Fertilizer for All Ficus, Fig and Moraceae Plants, Liquid Plant Food 1 Gallon (128oz)",2,8,IUST,FBA19380BYSW,
2025-11-08T04:54:27,HPHERB1Q-FBA-UPC-0123,B0BRTJC59Q,B0BRTJC59Q,3SRWV9OX,12,DEPARTED,"Herb Plant Food for All Edible Herbs, Leafy Greens and Veggies, Liquid Houseplant Fertilizer, 32 oz (1 Quart)",1,12,IUST,FBA19380BYSW,
2025-11-08T04:54:27,HPMONST1G-FBA-UPC-0523,B0C6K2PMKL,B0C6K2PMKL,3SRWV9OX,4,DEPARTED,"Plant Food for Monsteras and Philodendrons, Tropical Houseplant Liquid Fertilizer, 1 Gallon (128 oz)",1,4,IUST,FBA19380BYSW,
2025-11-08T04:54:27,HPSIL8OZ-FBA-UPC-0124,B0CT668F19,B0CT668F19,5JT732XW,60,DEPARTED,"TPS NUTRIENTS Silica for Plants, Boost Strength & Resilience, Stronger Stems & Healthier Leaves - 8 oz (250mL)",1,60,IUST,FBA19380BYSW,
2025-11-08T04:54:27,LIQUIDPF1Q-FBA-UPC-0323,B0BRTJ3CCV,B0BRTJ3CCV,3SRWV9OX,12,DEPARTED,"Liquid Plant Food for use in AeroGarden, IDOO and Hydroponic Growing Systems, Liquid Fertilizer, 32 oz (1 Quart)",1,12,IUST,FBA19380BYSW,2027-10-13
2025-11-08T04:54:27,TPSCMC8OZ-FBA-UPC-0124,B0CT66BTF2,B0CT66BTF2,5JT732XW,60,DEPARTED,"TPS NUTRIENTS Cal-Mag Complete, Calcium Magnesium Iron and Micronutrients Fertilizer and Supplement 8 oz (250mL)",1,60,IUST,FBA19380BYSW,
2025-11-08T04:54:27,XMASCACTUS1Q-FBA-UPC-1123,B0CPGFXPYW,B0CPGFXPYW,3SRWV9OX,12,DEPARTED,"TPS NUTRIENTS Christmas Cactus Fertilizer for All Christmas Cacti and Schlumbergera Cacti, Liquid Plant Food, 32 oz (1 Quart)",2,24,IUST,FBA19380BYSW,
2025-11-08T04:59:13,BWORM1G-0324,B07PHVYY87,B07PHVYY87,43WAOH1U,4,DEPARTED,"Organic Worm Tea Concentrate and Compost and Bokashi Booster by Bloom City, Gallon(128 oz)",1,4,IUSL,FBA193D9Q5Q8,
2025-11-08T04:59:13,TPSSIL1G-FBA-UPC-0323,B07CX79577,B07CX79577,43WAOH1U,4,DEPARTED,"TPS NUTRIENTS Silica Gold Plant Strength Nutrient and Supplement with Bioavailable Silicon, 1 Gallon (128 oz)",1,4,IUSL,FBA193D9Q5Q8,
2025-11-08T06:51:00,BWORM1G-0324,B07PHVYY87,B07PHVYY87,43WAOH1U,4,DEPARTED,"Organic Worm Tea Concentrate and Compost and Bokashi Booster by Bloom City, Gallon(128 oz)",1,4,IUSL,FBA193D98W39,
2025-11-08T06:51:00,HPMONST1Q-FBA-UPC-0123,B0BRTKX9QR,B0BRTKX9QR,43WAOH1U,12,DEPARTED,"Monstera Plant Food for Monsteras and Philodendrons, Tropical Houseplant Liquid Fertilizer, 32 oz (1 Quart)",1,12,IUSL,FBA193D98W39,
2025-11-08T08:09:29,SUPPNITRO8OZ,B0D4JHC532,B0D4JHC532,4NTX8SEV,60,DEPARTED,"TPS NUTRIENTS Nitrogen for Plants, Tri-Source N Nitrogen for Lush Green Growth, Liquid Plant Fertilizer 8 oz (250mL), SUPPNITRO8OZ",1,60,IUSF,FBA19380W0VW,
2025-11-08T14:11:41,HPSUCC8OZ-FBA-UPC-0123,B0BRTJ4PLB,B0BRTJ4PLB,3SRWV9OX,60,DEPARTED,"Succulent Plant Food for Succulents, Cactus, Jade and Aloe, Liquid Houseplant Fertilizer 8 oz (250mL)",3,180,IUST,FBA19380BYSW,
2025-11-08T14:11:41,TPS-SPRUCETREEFERT-8OZ,B0FKM1TQ7J,B0FKM1TQ7J,3SRWV9OX,60,DEPARTED,"Spruce Tree Fertilizer for Spruce Trees, Great for White Spruce, Blue Spruce, and Norway Spruce, Liquid Fertilizer by TPS Plant Foods, 8 oz (250mL)",1,60,IUST,FBA1936KLYDJ,
2025-11-08T14:13:59,LEMON8OZ-FBA-UPC-0523,B0C73SNJCH,B0C73SNJCH,43WAOH1U,60,RECEIVED,"Lemon Tree Fertilizer, Complete Lemon Tree Plant Food, 8 oz (250mL)",2,120,IUSL,STAR-WE4PFHPP2G6YK,
2025-11-08T16:08:45,LIQUIDPF1G-FBA-UPC-0523,B0C6K2PMKS,B0C6K2PMKS,3SRWV9OX,4,DEPARTED,"Liquid Plant Food for use in AeroGarden, IDOO and Hydroponic Growing Systems, Liquid Fertilizer 1 Gallon (128 oz)",2,8,IUST,FBA19380BYSW,
2025-11-08T16:37:00,LEMON1G-FBA-UPC-0523,B0C73RCDCT,B0C73RCDCT,3SRWV9OX,4,DEPARTED,"Lemon Tree Fertilizer for Lemon Trees and Citrus, Liquid Plant Food, 1 Gallon (128 oz)",2,8,IUST,FBA19380S7J3,
2025-11-08T17:04:13,TPS-LOTUSFERTILIZER-8OZ,B0DQTQ31B4,B0DQTQ31B4,3SRWV9OX,60,DEPARTED,"Lotus Fertilizer, Complete Lotus Plant Food, 8 oz (250mL)",1,60,IUST,FBA193821C4Q,
2025-11-08T17:59:57,EVERGREEN1G-FBA-UPC-1123,B0CPGP6WT9,B0CPGP6WT9,3UFWXB9O,4,DEPARTED,"Evergreen Tree Fertilizer for All Conifer Trees and Shrubs, Liquid Plant Food 1 Gallon (128oz)",2,8,IUSF,FBA193FSTND4,
2025-11-08T20:04:44,BONSAI1Q-FBA-UPC-0523,B0C6R75HBB,B0C6R75HBB,3SRWV9OX,12,DEPARTED,"Bonsai Fertilizer for All Bonsai Trees, Great for Root Soaks, Liquid Plant Food, 32 oz (1 Quart)",2,24,IUST,FBA193821C4Q,
2025-11-08T20:04:44,LIQUIDPF1Q-FBA-UPC-0323,B0BRTJ3CCV,B0BRTJ3CCV,3SRWV9OX,12,DEPARTED,"Liquid Plant Food for use in AeroGarden, IDOO and Hydroponic Growing Systems, Liquid Fertilizer, 32 oz (1 Quart)",2,24,IUST,FBA193821C4Q,2027-10-13
2025-11-08T20:54:39,HPHERB1Q-FBA-UPC-0123,B0BRTJC59Q,B0BRTJC59Q,3SRWV9OX,12,DEPARTED,"Herb Plant Food for All Edible Herbs, Leafy Greens and Veggies, Liquid Houseplant Fertilizer, 32 oz (1 Quart)",1,12,IUST,FBA19380CQ8M,
2025-11-08T20:54:39,LEMON1G-FBA-UPC-0523,B0C73RCDCT,B0C73RCDCT,3SRWV9OX,4,DEPARTED,"Lemon Tree Fertilizer for Lemon Trees and Citrus, Liquid Plant Food, 1 Gallon (128 oz)",1,4,IUST,FBA19380CQ8M,
2025-11-08T20:54:39,LIQUIDPF8OZ-FBA-UPC-0123,B0BRTKV4TC,B0BRTKV4TC,3SRWV9OX,60,DEPARTED,"Liquid Plant Food for use in AeroGarden, IDOO and Hydroponic Growing Systems, Liquid Fertilizer 8 oz (250mL)",4,240,IUST,FBA19380CQ8M,
2025-11-08T20:54:39,SUPPPHOS1Q,B0D4JH61JS,B0D4JH61JS,3SRWV9OX,12,DEPARTED,"TPS NUTRIENTS Phosphorus Fertilizer for Plants, Boosts Rooting, Growth, Blooming and Flowering, Liquid Plant Food, 32 oz (1 Quart)",1,12,IUST,FBA19380CQ8M,
2025-11-08T20:54:39,TPS-FISHEMULSION-1GAL,B0DQR92G9L,B0DQR92G9L,5JT732XW,4,DEPARTED,"Fish Emulsion Fertilizer, Complete Fish Emulsion Plant Food, 1 Gallon (128 oz)",1,4,IUST,FBA19380CQ8M,
2025-11-08T20:54:39,TPSBILLIONS8OZ,B09P2JPHZ6,B09P2JPHZ6,3SRWV9OX,40,DEPARTED,"TPS NUTRIENTS Billions Concentrated Microbial Root Enhancer, 100% Water-Soluble with Mycorrhizae, Bacteria and Trichoderma, 8 oz (1/2 Pound)",1,40,IUST,FBA19380CQ8M,
2025-11-08T22:15:09,TPSSIL1G-FBA-UPC-0323,B07CX79577,B07CX79577,43WAOH1U,3,RECEIVED,"TPS NUTRIENTS Silica Gold Plant Strength Nutrient and Supplement with Bioavailable Silicon, 1 Gallon (128 oz)",1,3,IUSL,STAR-WE4PFHPP2G6YK,
2025-11-08T23:24:09,EVERGREEN1G-FBA-UPC-1123,B0CPGP6WT9,B0CPGP6WT9,3UFWXB9O,4,DEPARTED,"Evergreen Tree Fertilizer for All Conifer Trees and Shrubs, Liquid Plant Food 1 Gallon (128oz)",1,4,IUSF,FBA193FSTND4,
2025-11-08T23:55:28,HPSUCC8OZ-FBA-UPC-0123,B0BRTJ4PLB,B0BRTJ4PLB,3SRWV9OX,60,DEPARTED,"Succulent Plant Food for Succulents, Cactus, Jade and Aloe, Liquid Houseplant Fertilizer 8 oz (250mL)",3,180,IUST,FBA193802WQM,
2025-11-08T23:55:28,LEMON1G-FBA-UPC-0523,B0C73RCDCT,B0C73RCDCT,3SRWV9OX,4,DEPARTED,"Lemon Tree Fertilizer for Lemon Trees and Citrus, Liquid Plant Food, 1 Gallon (128 oz)",1,4,IUST,FBA193802WQM,
2025-11-08T23:55:28,TPS-LOTUSFERTILIZER-8OZ,B0DQTQ31B4,B0DQTQ31B4,3SRWV9OX,60,DEPARTED,"Lotus Fertilizer, Complete Lotus Plant Food, 8 oz (250mL)",1,60,IUST,FBA193802WQM,
2025-11-09T00:19:02,CACTUS8OZ-FBA-UPC-0523,B0C6R6KYGM,B0C6R6KYGM,3SRWV9OX,60,DEPARTED,"TPS NUTRIENTS Cactus Fertilizer for Cacti and All Desert Plants, Liquid Plant Food 8 oz (250mL)",1,60,IUST,FBA19381896V,
2025-11-09T00:19:02,TPS-IVYPLANTFOOD-8OZ,B0DQSVV6DL,B0DQSVV6DL,6FE2FM6Y,60,DEPARTED,"Ivy Plant Food, Complete Liquid Ivy and Vine Plant Ferilizer, 8 oz (250mL)",1,60,IUST,FBA19381896V,
2025-11-09T00:19:02,TPS-MUMFERTILIZER-8OZ,B0DQSMCW87,B0DQSMCW87,3SRWV9OX,60,DEPARTED,"Mum Fertilizer, Complete Liquid Mum Plant Food for All Chrysanthemums, 8 oz (250mL)",1,60,IUST,FBA19381896V,
2025-11-09T01:35:10,EVERGREEN1G-FBA-UPC-1123,B0CPGP6WT9,B0CPGP6WT9,3UFWXB9O,4,DEPARTED,"Evergreen Tree Fertilizer for All Conifer Trees and Shrubs, Liquid Plant Food 1 Gallon (128oz)",1,4,IUSF,FBA193FSTND4,
2025-11-09T01:45:34,LEMON1Q-FBA-UPC-0523,B0C73TCVFW,B0C73TCVFW,6ZZJA95E,12,DEPARTED,"Lemon Tree Fertilizer for Lemon Trees and Citrus, Liquid Plant Food, 32 oz (1 Quart)",1,12,IUSL,FBA193D9P0HP,
2025-11-09T01:45:34,TPSSIL1G-FBA-UPC-0323,B07CX79577,B07CX79577,43WAOH1U,4,DEPARTED,"TPS NUTRIENTS Silica Gold Plant Strength Nutrient and Supplement with Bioavailable Silicon, 1 Gallon (128 oz)",1,4,IUSL,FBA193D9VQS5,
2025-11-09T02:43:18,LIQUIDPF8OZ-FBA-UPC-0123,B0BRTKV4TC,B0BRTKV4TC,3SRWV9OX,60,DEPARTED,"Liquid Plant Food for use in AeroGarden, IDOO and Hydroponic Growing Systems, Liquid Fertilizer 8 oz (250mL)",6,360,IUST,FBA193821C4Q,
2025-11-09T02:59:37,EVERGREEN1G-FBA-UPC-1123,B0CPGP6WT9,B0CPGP6WT9,3UFWXB9O,4,DEPARTED,"Evergreen Tree Fertilizer for All Conifer Trees and Shrubs, Liquid Plant Food 1 Gallon (128oz)",5,20,IUSF,FBA193D9KP0Y,
2025-11-09T04:38:09,TPS-JAPANESEMAPLE-1GAL,B0DQSMMF79,B0DQSMMF79,3SRWV9OX,4,DEPARTED,"Japanese Maple Fertilizer, Complete Liquid Plant Food for All Japanese Maple Tree Varietals, 1 Gallon (128 oz)",4,16,IUST,FBA1930X8N39,
2025-11-09T04:38:09,TPS-PINETREE-1GAL,B0DQT8YTY5,B0DQT8YTY5,7K1K6ZWZ,4,DEPARTED,"Pine Tree Fertilizer, Complete Liquid Pine Tree Plant Food, 1 Gallon (128 oz)",1,4,IUST,FBA19380S7J3,
2025-11-09T06:00:05,BFRUITCITRUS1Q-0224,B0BZBJKHSX,B0BZBJKHSX,3SRWV9OX,12,DEPARTED,Bloom City's Organic Citrus & Fruit Fertilizer for Fruit Trees - Quart (32 oz),2,24,IUST,FBA193802WQM,
2025-11-09T06:00:05,TPS-JAPANESEMAPLE-1GAL,B0DQSMMF79,B0DQSMMF79,3SRWV9OX,4,DEPARTED,"Japanese Maple Fertilizer, Complete Liquid Plant Food for All Japanese Maple Tree Varietals, 1 Gallon (128 oz)",1,4,IUST,FBA193802WQM,
2025-11-09T06:13:37,LEMON1Q-FBA-UPC-0523,B0C73TCVFW,B0C73TCVFW,6ZZJA95E,12,DEPARTED,"Lemon Tree Fertilizer for Lemon Trees and Citrus, Liquid Plant Food, 32 oz (1 Quart)",1,12,IUSL,FBA193DB4T8M,
2025-11-09T06:32:44,MANGOTREE1Q-FBA-UPC-1123,B0CPFYF25V,B0CPFYF25V,4U14ET2P,12,DEPARTED,"Mango Tree Fertilizer for All Mangoes and Anacardiaceae Trees, Liquid Plant Food, 32 oz (1 Quart)",2,24,IUST,FBA1932C8QR2,
2025-11-09T06:32:44,TPS-COMPOSTTEA-8OZ,B0DPM6WDBF,B0DPM6WDBF,3SRWV9OX,60,DEPARTED,"Compost Tea, Boosts Microbial Activity in Gardens for All Plants, 8 oz (250mL)",1,60,IUST,FBA19381896V,
2025-11-09T06:32:44,TPS-WATERPLANT-8OZ,B0DQTVXRBM,B0DQTVXRBM,3SRWV9OX,60,DEPARTED,"Water Plant Fertilizer, Complete Liquid Water Plant Food, 8 oz (250mL)",1,60,IUST,FBA19381896V,
2025-11-09T08:25:09,TPS-JAPANESEMAPLE-1GAL,B0DQSMMF79,B0DQSMMF79,3SRWV9OX,4,RECEIVED,"Japanese Maple Fertilizer, Complete Liquid Plant Food for All Japanese Maple Tree Varietals, 1 Gallon (128 oz)",1,4,IUST,STAR-RTVE5ZAT5VCDM,
2025-11-09T10:08:54,HPMONST1Q-FBA-UPC-0123,B0BRTKX9QR,B0BRTKX9QR,43WAOH1U,12,DEPARTED,"Monstera Plant Food for Monsteras and Philodendrons, Tropical Houseplant Liquid Fertilizer, 32 oz (1 Quart)",1,12,IUSL,FBA193GM0GCB,
2025-11-09T10:08:54,TPS-FERROUSULFATE-1GAL,B0DQTN4H2Y,B0DQTN4H2Y,8OLZOEGI,4,DEPARTED,"Ferrous Sulfate for Plants, Complete Iron and Sulfur Supplement for Healthy Growth, 1 Gallon (128 oz)",1,4,IUSL,FBA193GKYLXQ,
2025-11-09T10:35:11,HPMONST1Q-FBA-UPC-0123,B0BRTKX9QR,B0BRTKX9QR,43WAOH1U,12,DEPARTED,"Monstera Plant Food for Monsteras and Philodendrons, Tropical Houseplant Liquid Fertilizer, 32 oz (1 Quart)",1,12,IUSL,FBA193GMLP06,
2025-11-09T13:04:18,TPS-FERROUSULFATE-1GAL,B0DQTN4H2Y,B0DQTN4H2Y,8OLZOEGI,4,DEPARTED,"Ferrous Sulfate for Plants, Complete Iron and Sulfur Supplement for Healthy Growth, 1 Gallon (128 oz)",1,4,IUSL,FBA193GL8NVD,
2025-11-09T14:22:18,ARBORVITAE1G-FBA-UPC-1123,B0CPGJR1FV,B0CPGJR1FV,3SRWV9OX,4,DEPARTED,"Arborvitae Tree Fertilizer for All Arborvitaes, Evergreen Shrubs and Thuja Trees, Liquid Plant Food 1 Gallon (128oz)",1,4,IUST,FBA19380CQ8M,
2025-11-09T14:22:18,HPINDOOR8OZ-FBA-UPC-0123,B0BRTJB518,B0BRTJB518,3SRWV9OX,60,DEPARTED,"Indoor Plant Food, Liquid Fertilizer for Healthy Growth & Vibrant Foliage in Houseplants, by TPS Plant Foods, 8 oz (250 mL)",1,60,IUST,FBA19327Q8L1,
2025-11-09T14:22:18,LEMON1G-FBA-UPC-0523,B0C73RCDCT,B0C73RCDCT,3SRWV9OX,4,DEPARTED,"Lemon Tree Fertilizer for Lemon Trees and Citrus, Liquid Plant Food, 1 Gallon (128 oz)",1,4,IUST,FBA19380CQ8M,
2025-11-09T14:22:18,LEMON8OZ-FBA-UPC-0523,B0C73SNJCH,B0C73SNJCH,3SRWV9OX,60,DEPARTED,"Lemon Tree Fertilizer, Complete Lemon Tree Plant Food, 8 oz (250mL)",1,60,IUST,FBA19380CQ8M,
2025-11-09T14:22:18,LIMETREE1G-FBA-UPC-1123,B0CPFZ72RT,B0CPFZ72RT,5JT732XW,4,DEPARTED,"Lime Tree Fertilizer for All Lime and Citrus Trees, Liquid Plant Food 1 Gallon (128oz)",1,4,IUST,FBA1932D0Z6X,
2025-11-09T14:22:18,LIQUIDPF8OZ-FBA-UPC-0123,B0BRTKV4TC,B0BRTKV4TC,3SRWV9OX,60,DEPARTED,"Liquid Plant Food for use in AeroGarden, IDOO and Hydroponic Growing Systems, Liquid Fertilizer 8 oz (250mL)",6,360,IUST,FBA19380CQ8M,
2025-11-09T14:22:18,TPS-CHERRYTREEFERT-1GALLON,B0FKMDVCG3,B0FKMDVCG3,3SRWV9OX,4,DEPARTED,"Cherry Tree Fertilizer for Cherry Trees, Great for Bing, Rainier, and Montmorency Varieties, Liquid Fertilizer by TPS Plant Foods, 1 Gallon (128 oz)",1,4,IUST,FBA1930Y43HK,
2025-11-09T14:22:18,TPS-JAPANESEMAPLE-1GAL,B0DQSMMF79,B0DQSMMF79,3SRWV9OX,4,DEPARTED,"Japanese Maple Fertilizer, Complete Liquid Plant Food for All Japanese Maple Tree Varietals, 1 Gallon (128 oz)",1,4,IUST,FBA19380CQ8M,
2025-11-09T14:22:18,TPS-WISTERIAFERT-1GALLON,B0FKSJ65CB,B0FKSJ65CB,3SRWV9OX,4,DEPARTED,"Wisteria Fertilizer for Wisteria Plants and Wisteria Hanging Flowers, Feeds Wisteria Plant, Liquid Fertilizer by TPS Plant Foods, 1 Gallon (128 oz)",1,4,IUST,FBA1930WZ5PT,
2025-11-09T14:27:17,MANGOTREE1G-FBA-UPC-1123,B0CPGNM4GM,B0CPGNM4GM,7ER7L29C,4,DEPARTED,"Mango Tree Fertilizer for All Mangoes and Anacardiaceae Trees, Liquid Plant Food 1 Gallon (128oz)",1,4,IUSR,FBA193GLB529,
2025-11-05T17:35:13,TPS-5-5-5FERTILIZER-1GAL,B0FKSJ4JG2,B0FKSJ4JG2,3SRWV9OX,4,DEPARTED,"5-5-5 Fertilizer for Plants, Great for Vegetables, Flowers, and Shrubs, Liquid Plant Fertilizer by TPS Plant Foods, 1 Gallon (128oz)",1,4,IUST,FBA19327J4ST,
2025-11-05T17:35:13,TPS-HYDROPONICNUTRIENTS-1GAL,B0DQR1G3L9,B0DQR1G3L9,6KVMUIZE,4,DEPARTED,"Hydroponic Nutrients for Edible Plants, One Part Complete Liquid Plant Food for Hydroponic Systems, 1 Gallon (128 oz)",1,4,IUST,FBA192DHHVSK,
2025-11-05T17:38:53,TPS-CHERRYTREEFERT-QUART,B0FKM18XR6,B0FKM18XR6,3SRWV9OX,12,DEPARTED,"Cherry Tree Fertilizer for Cherry Trees, Great for Bing, Rainier, and Montmorency Varieties, Liquid Fertilizer by TPS Plant Foods, 32 oz (1 Quart)",1,12,IUST,FBA1930XF5NQ,
2025-11-05T18:08:41,TPSROOTB1Q,B07CWPPS52,B07CWPPS52,41HBVNAX,12,DEPARTED,"TPS NUTRIENTS Root Boost Advanced Rooting Formula for Living Soil and White Roots, Plus Microbes 1 Quart (32 oz)",1,12,IUSR,FBA193802WPB,
2025-11-05T19:04:24,HPSIL1G-FBA-UPC-0124,B0CT6TSRZ8,B0CT6TSRZ8,5JT732XW,4,DEPARTED,"TPS NUTRIENTS Silica for Houseplants, Liquid Silicon Plant Food for Strong Stems and Healthy Leaves, Liquid Plant Fertilizer 1 Gallon (128oz)",1,4,IUST,FBA1926CHK8D,
2025-11-05T19:04:24,LIQUIDPF1Q-FBA-UPC-0323,B0BRTJ3CCV,B0BRTJ3CCV,3SRWV9OX,12,DEPARTED,"Liquid Plant Food for use in AeroGarden, IDOO and Hydroponic Growing Systems, Liquid Fertilizer, 32 oz (1 Quart)",3,36,IUST,FBA1930MSPYH,2027-10-13
2025-11-05T19:04:24,PALMTREE1G-FBA-UPC-0523,B0C6Q6GN8H,B0C6Q6GN8H,5JT732XW,4,DEPARTED,"Palm Tree Fertilizer for All Palms and Ferns, Liquid Plant Food, 1 Gallon (128 oz)",2,8,IUST,FBA1926BXPM5,
2025-11-05T19:04:24,TPS-BOXWOOD-1GAL,B0DPKY7CXY,B0DPKY7CXY,5JT732XW,4,DEPARTED,"Boxwood Fertilizer, Complete Liquid Boxwood Shrub Plant Food, 1 Gallon (128 oz)",1,4,IUST,FBA1926C2RVC,
2025-11-05T19:04:24,TPSSIL1G-FBA-UPC-0323,B07CX79577,B07CX79577,89F8PPDW,4,DEPARTED,"TPS NUTRIENTS Silica Gold Plant Strength Nutrient and Supplement with Bioavailable Silicon, 1 Gallon (128 oz)",1,4,IUST,FBA1927YQJZT,
2025-11-05T19:12:34,HPSIL1G-FBA-UPC-0124,B0CT6TSRZ8,B0CT6TSRZ8,5JT732XW,4,DEPARTED,"TPS NUTRIENTS Silica for Houseplants, Liquid Silicon Plant Food for Strong Stems and Healthy Leaves, Liquid Plant Fertilizer 1 Gallon (128oz)",2,8,IUST,FBA1926CHK8D,
2025-11-05T19:31:53,BKELP1G-0224,B073ZNW5CK,B073ZNW5CK,41HBVNAX,4,DEPARTED,Bloom City Organic Liquid Seaweed and Kelp Fertilizer Supplement (128 oz) Concentrated Makes 750 Gallons,1,4,IUSR,FBA1932CJRHP,
2025-11-05T19:53:27,BFRUITCITRUS1Q-0224,B0BZBJKHSX,B0BZBJKHSX,3SRWV9OX,12,DEPARTED,Bloom City's Organic Citrus & Fruit Fertilizer for Fruit Trees - Quart (32 oz),1,12,IUST,FBA1930W48D7,
2025-11-05T19:58:40,BFRUITCITRUS1Q-0224,B0BZBJKHSX,B0BZBJKHSX,3SRWV9OX,12,DEPARTED,Bloom City's Organic Citrus & Fruit Fertilizer for Fruit Trees - Quart (32 oz),2,24,IUST,FBA19380BYSW,
2025-11-05T19:58:40,BHUMIC1Q-1224,B077SXQ1QT,B077SXQ1QT,3SRWV9OX,12,DEPARTED,"Bloom City Organic Liquid Humic Soil Health Formula, Great for Houseplants, Gardens and Lawns, Quart (32 oz) Concentrated Makes 30+ Gallons",1,12,IUST,FBA19380BYSW,
2025-11-05T19:58:40,TPS-THUJAGREENGIANT-QUART,B0FKM9SMRR,B0FKM9SMRR,3SRWV9OX,12,DEPARTED,"Thuja Green Giant Fertilizer, Vigorous Growth for Thuja Green Giant and Other Arborvitae Varieties, Liquid Fertilizer by TPS Plant Foods, 32 oz (1 Quart)",1,12,IUST,FBA19380BYSW,
2025-11-05T20:13:52,HIBISCUS1Q-FBA-UPC-0523,B0C73SKHWB,B0C73SKHWB,41HBVNAX,12,DEPARTED,"Hibiscus Fertilizer for Tropical and Flowering Plants, Liquid Plant Food, 32 oz (1 Quart)",2,24,IUSR,FBA19380RVWG,
2025-11-05T20:18:26,ARBORVITAE1G-FBA-UPC-1123,B0CPGJR1FV,B0CPGJR1FV,3SRWV9OX,4,DEPARTED,"Arborvitae Tree Fertilizer for All Arborvitaes, Evergreen Shrubs and Thuja Trees, Liquid Plant Food 1 Gallon (128oz)",3,12,IUST,FBA19380BYSW,
2025-11-05T20:18:26,TPS-JAPANESEMAPLE-1GAL,B0DQSMMF79,B0DQSMMF79,3SRWV9OX,4,DEPARTED,"Japanese Maple Fertilizer, Complete Liquid Plant Food for All Japanese Maple Tree Varietals, 1 Gallon (128 oz)",1,4,IUST,FBA19380BYSW,
2025-11-05T20:42:17,HPSIL8OZ-FBA-UPC-0124,B0CT668F19,B0CT668F19,5JT732XW,60,DEPARTED,"TPS NUTRIENTS Silica for Plants, Boost Strength & Resilience, Stronger Stems & Healthier Leaves - 8 oz (250mL)",7,420,IUST,FBA1926D4DKL,
2025-11-05T21:11:33,AIRPLANT1G-FBA-UPC-0523,B0C6R6J9WW,B0C6R6J9WW,3SRWV9OX,4,DEPARTED,"TPS NUTRIENTS Air Plant Fertilizer for All Tillandsia Air Plants, Use As Foliar Spray or for Soaking, Liquid Plant Food, 1 Gallon (128 oz)",1,4,IUST,FBA1932903GZ,
2025-11-05T21:11:33,HPFIG8OZ-FBA-UPC-0123,B0BRTJGR33,B0BRTJGR33,3SRWV9OX,60,DEPARTED,"Fiddle Leaf Fig Plant Food for All Fig and Other Ficus Trees, Liquid Houseplant Fertilizer 8 oz (250mL)",1,60,IUST,FBA1930XCMKR,
2025-11-05T21:11:33,HPINDOOR8OZ-FBA-UPC-0123,B0BRTJB518,B0BRTJB518,3SRWV9OX,60,DEPARTED,"Indoor Plant Food, Liquid Fertilizer for Healthy Growth & Vibrant Foliage in Houseplants, by TPS Plant Foods, 8 oz (250 mL)",3,180,IUST,FBA1930XCMKR,
2025-11-05T21:15:42,TPS-PEACELILY-8OZ,B0DQSMMLPL,B0DQSMMLPL,45G18IKB,60,DEPARTED,"Peace Lily Fertilizer, Complete Liquid Peace Lily Plant Food, 8 oz (250mL)",2,120,IUSR,FBA19380PC4S,
2025-11-05T21:25:03,HPFIG8OZ-FBA-UPC-0123,B0BRTJGR33,B0BRTJGR33,3SRWV9OX,60,DEPARTED,"Fiddle Leaf Fig Plant Food for All Fig and Other Ficus Trees, Liquid Houseplant Fertilizer 8 oz (250mL)",1,60,IUST,FBA1930XCMKR,
2025-11-05T21:25:03,HPSUCC8OZ-FBA-UPC-0123,B0BRTJ4PLB,B0BRTJ4PLB,3SRWV9OX,60,DEPARTED,"Succulent Plant Food for Succulents, Cactus, Jade and Aloe, Liquid Houseplant Fertilizer 8 oz (250mL)",1,60,IUST,FBA19328TJLM,
2025-11-05T22:15:53,EVERGREEN8OZ-FBA-UPC-1123,B0CPGHY54X,B0CPGHY54X,43WAOH1U,60,RECEIVED,"Evergreen Tree Fertilizer for All Conifer Trees and Shrubs, Liquid Plant Food 8 oz (250mL)",1,60,IUSL,STAR-WE4PFHPP2G6YK,
2025-11-05T23:13:27,LIQUIDPF1Q-FBA-UPC-0323,B0BRTJ3CCV,B0BRTJ3CCV,3SRWV9OX,12,DEPARTED,"Liquid Plant Food for use in AeroGarden, IDOO and Hydroponic Growing Systems, Liquid Fertilizer, 32 oz (1 Quart)",3,36,IUST,FBA1932777BH,2027-10-13
2025-11-05T23:26:56,TPS-ALOCASIA-QUART,B0DPH8FSGH,B0DPH8FSGH,78VHKF2V,12,DEPARTED,"Alocasia Fertilizer, Complete Liquid Alocasia Plant Food, 32 oz (1 Quart)",1,12,IUSR,FBA193802WPB,
2025-11-05T23:40:57,HPMONST1Q-FBA-UPC-0123,B0BRTKX9QR,B0BRTKX9QR,3SRWV9OX,12,DEPARTED,"Monstera Plant Food for Monsteras and Philodendrons, Tropical Houseplant Liquid Fertilizer, 32 oz (1 Quart)",1,12,IUST,FBA19327RNVB,
2025-11-05T23:40:57,HPMONST8OZ-FBA-UPC-0123,B0BRTK1P8Z,B0BRTK1P8Z,3SRWV9OX,60,DEPARTED,"Monstera Plant Food for Monsteras and Philodendrons, Tropical Houseplant Liquid Fertilizer 8 oz (250mL)",1,60,IUST,FBA19380S7J3,
2025-11-05T23:40:57,LIQUIDPF1G-FBA-UPC-0523,B0C6K2PMKS,B0C6K2PMKS,3SRWV9OX,4,DEPARTED,"Liquid Plant Food for use in AeroGarden, IDOO and Hydroponic Growing Systems, Liquid Fertilizer 1 Gallon (128 oz)",1,4,IUST,FBA1930W48D7,
2025-11-05T23:40:57,LIQUIDPF1Q-FBA-UPC-0323,B0BRTJ3CCV,B0BRTJ3CCV,3SRWV9OX,12,DEPARTED,"Liquid Plant Food for use in AeroGarden, IDOO and Hydroponic Growing Systems, Liquid Fertilizer, 32 oz (1 Quart)",2,24,IUST,FBA19328TJLM,2027-10-13
2025-11-05T23:40:57,TPS-CHERRYTREEFERT-QUART,B0FKM18XR6,B0FKM18XR6,3SRWV9OX,12,DEPARTED,"Cherry Tree Fertilizer for Cherry Trees, Great for Bing, Rainier, and Montmorency Varieties, Liquid Fertilizer by TPS Plant Foods, 32 oz (1 Quart)",1,12,IUST,FBA19328XHBH,
2025-11-05T23:40:57,TPS-CLOVERFERT-QUART,B0FKST1F77,B0FKST1F77,3SRWV9OX,12,DEPARTED,"Clover Fertilizer for Clover Lawns, Great for Microclover and Dutch White Clover, Liquid Fertilizer by TPS Plant Foods, 32oz (1 Quart)",1,12,IUST,FBA1930XD14F,
2025-11-05T23:40:57,TPS-LOTUSFERTILIZER-8OZ,B0DQTQ31B4,B0DQTQ31B4,3SRWV9OX,60,DEPARTED,"Lotus Fertilizer, Complete Lotus Plant Food, 8 oz (250mL)",2,120,IUST,FBA19380S7J3,
2025-11-05T23:40:57,XMASCACTUS1Q-FBA-UPC-1123,B0CPGFXPYW,B0CPGFXPYW,3SRWV9OX,12,DEPARTED,"TPS NUTRIENTS Christmas Cactus Fertilizer for All Christmas Cacti and Schlumbergera Cacti, Liquid Plant Food, 32 oz (1 Quart)",1,12,IUST,FBA19380S7J3,
2025-11-04T15:02:24,BCALMAG1Q-0224,B073ZNQWCM,B073ZNQWCM,5JT732XW,12,DEPARTED,"Bloom City Professional Grade Ultra Pure Cal-Mag Growing Fertilizer, Quart (32 oz)",8,96,IUST,FBA1926CQRB7,
2025-11-04T15:02:24,BHUMIC1Q-1224,B077SXQ1QT,B077SXQ1QT,3SRWV9OX,12,DEPARTED,"Bloom City Organic Liquid Humic Soil Health Formula, Great for Houseplants, Gardens and Lawns, Quart (32 oz) Concentrated Makes 30+ Gallons",2,24,IUST,FBA19380CQ8M,
2025-11-04T15:02:24,HPMONST1G-FBA-UPC-0523,B0C6K2PMKL,B0C6K2PMKL,5JT732XW,4,DEPARTED,"Plant Food for Monsteras and Philodendrons, Tropical Houseplant Liquid Fertilizer, 1 Gallon (128 oz)",1,4,IUST,FBA192DJ0WVL,
2025-11-04T15:02:24,HPMONST8OZ-FBA-UPC-0123,B0BRTK1P8Z,B0BRTK1P8Z,5JT732XW,60,DEPARTED,"Monstera Plant Food for Monsteras and Philodendrons, Tropical Houseplant Liquid Fertilizer 8 oz (250mL)",5,300,IUST,FBA192DJ0WVL,
2025-11-04T15:02:24,LEMON8OZ-FBA-UPC-0523,B0C73SNJCH,B0C73SNJCH,5JT732XW,60,DEPARTED,"Lemon Tree Fertilizer, Complete Lemon Tree Plant Food, 8 oz (250mL)",3,180,IUST,FBA1926C0MJW,
2025-11-04T15:02:24,LIQUIDPF1Q-FBA-UPC-0323,B0BRTJ3CCV,B0BRTJ3CCV,5JT732XW,12,DEPARTED,"Liquid Plant Food for use in AeroGarden, IDOO and Hydroponic Growing Systems, Liquid Fertilizer, 32 oz (1 Quart)",2,24,IUST,FBA1926BR6N4,2036-09-23
2025-11-04T15:02:24,LIQUIDPF8OZ-FBA-UPC-0123,B0BRTKV4TC,B0BRTKV4TC,5JT732XW,60,DEPARTED,"Liquid Plant Food for use in AeroGarden, IDOO and Hydroponic Growing Systems, Liquid Fertilizer 8 oz (250mL)",5,300,IUST,FBA1926D5SLS,
2025-11-04T15:02:24,PALMTREE8OZ-FBA-UPC-0523,B0C6Q7PL3S,B0C6Q7PL3S,5JT732XW,60,DEPARTED,"Palm Tree Fertilizer for All Palms and Ferns, Liquid Plant Food 8 oz (250mL)",2,120,IUST,FBA1926D25H9,
2025-11-04T15:02:24,TPS-LOTUSFERTILIZER-8OZ,B0DQTQ31B4,B0DQTQ31B4,5JT732XW,60,DEPARTED,"Lotus Fertilizer, Complete Lotus Plant Food, 8 oz (250mL)",2,120,IUST,FBA192DJ0WVL,
2025-11-04T15:02:24,TPS-THUJAGREENGIANT-QUART,B0FKM9SMRR,B0FKM9SMRR,3SRWV9OX,12,DEPARTED,"Thuja Green Giant Fertilizer, Vigorous Growth for Thuja Green Giant and Other Arborvitae Varieties, Liquid Fertilizer by TPS Plant Foods, 32 oz (1 Quart)",1,12,IUST,FBA19380CQ8M,
2025-11-04T15:02:24,XMASCACTUS8OZ-FBA-UPC-1123,B0CPGGCRT8,B0CPGGCRT8,5JT732XW,60,DEPARTED,"TPS NUTRIENTS Christmas Cactus Fertilizer for All Christmas Cacti and Schlumbergera Cacti, Liquid Plant Food 8 oz (250mL)",2,120,IUST,FBA192DJ0WVL,
2025-11-04T15:02:24,XMASCACTUS8OZ-FBA-UPC-1123,B0CPGGCRT8,B0CPGGCRT8,5JT732XW,60,DEPARTED,"TPS NUTRIENTS Christmas Cactus Fertilizer for All Christmas Cacti and Schlumbergera Cacti, Liquid Plant Food 8 oz (250mL)",3,180,IUST,FBA192P50WB6,
2025-11-04T15:02:24,XMASCACTUS8OZ-FBA-UPC-1123,B0CPGGCRT8,B0CPGGCRT8,5JT732XW,60,DEPARTED,"TPS NUTRIENTS Christmas Cactus Fertilizer for All Christmas Cacti and Schlumbergera Cacti, Liquid Plant Food 8 oz (250mL)",1,60,IUST,FBA192S9P681,
2025-11-04T15:10:51,HIBISCUS8OZ-FBA-UPC-0523,B0C73RDD6N,B0C73RDD6N,43WAOH1U,60,DEPARTED,"Hibiscus Fertilizer for Tropical and Flowering Plants, Liquid Plant Food 8 oz (250mL)",1,60,IUSR,FBA19380RVWG,
2025-11-04T15:10:51,TPS-ALOCASIA-QUART,B0DPH8FSGH,B0DPH8FSGH,78VHKF2V,12,DEPARTED,"Alocasia Fertilizer, Complete Liquid Alocasia Plant Food, 32 oz (1 Quart)",1,12,IUSR,FBA19380RVWG,
2025-11-04T15:20:05,SUPPNITRO8OZ,B0D4JHC532,B0D4JHC532,4NTX8SEV,60,DEPARTED,"TPS NUTRIENTS Nitrogen for Plants, Tri-Source N Nitrogen for Lush Green Growth, Liquid Plant Fertilizer 8 oz (250mL), SUPPNITRO8OZ",1,60,IUSF,FBA193810QFS,
2025-11-04T15:48:36,APPLETREE1Q-FBA-UPC-0523,B0C73V8Z6G,B0C73V8Z6G,3S3HR6DZ,12,DEPARTED,"Apple Tree Fertilizer for All Apple, Pear, Nut and Fruit Trees, Liquid Plant Food, 32 oz (1 Quart)",1,12,IUSJ,FBA1933SHBL8,
2025-11-04T16:06:44,SUPPMAG1Q,B0D4JGYZ1Q,B0D4JGYZ1Q,8OLZOEGI,12,DEPARTED,"TPS NUTRIENTS Magnesium Fertilizer for Plants, Bioavailable Mg for Growth and Flowering, Liquid Plant Food, 32 oz (1 Quart)",1,12,IUSL,FBA19358HRVP,
2025-11-04T16:07:37,HIBISCUS8OZ-FBA-UPC-0523,B0C73RDD6N,B0C73RDD6N,43WAOH1U,60,DEPARTED,"Hibiscus Fertilizer for Tropical and Flowering Plants, Liquid Plant Food 8 oz (250mL)",1,60,IUSR,FBA193802WPB,
2025-11-04T16:14:36,CITRUS1Q-FBA-UPC-0523,B0C73RDHKR,B0C73RDHKR,5JT732XW,12,DEPARTED,"Citrus Fertilizer for All Citrus and Fruiting Trees, Liquid Plant Food, 32 oz (1 Quart)",1,12,IUST,FBA1932C8QXW,
2025-11-04T16:14:36,HPMONST1Q-FBA-UPC-0123,B0BRTKX9QR,B0BRTKX9QR,3SRWV9OX,12,DEPARTED,"Monstera Plant Food for Monsteras and Philodendrons, Tropical Houseplant Liquid Fertilizer, 32 oz (1 Quart)",1,12,IUST,FBA1930YJRM1,
2025-11-04T16:14:36,TPS-5-10-10FERT-8OZ,B0FKS8HL6H,B0FKS8HL6H,3SRWV9OX,60,DEPARTED,"5-10-10 Fertilizer for Plants, Great for Root Vegetables, Tomatoes, and Flowers, Plant Fertilizer by TPS Plant Foods, 8oz (250ml)",1,60,IUST,FBA1930WRH3Z,
2025-11-04T16:14:36,TPS-5-10-5FERT-8OZ,B0FKSCB6RH,B0FKSCB6RH,3SRWV9OX,60,DEPARTED,"5-10-5 Fertilizer for Plants, Great for Root Vegetables, Fruiting Vegetables, and Flowers, Plant Fertilizer by TPS Plant Foods, 8oz (250ml)",1,60,IUST,FBA1930WRH3Z,
2025-11-04T16:14:36,TPS-8-8-8FERT-8OZ,B0FKS81ZNW,B0FKS81ZNW,3SRWV9OX,60,DEPARTED,"8-8-8 Fertilizer for Plants, Great for Shrubs, Vegetables, and Flowers, Plant Fertilizer by TPS Plant Foods, 8oz (250ml)",1,60,IUST,FBA1930WF4Y5,
2025-11-04T16:14:36,TPS-CHERRYTREEFERT-1GALLON,B0FKMDVCG3,B0FKMDVCG3,3SRWV9OX,4,DEPARTED,"Cherry Tree Fertilizer for Cherry Trees, Great for Bing, Rainier, and Montmorency Varieties, Liquid Fertilizer by TPS Plant Foods, 1 Gallon (128 oz)",1,4,IUST,FBA1930WF4Y5,
2025-11-04T16:14:36,TPS-GUAVATREEFERT-1GALLON,B0FKMTST9B,B0FKMTST9B,3SRWV9OX,4,DEPARTED,"Guava Tree Fertilizer for Guava Trees, Great for White, Pink, and Red Guava Varieties, Liquid Fertilizer by TPS Plant Foods, 1 Gallon (128 oz)",1,4,IUST,FBA1930WF4Y5,
2025-11-04T16:14:36,TPS-JAPANESEMAPLE-1GAL,B0DQSMMF79,B0DQSMMF79,3SRWV9OX,4,DEPARTED,"Japanese Maple Fertilizer, Complete Liquid Plant Food for All Japanese Maple Tree Varietals, 1 Gallon (128 oz)",3,12,IUST,FBA1930X83BY,
2025-11-04T16:14:36,TPS-JAPANESEMAPLE-1GAL,B0DQSMMF79,B0DQSMMF79,3SRWV9OX,4,DEPARTED,"Japanese Maple Fertilizer, Complete Liquid Plant Food for All Japanese Maple Tree Varietals, 1 Gallon (128 oz)",3,12,IUST,FBA193289JNF,
2025-11-04T16:14:36,TPS-WISTERIAFERT-1GALLON,B0FKSJ65CB,B0FKSJ65CB,3SRWV9OX,4,DEPARTED,"Wisteria Fertilizer for Wisteria Plants and Wisteria Hanging Flowers, Feeds Wisteria Plant, Liquid Fertilizer by TPS Plant Foods, 1 Gallon (128 oz)",1,4,IUST,FBA1930X2K3L,
2025-11-04T16:35:42,TPSROOTB1Q,B07CWPPS52,B07CWPPS52,41HBVNAX,12,DEPARTED,"TPS NUTRIENTS Root Boost Advanced Rooting Formula for Living Soil and White Roots, Plus Microbes 1 Quart (32 oz)",1,12,IUSR,FBA19380RVWG,
2025-11-04T16:35:42,ULTRAKIT1Q-FBA-UPC-0123,B0BSR988VQ,B0BSR988VQ,41HBVNAX,6,DEPARTED,"TPS NUTRIENTS Ultra Grow and Ultra Bloom Set Complete Cycle Veg and Flowering Plant Fertilizer with All NPK Cal-Mag and Micros, Quarts (2X 32 oz)",1,6,IUSR,FBA19380RVWG,
2025-11-04T16:36:16,HIBISCUS1Q-FBA-UPC-0523,B0C73SKHWB,B0C73SKHWB,41HBVNAX,12,DEPARTED,"Hibiscus Fertilizer for Tropical and Flowering Plants, Liquid Plant Food, 32 oz (1 Quart)",1,12,IUSR,FBA19380QM5G,
2025-11-04T16:36:16,TPSCANB1G-FBA-UPC-0523,B07CWPLJ65,B07CWPLJ65,41HBVNAX,4,DEPARTED,"TPS NUTRIENTS Canopy Boost Foliar Spray for All Plants, Boosts Photosynthesis and Corrects Common Yellowing, 1 Gallon (128 oz)",1,4,IUSR,FBA19380QM5G,
2025-11-04T16:36:49,TPSROOTB1Q,B07CWPPS52,B07CWPPS52,41HBVNAX,12,DEPARTED,"TPS NUTRIENTS Root Boost Advanced Rooting Formula for Living Soil and White Roots, Plus Microbes 1 Quart (32 oz)",1,12,IUSR,FBA19380QM5G,
2025-11-04T17:22:01,HPINDOOR1G-FBA-UPC-0523,B0C6JYR3R8,B0C6JYR3R8,5JT732XW,4,DEPARTED,"TPS NUTRIENTS Indoor Plant Food for Houseplants, Liquid Fertilizer, 1 Gallon (128 oz)",1,4,IUST,FBA19380CQ8M,
2025-11-04T17:31:31,APPLETREE1G-FBA-UPC-0523,B0C73S6SN3,B0C73S6SN3,3SRWV9OX,4,DEPARTED,"Apple Tree Fertilizer for All Apple, Pear, Nut and Fruit Trees, Liquid Plant Food, 1 Gallon (128 oz)",1,4,IUST,FBA1930X30Z7,
2025-11-04T17:31:31,HPFIG8OZ-FBA-UPC-0123,B0BRTJGR33,B0BRTJGR33,3SRWV9OX,60,DEPARTED,"Fiddle Leaf Fig Plant Food for All Fig and Other Ficus Trees, Liquid Houseplant Fertilizer 8 oz (250mL)",4,240,IUST,FBA1930WLJCJ,
2025-11-04T17:31:31,HPINDOOR8OZ-FBA-UPC-0123,B0BRTJB518,B0BRTJB518,3SRWV9OX,60,DEPARTED,"Indoor Plant Food, Liquid Fertilizer for Healthy Growth & Vibrant Foliage in Houseplants, by TPS Plant Foods, 8 oz (250 mL)",2,120,IUST,FBA1930WLJCJ,
2025-11-04T17:31:31,HPMONST1Q-FBA-UPC-0123,B0BRTKX9QR,B0BRTKX9QR,3SRWV9OX,12,DEPARTED,"Monstera Plant Food for Monsteras and Philodendrons, Tropical Houseplant Liquid Fertilizer, 32 oz (1 Quart)",1,12,IUST,FBA193278XFZ,
2025-11-04T17:31:31,HPSUCC8OZ-FBA-UPC-0123,B0BRTJ4PLB,B0BRTJ4PLB,3SRWV9OX,60,DEPARTED,"Succulent Plant Food for Succulents, Cactus, Jade and Aloe, Liquid Houseplant Fertilizer 8 oz (250mL)",1,60,IUST,FBA1930WLJCJ,
2025-11-04T17:31:31,MONEYTREE8OZ-FBA-UPC-0523,B0C6Q7TGX1,B0C6Q7TGX1,3SRWV9OX,60,DEPARTED,"Money Tree Fertilizer for Money Trees and All Pachira Plants, Liquid Plant Food 8 oz (250mL)",1,60,IUST,FBA1930Y5RP0,
2025-11-04T17:31:31,TPS-4-4-4FERT-8OZ,B0FKSCPNVJ,B0FKSCPNVJ,3SRWV9OX,60,DEPARTED,"4-4-4 Fertilizer for Plants, Great for Leafy Vegetables and Herbs, Liquid Plant Fertilizer by TPS Plant Foods, 8oz (250ml)",1,60,IUST,FBA1930WRH3Z,
2025-11-04T17:31:31,TPS-5-10-10FERT-1GALLON,B0FKSH6N7Y,B0FKSH6N7Y,3SRWV9OX,4,DEPARTED,"5-10-10 Fertilizer for Plants, Great for Root Vegetables, Tomatoes, and Flowers, Plant Fertilizer by TPS Plant Foods, 1 Gallon (128oz)",1,4,IUST,FBA1930PB6SK,
2025-11-04T17:31:31,TPS-5-10-5FERT-1GAL,B0FKSWBYCT,B0FKSWBYCT,3SRWV9OX,4,DEPARTED,"5-10-5 Fertilizer for Plants, Great for Root Vegetables, Fruiting Vegetables, and Flowers, Plant Fertilizer by TPS Plant Foods, 1 Gallon (128oz)",1,4,IUST,FBA1930X2K3L,
2025-11-04T17:31:31,TPS-5-5-5FERTILIZER-1GAL,B0FKSJ4JG2,B0FKSJ4JG2,3SRWV9OX,4,DEPARTED,"5-5-5 Fertilizer for Plants, Great for Vegetables, Flowers, and Shrubs, Liquid Plant Fertilizer by TPS Plant Foods, 1 Gallon (128oz)",1,4,IUST,FBA1930PB6SK,
2025-11-04T17:31:31,TPS-7-7-7FERT-1GALLON,B0FKSL8XQ8,B0FKSL8XQ8,3SRWV9OX,4,DEPARTED,"7-7-7 Fertilizer for Plants, Great for Vegetables, Flowers, and Shrubs, Liquid Plant Fertilizer by TPS Plant Foods, 1 Gallon (128oz)",1,4,IUST,FBA1930X2K3L,
2025-11-04T17:31:31,TPS-7-7-7FERT-8OZ,B0FKSFPF2R,B0FKSFPF2R,3SRWV9OX,60,DEPARTED,"7-7-7 Fertilizer for Plants, Great for Vegetables, Flowers, and Shrubs, Liquid Plant Fertilizer by TPS Plant Foods, 8oz (250ml)",1,60,IUST,FBA1930PB6SK,
2025-11-04T17:31:31,TPS-GUAVATREEFERT-1GALLON,B0FKMTST9B,B0FKMTST9B,3SRWV9OX,4,DEPARTED,"Guava Tree Fertilizer for Guava Trees, Great for White, Pink, and Red Guava Varieties, Liquid Fertilizer by TPS Plant Foods, 1 Gallon (128 oz)",3,12,IUST,FBA1930WF4Y5,
2025-11-04T17:38:57,TPS-PINEAPPLEFERT-QUART,B0FLWTCJZP,B0FLWTCJZP,3SRWV9OX,12,DEPARTED,"Pineapple Fertilizer for Pineapple Plants, Supports Fruit Production and Indoor/Outdoor Success, Liquid Fertilizer by TPS Plant Foods, 32 oz (1 Quart)",1,12,IUST,FBA1930WNNPN,
2025-11-04T17:38:57,TREE1G-FBA-UPC-0523,B0C73S6NFW,B0C73S6NFW,3SRWV9OX,4,DEPARTED,"TPS NUTRIENTS Tree Fertilizer for All Trees and Shrubs, Liquid Plant Food, 1 Gallon (128 oz)",4,16,IUST,FBA1932C85RM,
2025-11-04T17:42:02,CITRUS1Q-FBA-UPC-0523,B0C73RDHKR,B0C73RDHKR,5JT732XW,12,DEPARTED,"Citrus Fertilizer for All Citrus and Fruiting Trees, Liquid Plant Food, 32 oz (1 Quart)",1,12,IUST,FBA193802WQM,
2025-11-04T17:42:02,TPS-HYDROPONICNUTRIENTS-1GAL,B0DQR1G3L9,B0DQR1G3L9,6KVMUIZE,4,DEPARTED,"Hydroponic Nutrients for Edible Plants, One Part Complete Liquid Plant Food for Hydroponic Systems, 1 Gallon (128 oz)",2,8,IUST,FBA193802WQM,
2025-11-04T17:42:02,TPS-PINETREE-1GAL,B0DQT8YTY5,B0DQT8YTY5,7K1K6ZWZ,4,DEPARTED,"Pine Tree Fertilizer, Complete Liquid Pine Tree Plant Food, 1 Gallon (128 oz)",1,4,IUST,FBA193802WQM,
2025-11-04T18:12:52,TPS-PECANTREEFERT-QUART,B0FKLVKKGP,B0FKLVKKGP,5JT732XW,12,DEPARTED,"Pecan Tree Fertilizer for Pecan Trees, Supports Strong Growth and Hearty Nuts in All Varieties of Nut Trees, Liquid Fertilizer by TPS Plant Foods, 32 oz (1 Quart)",1,12,IUST,FBA1932C8QR2,
2025-11-04T18:20:07,APPLETREE1G-FBA-UPC-0523,B0C73S6SN3,B0C73S6SN3,3SRWV9OX,4,DEPARTED,"Apple Tree Fertilizer for All Apple, Pear, Nut and Fruit Trees, Liquid Plant Food, 1 Gallon (128 oz)",1,4,IUST,FBA19328S590,
2025-11-04T18:20:07,ARBORVITAE1G-FBA-UPC-1123,B0CPGJR1FV,B0CPGJR1FV,3SRWV9OX,4,DEPARTED,"Arborvitae Tree Fertilizer for All Arborvitaes, Evergreen Shrubs and Thuja Trees, Liquid Plant Food 1 Gallon (128oz)",12,48,IUST,FBA193821C4Q,
2025-11-04T18:20:07,BKELP8OZ-0724,B08JHHFZVG,B08JHHFZVG,3SRWV9OX,60,DEPARTED,"Organic Liquid Seaweed and Kelp Fertilizer Supplement by Bloom City, (8 oz) Concentrated Makes 45 Gallons",2,120,IUST,FBA193821C4Q,
2025-11-04T18:20:07,FICUSTREE1G-FBA-UPC-1123,B0CPGGD5K8,B0CPGGD5K8,3SRWV9OX,4,DEPARTED,"Ficus Tree Fertilizer for All Ficus, Fig and Moraceae Plants, Liquid Plant Food 1 Gallon (128oz)",1,4,IUST,FBA193821C4Q,
2025-11-04T18:20:07,HPMONST1G-FBA-UPC-0523,B0C6K2PMKL,B0C6K2PMKL,3SRWV9OX,4,DEPARTED,"Plant Food for Monsteras and Philodendrons, Tropical Houseplant Liquid Fertilizer, 1 Gallon (128 oz)",1,4,IUST,FBA193821C4Q,
2025-11-04T18:20:07,HPSIL8OZ-FBA-UPC-0124,B0CT668F19,B0CT668F19,5JT732XW,60,DEPARTED,"TPS NUTRIENTS Silica for Plants, Boost Strength & Resilience, Stronger Stems & Healthier Leaves - 8 oz (250mL)",1,60,IUST,FBA193821C4Q,
2025-11-04T18:20:07,LEMON8OZ-FBA-UPC-0523,B0C73SNJCH,B0C73SNJCH,3SRWV9OX,60,DEPARTED,"Lemon Tree Fertilizer, Complete Lemon Tree Plant Food, 8 oz (250mL)",2,120,IUST,FBA19328NMF6,
2025-11-04T18:20:07,TPS-5-10-10FERT-1GALLON,B0FKSH6N7Y,B0FKSH6N7Y,3SRWV9OX,4,DEPARTED,"5-10-10 Fertilizer for Plants, Great for Root Vegetables, Tomatoes, and Flowers, Plant Fertilizer by TPS Plant Foods, 1 Gallon (128oz)",1,4,IUST,FBA19327J4ST,
2025-11-04T18:20:07,TPS-7-7-7FERT-1GALLON,B0FKSL8XQ8,B0FKSL8XQ8,3SRWV9OX,4,DEPARTED,"7-7-7 Fertilizer for Plants, Great for Vegetables, Flowers, and Shrubs, Liquid Plant Fertilizer by TPS Plant Foods, 1 Gallon (128oz)",1,4,IUST,FBA19327J4ST,
2025-11-04T18:20:07,TPSCMC8OZ-FBA-UPC-0124,B0CT66BTF2,B0CT66BTF2,5JT732XW,60,DEPARTED,"TPS NUTRIENTS Cal-Mag Complete, Calcium Magnesium Iron and Micronutrients Fertilizer and Supplement 8 oz (250mL)",1,60,IUST,FBA193821C4Q,
2025-11-04T18:20:07,TREE1G-FBA-UPC-0523,B0C73S6NFW,B0C73S6NFW,3SRWV9OX,4,DEPARTED,"TPS NUTRIENTS Tree Fertilizer for All Trees and Shrubs, Liquid Plant Food, 1 Gallon (128 oz)",2,8,IUST,FBA1930Y5RP0,
2025-11-04T18:36:01,LIQUIDPF1Q-FBA-UPC-0323,B0BRTJ3CCV,B0BRTJ3CCV,3SRWV9OX,12,DEPARTED,"Liquid Plant Food for use in AeroGarden, IDOO and Hydroponic Growing Systems, Liquid Fertilizer, 32 oz (1 Quart)",2,24,IUST,FBA19380CQ8M,2027-10-13
2025-11-04T18:36:01,TPS-HYDROPONICNUTRIENTS-1GAL,B0DQR1G3L9,B0DQR1G3L9,6KVMUIZE,4,DEPARTED,"Hydroponic Nutrients for Edible Plants, One Part Complete Liquid Plant Food for Hydroponic Systems, 1 Gallon (128 oz)",2,8,IUST,FBA19380CQ8M,
2025-11-04T18:44:05,CITRUS8OZ-FBA-UPC-0523,B0C73S6Q23,B0C73S6Q23,7K1K6ZWZ,60,DEPARTED,"Citrus Fertilizer for All Citrus and Fruiting Trees, Liquid Plant Food 8 oz (250mL)",2,120,IUST,FBA19380BYSW,
2025-11-04T18:44:05,HPINDOOR1G-FBA-UPC-0523,B0C6JYR3R8,B0C6JYR3R8,5JT732XW,4,DEPARTED,"TPS NUTRIENTS Indoor Plant Food for Houseplants, Liquid Fertilizer, 1 Gallon (128 oz)",1,4,IUST,FBA19380BYSW,
2025-11-04T18:44:05,TPS-HYDROPONICNUTRIENTS-1GAL,B0DQR1G3L9,B0DQR1G3L9,6KVMUIZE,4,DEPARTED,"Hydroponic Nutrients for Edible Plants, One Part Complete Liquid Plant Food for Hydroponic Systems, 1 Gallon (128 oz)",2,8,IUST,FBA19380BYSW,
2025-11-04T20:50:32,TPS-BULBFERTILIZER-8OZ,B0DPKYNLX7,B0DPKYNLX7,78VHKF2V,60,DEPARTED,"Bulb Fertilizer, Complete Liquid Bulb Plant Food for All Bulbous Plants, 8 oz (250mL)",1,60,IUSR,FBA193802WPB,
2025-11-04T21:46:38,APPLETREE1Q-FBA-UPC-0523,B0C73V8Z6G,B0C73V8Z6G,3S3HR6DZ,12,DEPARTED,"Apple Tree Fertilizer for All Apple, Pear, Nut and Fruit Trees, Liquid Plant Food, 32 oz (1 Quart)",1,12,IUSJ,FBA19381QC15,
2025-11-05T03:50:10,TPS-FERROUSULFATE-1GAL,B0DQTN4H2Y,B0DQTN4H2Y,8OLZOEGI,4,DEPARTED,"Ferrous Sulfate for Plants, Complete Iron and Sulfur Supplement for Healthy Growth, 1 Gallon (128 oz)",1,4,IUSL,FBA193573616,
2025-11-05T04:04:33,BCALMAG1Q-0224,B073ZNQWCM,B073ZNQWCM,5JT732XW,12,DEPARTED,"Bloom City Professional Grade Ultra Pure Cal-Mag Growing Fertilizer, Quart (32 oz)",9,108,IUST,FBA1926D5Q8J,
2025-11-05T04:04:33,LIQUIDPF1Q-FBA-UPC-0323,B0BRTJ3CCV,B0BRTJ3CCV,5JT732XW,12,DEPARTED,"Liquid Plant Food for use in AeroGarden, IDOO and Hydroponic Growing Systems, Liquid Fertilizer, 32 oz (1 Quart)",2,24,IUST,FBA1926BGNK2,2036-09-23
2025-11-05T04:04:33,PALMTREE8OZ-FBA-UPC-0523,B0C6Q7PL3S,B0C6Q7PL3S,5JT732XW,60,DEPARTED,"Palm Tree Fertilizer for All Palms and Ferns, Liquid Plant Food 8 oz (250mL)",1,60,IUST,FBA1926BXPM5,
2025-11-05T04:24:10,CACTUS8OZ-FBA-UPC-0523,B0C6R6KYGM,B0C6R6KYGM,3SRWV9OX,60,DEPARTED,"TPS NUTRIENTS Cactus Fertilizer for Cacti and All Desert Plants, Liquid Plant Food 8 oz (250mL)",1,60,IUST,FBA1930YK90F,
2025-11-05T04:24:10,HPSUCC8OZ-FBA-UPC-0123,B0BRTJ4PLB,B0BRTJ4PLB,3SRWV9OX,60,DEPARTED,"Succulent Plant Food for Succulents, Cactus, Jade and Aloe, Liquid Houseplant Fertilizer 8 oz (250mL)",1,60,IUST,FBA1930XCMKR,
2025-11-05T05:02:56,HIBISCUS8OZ-FBA-UPC-0523,B0C73RDD6N,B0C73RDD6N,43WAOH1U,60,DEPARTED,"Hibiscus Fertilizer for Tropical and Flowering Plants, Liquid Plant Food 8 oz (250mL)",1,60,IUSR,FBA19380QM5G,
2025-11-05T05:47:38,HIBISCUS8OZ-FBA-UPC-0523,B0C73RDD6N,B0C73RDD6N,43WAOH1U,60,DEPARTED,"Hibiscus Fertilizer for Tropical and Flowering Plants, Liquid Plant Food 8 oz (250mL)",1,60,IUSR,FBA19380MBNC,
2025-11-05T05:57:18,ARBORVITAE1Q-FBA-UPC-1123,B0CPGR5T5W,B0CPGR5T5W,3612UH1C,12,DEPARTED,"TPS NUTRIENTS Arborvitae Tree Fertilizer for All Arborvitaes, Evergreen Shrubs and Thuja Trees, Liquid Plant Food, 32 oz (1 Quart)",3,36,IUSR,FBA1932C1VRH,
2025-11-05T06:36:15,ULTRAKIT1Q-FBA-UPC-0123,B0BSR988VQ,B0BSR988VQ,41HBVNAX,6,DEPARTED,"TPS NUTRIENTS Ultra Grow and Ultra Bloom Set Complete Cycle Veg and Flowering Plant Fertilizer with All NPK Cal-Mag and Micros, Quarts (2X 32 oz)",1,6,IUSR,FBA193802WPB,
2025-11-05T09:18:51,HPSIL1Q-FBA-UPC-0124,B0CT6LLY7J,B0CT6LLY7J,6ZZJA95E,12,RECEIVED,"TPS NUTRIENTS Silica for Houseplants, Liquid Silicon Plant Food for Strong Stems and Healthy Leaves, Liquid Plant Fertilizer, 32 oz (1 Quart)",1,12,IUSL,STAR-UYYDN246W5TT2,
2025-11-05T09:18:51,LEMON1Q-FBA-UPC-0523,B0C73TCVFW,B0C73TCVFW,6ZZJA95E,12,RECEIVED,"Lemon Tree Fertilizer for Lemon Trees and Citrus, Liquid Plant Food, 32 oz (1 Quart)",8,96,IUSL,STAR-UYYDN246W5TT2,
2025-11-05T09:20:08,BWORM1G-0324,B07PHVYY87,B07PHVYY87,43WAOH1U,4,RECEIVED,"Organic Worm Tea Concentrate and Compost and Bokashi Booster by Bloom City, Gallon(128 oz)",6,24,IUSL,STAR-WE4PFHPP2G6YK,
2025-11-05T09:20:08,HPMONST1Q-FBA-UPC-0123,B0BRTKX9QR,B0BRTKX9QR,43WAOH1U,12,RECEIVED,"Monstera Plant Food for Monsteras and Philodendrons, Tropical Houseplant Liquid Fertilizer, 32 oz (1 Quart)",3,36,IUSL,STAR-WE4PFHPP2G6YK,
2025-11-05T09:20:08,TPSCMOAC1Q-FBA-UPC-0523,B07CWQNYYC,B07CWQNYYC,43WAOH1U,12,RECEIVED,"TPS NUTRIENTS Organic Cal-Mag OAC Plant Nutrient and Supplement, Plus Iron and Micronutrients 1 Quart (32 oz)",2,24,IUSL,STAR-WE4PFHPP2G6YK,
2025-11-05T09:20:08,TPSSIL1G-FBA-UPC-0323,B07CX79577,B07CX79577,43WAOH1U,4,RECEIVED,"TPS NUTRIENTS Silica Gold Plant Strength Nutrient and Supplement with Bioavailable Silicon, 1 Gallon (128 oz)",3,12,IUSL,STAR-WE4PFHPP2G6YK,
2025-11-05T14:32:34,LEMON8OZ-FBA-UPC-0523,B0C73SNJCH,B0C73SNJCH,5JT732XW,60,DEPARTED,"Lemon Tree Fertilizer, Complete Lemon Tree Plant Food, 8 oz (250mL)",1,60,IUST,FBA1926C0PPZ,
2025-11-05T14:32:34,TPS-HYDROPONICPLANTFOOD-QUART,B0DQSGQ15C,B0DQSGQ15C,5JT732XW,12,DEPARTED,"Hydroponic Plant Food, Complete One Part Liquid Hydroponic Fertilizer, 32 oz (1 Quart)",1,12,IUST,FBA1926CPYT7,
2025-11-05T14:43:41,CITRUS1Q-FBA-UPC-0523,B0C73RDHKR,B0C73RDHKR,5JT732XW,12,DEPARTED,"Citrus Fertilizer for All Citrus and Fruiting Trees, Liquid Plant Food, 32 oz (1 Quart)",1,12,IUST,FBA19380CQ8M,
2025-11-05T14:43:41,HPSIL8OZ-FBA-UPC-0124,B0CT668F19,B0CT668F19,5JT732XW,60,DEPARTED,"TPS NUTRIENTS Silica for Plants, Boost Strength & Resilience, Stronger Stems & Healthier Leaves - 8 oz (250mL)",1,60,IUST,FBA19380CQ8M,
2025-11-05T14:43:41,MANGOTREE1Q-FBA-UPC-1123,B0CPFYF25V,B0CPFYF25V,4U14ET2P,12,DEPARTED,"Mango Tree Fertilizer for All Mangoes and Anacardiaceae Trees, Liquid Plant Food, 32 oz (1 Quart)",1,12,IUST,FBA19380CQ8M,
2025-11-05T14:43:41,TPS-LOTUSFERTILIZER-8OZ,B0DQTQ31B4,B0DQTQ31B4,3SRWV9OX,60,DEPARTED,"Lotus Fertilizer, Complete Lotus Plant Food, 8 oz (250mL)",2,120,IUST,FBA19380CQ8M,
2025-11-05T14:45:03,CITRUS1G-FBA-UPC-0523,B0C73SW1WM,B0C73SW1WM,5JT732XW,4,DEPARTED,"Citrus Fertilizer for All Citrus and Fruiting Trees, Liquid Plant Food, 1 Gallon (128 oz)",1,4,IUST,FBA1926C0PPZ,
2025-11-05T14:45:03,TPS-AVOCADOTREE-1GAL,B0DPKKDR8G,B0DPKKDR8G,5JT732XW,4,DEPARTED,"Avocado Tree Fertilizer, Complete Liquid Avocado Plant Food, 1 Gallon (128 oz)",1,4,IUST,FBA1926C4DQ4,
2025-11-05T14:53:22,LEMON8OZ-FBA-UPC-0523,B0C73SNJCH,B0C73SNJCH,3SRWV9OX,60,DEPARTED,"Lemon Tree Fertilizer, Complete Lemon Tree Plant Food, 8 oz (250mL)",2,120,IUST,FBA19329D843,
2025-11-05T15:04:28,ARBORVITAE1G-FBA-UPC-1123,B0CPGJR1FV,B0CPGJR1FV,5JT732XW,4,DEPARTED,"Arborvitae Tree Fertilizer for All Arborvitaes, Evergreen Shrubs and Thuja Trees, Liquid Plant Food 1 Gallon (128oz)",1,4,IUST,FBA1926CLYR2,
2025-11-05T15:09:50,LEMON1G-FBA-UPC-0523,B0C73RCDCT,B0C73RCDCT,5JT732XW,4,DEPARTED,"Lemon Tree Fertilizer for Lemon Trees and Citrus, Liquid Plant Food, 1 Gallon (128 oz)",2,8,IUST,FBA1926BXPM5,
2025-11-05T15:09:58,TRIPLE10TREE8OZ,B0D4JFHCPP,B0D4JFHCPP,3SRWV9OX,60,DEPARTED,"TPS NUTRIENTS Liquid 10-10-10 Fertilizer for Trees and Shrubs, Triple Ten NPK Plus Iron and Micros, Liquid Plant Food 8 oz (250mL)",1,60,IUST,FBA19381896V,
2025-11-05T15:50:54,HPINDOOR8OZ-FBA-UPC-0123,B0BRTJB518,B0BRTJB518,5JT732XW,60,DEPARTED,"Indoor Plant Food, Liquid Fertilizer for Healthy Growth & Vibrant Foliage in Houseplants, by TPS Plant Foods, 8 oz (250 mL)",4,240,IUST,FBA1926B89BJ,
2025-11-05T15:53:48,TPS-5-10-10FERT-QUART,B0FKT82XBK,B0FKT82XBK,3SRWV9OX,12,DEPARTED,"5-10-10 Fertilizer for Plants, Great for Root Vegetables, Tomatoes, and Flowers, Plant Fertilizer by TPS Plant Foods, 32oz (1 Quart)",1,12,IUST,FBA1930P66GC,
2025-11-05T15:53:48,TPS-5-10-5FERT-QUART,B0FKT3R2DS,B0FKT3R2DS,3SRWV9OX,12,DEPARTED,"5-10-5 Fertilizer for Plants, Great for Root Vegetables, Fruiting Vegetables, and Flowers, Plant Fertilizer by TPS Plant Foods, 32oz (1 Quart)",1,12,IUST,FBA1930P66GC,
2025-11-05T15:53:48,TPS-7-7-7FERT-QUART,B0FKT3RRQ2,B0FKT3RRQ2,3SRWV9OX,12,DEPARTED,"7-7-7 Fertilizer for Plants, Great for Vegetables, Flowers, and Shrubs, Liquid Plant Fertilizer by TPS Plant Foods, 32oz (1 Quart)",1,12,IUST,FBA1930P66GC,
2025-11-05T16:20:56,TPSNPRI1G-FBA-UPC-0523,B07CWP26VY,B07CWP26VY,5JT732XW,4,DEPARTED,"TPS NUTRIENTS N-Primer Nitrogen Supplement for Fast Vegetative Growth, Promotes Dark Green Leaves Gallon (128 oz)",1,4,IUST,FBA1926D5Q8J,
2025-11-05T16:40:32,HIBISCUS8OZ-FBA-UPC-0523,B0C73RDD6N,B0C73RDD6N,43WAOH1U,60,DEPARTED,"Hibiscus Fertilizer for Tropical and Flowering Plants, Liquid Plant Food 8 oz (250mL)",1,60,IUSR,FBA19380PC4S,
2025-11-05T16:40:32,ULTRAKIT1Q-FBA-UPC-0123,B0BSR988VQ,B0BSR988VQ,41HBVNAX,6,DEPARTED,"TPS NUTRIENTS Ultra Grow and Ultra Bloom Set Complete Cycle Veg and Flowering Plant Fertilizer with All NPK Cal-Mag and Micros, Quarts (2X 32 oz)",1,6,IUSR,FBA19380PC4S,
2025-11-05T16:46:42,TPS-BOXWOOD-1GAL,B0DPKY7CXY,B0DPKY7CXY,5JT732XW,4,DEPARTED,"Boxwood Fertilizer, Complete Liquid Boxwood Shrub Plant Food, 1 Gallon (128 oz)",2,8,IUST,FBA1926C2RVC,
2025-11-05T16:46:42,TROPICAL8OZ-FBA-UPC-1123,B0CPGJ53JC,B0CPGJ53JC,5JT732XW,60,DEPARTED,"TPS NUTRIENTS Tropical Plant Fertilizer for All Tropical Indoor and Outdoor Plants, Liquid Plant Food 8 oz (250mL)",1,60,IUST,FBA192DHHTMF,
2025-11-03T13:34:25,HPMONST1G-FBA-UPC-0523,B0C6K2PMKL,B0C6K2PMKL,5JT732XW,4,DEPARTED,"Plant Food for Monsteras and Philodendrons, Tropical Houseplant Liquid Fertilizer, 1 Gallon (128 oz)",1,4,IUST,FBA192DDCFMD,
2025-11-03T13:34:25,HPMONST8OZ-FBA-UPC-0123,B0BRTK1P8Z,B0BRTK1P8Z,5JT732XW,60,DEPARTED,"Monstera Plant Food for Monsteras and Philodendrons, Tropical Houseplant Liquid Fertilizer 8 oz (250mL)",6,360,IUST,FBA192DK6LKM,
2025-11-03T13:34:25,LIQUIDPF8OZ-FBA-UPC-0123,B0BRTKV4TC,B0BRTKV4TC,5JT732XW,60,DEPARTED,"Liquid Plant Food for use in AeroGarden, IDOO and Hydroponic Growing Systems, Liquid Fertilizer 8 oz (250mL)",3,180,IUST,FBA192DK6LKM,
2025-11-03T13:34:25,XMASCACTUS8OZ-FBA-UPC-1123,B0CPGGCRT8,B0CPGGCRT8,5JT732XW,60,DEPARTED,"TPS NUTRIENTS Christmas Cactus Fertilizer for All Christmas Cacti and Schlumbergera Cacti, Liquid Plant Food 8 oz (250mL)",1,60,IUST,FBA192C3VF6B,
2025-11-03T13:34:25,XMASCACTUS8OZ-FBA-UPC-1123,B0CPGGCRT8,B0CPGGCRT8,5JT732XW,60,DEPARTED,"TPS NUTRIENTS Christmas Cactus Fertilizer for All Christmas Cacti and Schlumbergera Cacti, Liquid Plant Food 8 oz (250mL)",2,120,IUST,FBA192DK6LKM,
2025-11-03T13:56:18,TPS-5-10-10FERT-QUART,B0FKT82XBK,B0FKT82XBK,3SRWV9OX,12,DEPARTED,"5-10-10 Fertilizer for Plants, Great for Root Vegetables, Tomatoes, and Flowers, Plant Fertilizer by TPS Plant Foods, 32oz (1 Quart)",1,12,IUST,FBA193291ZQS,
2025-11-03T13:56:18,TPS-5-5-5FERTILIZER-QUART,B0FKS85TJP,B0FKS85TJP,3SRWV9OX,12,DEPARTED,"5-5-5 Fertilizer for Plants, Great for Vegetables, Flowers, and Shrubs, Liquid Plant Fertilizer by TPS Plant Foods, 32oz (1 Quart)",1,12,IUST,FBA19329LY5T,
2025-11-03T17:52:02,BKELP1G-0224,B073ZNW5CK,B073ZNW5CK,41HBVNAX,4,DEPARTED,Bloom City Organic Liquid Seaweed and Kelp Fertilizer Supplement (128 oz) Concentrated Makes 750 Gallons,1,4,IUSR,FBA1932CJRHP,
2025-11-03T19:02:36,BHUMIC1Q-1224,B077SXQ1QT,B077SXQ1QT,5JT732XW,12,DEPARTED,"Bloom City Organic Liquid Humic Soil Health Formula, Great for Houseplants, Gardens and Lawns, Quart (32 oz) Concentrated Makes 30+ Gallons",1,12,IUST,FBA1926CQRB7,
2025-11-03T19:02:36,HPINDOOR8OZ-FBA-UPC-0123,B0BRTJB518,B0BRTJB518,5JT732XW,60,DEPARTED,"Indoor Plant Food, Liquid Fertilizer for Healthy Growth & Vibrant Foliage in Houseplants, by TPS Plant Foods, 8 oz (250 mL)",3,180,IUST,FBA1926BR6N4,
2025-11-03T19:02:36,HPMONST1Q-FBA-UPC-0123,B0BRTKX9QR,B0BRTKX9QR,5JT732XW,12,DEPARTED,"Monstera Plant Food for Monsteras and Philodendrons, Tropical Houseplant Liquid Fertilizer, 32 oz (1 Quart)",2,24,IUST,FBA1926D5SLS,
2025-11-03T19:02:36,TPS-DRAGONFRUITFERT-QUART,B0FLWTR5C6,B0FLWTR5C6,3SRWV9OX,12,DEPARTED,"Dragon Fruit Fertilizer for Dragon Fruit, Great for Red, White, and Yellow Dragon Fruit Varieties, Liquid Fertilizer by TPS Plant Foods, 32 oz (1 Quart)",1,12,IUST,FBA19328MPYM,
2025-11-03T19:02:36,TPS-PINEAPPLEFERT-QUART,B0FLWTCJZP,B0FLWTCJZP,3SRWV9OX,12,DEPARTED,"Pineapple Fertilizer for Pineapple Plants, Supports Fruit Production and Indoor/Outdoor Success, Liquid Fertilizer by TPS Plant Foods, 32 oz (1 Quart)",1,12,IUST,FBA19328MDKN,
2025-11-03T19:02:36,TPSSIL8OZ-FBA-UPC-0124,B0CT6W7R81,B0CT6W7R81,5JT732XW,60,DEPARTED,TPS NUTRIENTS Silica Gold Plant Strength Nutrient and Supplement with Bioavailable Silicon 8 oz (250mL),1,60,IUST,FBA1926BY7XY,
2025-11-03T19:02:36,XMASCACTUS8OZ-FBA-UPC-1123,B0CPGGCRT8,B0CPGGCRT8,5JT732XW,60,DEPARTED,"TPS NUTRIENTS Christmas Cactus Fertilizer for All Christmas Cacti and Schlumbergera Cacti, Liquid Plant Food 8 oz (250mL)",3,180,IUST,FBA192C583KH,
2025-11-03T21:39:07,TPSROOTB1G,B07CWNRS9C,B07CWNRS9C,5JT732XW,4,DEPARTED,"TPS NUTRIENTS Root Boost Advanced Rooting Formula for Living Soil and White Roots, Plus Microbes, 1 Gallon (128 oz)",1,4,IUST,FBA192Y3KGT1,
2025-11-03T21:39:07,XMASCACTUS8OZ-FBA-UPC-1123,B0CPGGCRT8,B0CPGGCRT8,5JT732XW,60,DEPARTED,"TPS NUTRIENTS Christmas Cactus Fertilizer for All Christmas Cacti and Schlumbergera Cacti, Liquid Plant Food 8 oz (250mL)",1,60,IUST,FBA192C3VF6B,
2025-11-03T22:16:00,APPLETREE1Q-FBA-UPC-0523,B0C73V8Z6G,B0C73V8Z6G,3S3HR6DZ,12,DEPARTED,"Apple Tree Fertilizer for All Apple, Pear, Nut and Fruit Trees, Liquid Plant Food, 32 oz (1 Quart)",1,12,IUSJ,FBA1932C8G3B,
2025-11-03T22:16:00,PEACH1Q-FBA-UPC-1123,B0CPG1FX9T,B0CPG1FX9T,2DIEZZOO,12,DEPARTED,"Peach Tree Fertilizer for All Peach, Nectarine and Stone Fruit Trees, Liquid Plant Food, 32 oz (1 Quart)",1,12,IUSJ,FBA192P4YM0V,
2025-11-04T02:22:09,LEMON8OZ-FBA-UPC-0523,B0C73SNJCH,B0C73SNJCH,3SRWV9OX,60,DEPARTED,"Lemon Tree Fertilizer, Complete Lemon Tree Plant Food, 8 oz (250mL)",2,120,IUST,FBA19327Z7QB,
2025-11-04T02:22:09,PALMTREE8OZ-FBA-UPC-0523,B0C6Q7PL3S,B0C6Q7PL3S,3SRWV9OX,60,DEPARTED,"Palm Tree Fertilizer for All Palms and Ferns, Liquid Plant Food 8 oz (250mL)",1,60,IUST,FBA19327NKF9,
2025-11-04T02:22:09,TPS-PINEAPPLEFERT-QUART,B0FLWTCJZP,B0FLWTCJZP,3SRWV9OX,12,DEPARTED,"Pineapple Fertilizer for Pineapple Plants, Supports Fruit Production and Indoor/Outdoor Success, Liquid Fertilizer by TPS Plant Foods, 32 oz (1 Quart)",1,12,IUST,FBA1930P178C,
2025-11-04T02:59:14,PEACH1Q-FBA-UPC-1123,B0CPG1FX9T,B0CPG1FX9T,5ROHXAGO,12,DEPARTED,"Peach Tree Fertilizer for All Peach, Nectarine and Stone Fruit Trees, Liquid Plant Food, 32 oz (1 Quart)",1,12,IUSP,FBA192ZC5KWY,
2025-11-04T03:07:41,HPSIL1G-FBA-UPC-0124,B0CT6TSRZ8,B0CT6TSRZ8,5JT732XW,4,DEPARTED,"TPS NUTRIENTS Silica for Houseplants, Liquid Silicon Plant Food for Strong Stems and Healthy Leaves, Liquid Plant Fertilizer 1 Gallon (128oz)",1,4,IUST,FBA1926CHK8D,
2025-11-04T03:07:41,TPS-GUAVATREEFERT-1GALLON,B0FKMTST9B,B0FKMTST9B,3SRWV9OX,4,DEPARTED,"Guava Tree Fertilizer for Guava Trees, Great for White, Pink, and Red Guava Varieties, Liquid Fertilizer by TPS Plant Foods, 1 Gallon (128 oz)",3,12,IUST,FBA1930WDS87,
2025-11-04T03:07:41,TPSNPRI1G-FBA-UPC-0523,B07CWP26VY,B07CWP26VY,5JT732XW,4,DEPARTED,"TPS NUTRIENTS N-Primer Nitrogen Supplement for Fast Vegetative Growth, Promotes Dark Green Leaves Gallon (128 oz)",1,4,IUST,FBA1926D5Q8J,
2025-11-04T03:07:41,TPSSIL1G-FBA-UPC-0323,B07CX79577,B07CX79577,5JT732XW,4,DEPARTED,"TPS NUTRIENTS Silica Gold Plant Strength Nutrient and Supplement with Bioavailable Silicon, 1 Gallon (128 oz)",5,20,IUST,FBA1926D5Q8J,
2025-11-04T03:12:26,ARBORVITAE1G-FBA-UPC-1123,B0CPGJR1FV,B0CPGJR1FV,5JT732XW,4,DEPARTED,"Arborvitae Tree Fertilizer for All Arborvitaes, Evergreen Shrubs and Thuja Trees, Liquid Plant Food 1 Gallon (128oz)",13,52,IUST,FBA1926CLYR2,
2025-11-04T03:12:26,LEMON8OZ-FBA-UPC-0523,B0C73SNJCH,B0C73SNJCH,5JT732XW,60,DEPARTED,"Lemon Tree Fertilizer, Complete Lemon Tree Plant Food, 8 oz (250mL)",1,60,IUST,FBA1926C0PPZ,
2025-11-04T03:12:26,TPS-JUNIPERFERT-QUART,B0FKMQTFNN,B0FKMQTFNN,5JT732XW,12,DEPARTED,"Juniper Fertilizer for Juniper Trees, Great for All Varieities Including Creeping, Common, and Chinese, Liquid Fertilizer by TPS Plant Foods, 32 oz (1 Quart)",1,12,IUST,FBA1926CTR04,
2025-11-04T03:12:26,TPS-WILLOWTREEFERT-8OZ,B0FKMK8MK2,B0FKMK8MK2,5JT732XW,60,DEPARTED,"Willow Fertilizer for Willow Trees, Great for Weeping Willow, Corkscrew Willow, and Dappled Willow, Liquid Fertilizer by TPS Plant Foods, 8 oz (250 ml)",1,60,IUST,FBA1926BSRCH,
2025-11-04T04:57:45,ARBORVITAE1Q-FBA-UPC-1123,B0CPGR5T5W,B0CPGR5T5W,3612UH1C,12,DEPARTED,"TPS NUTRIENTS Arborvitae Tree Fertilizer for All Arborvitaes, Evergreen Shrubs and Thuja Trees, Liquid Plant Food, 32 oz (1 Quart)",3,36,IUSR,FBA1932CJRHP,
2025-11-04T05:21:28,APPLETREE1Q-FBA-UPC-0523,B0C73V8Z6G,B0C73V8Z6G,3S3HR6DZ,12,DEPARTED,"Apple Tree Fertilizer for All Apple, Pear, Nut and Fruit Trees, Liquid Plant Food, 32 oz (1 Quart)",1,12,IUSJ,FBA19381CSF1,
2025-11-04T06:09:52,TPS-PEACELILY-8OZ,B0DQSMMLPL,B0DQSMMLPL,45G18IKB,60,DEPARTED,"Peace Lily Fertilizer, Complete Liquid Peace Lily Plant Food, 8 oz (250mL)",1,60,IUSR,FBA19380MBNC,
2025-11-04T06:09:52,TPSROOTB1Q,B07CWPPS52,B07CWPPS52,41HBVNAX,12,DEPARTED,"TPS NUTRIENTS Root Boost Advanced Rooting Formula for Living Soil and White Roots, Plus Microbes 1 Quart (32 oz)",1,12,IUSR,FBA19380MBNC,
2025-11-04T06:19:29,SUPPNITRO8OZ,B0D4JHC532,B0D4JHC532,4NTX8SEV,60,DEPARTED,"TPS NUTRIENTS Nitrogen for Plants, Tri-Source N Nitrogen for Lush Green Growth, Liquid Plant Fertilizer 8 oz (250mL), SUPPNITRO8OZ",1,60,IUSF,FBA19380Z5Z5,
2025-11-04T06:27:06,ARBORVITAE1G-FBA-UPC-1123,B0CPGJR1FV,B0CPGJR1FV,5JT732XW,4,DEPARTED,"Arborvitae Tree Fertilizer for All Arborvitaes, Evergreen Shrubs and Thuja Trees, Liquid Plant Food 1 Gallon (128oz)",6,24,IUST,FBA1926CLYR2,
2025-11-04T06:27:06,CITRUS1G-FBA-UPC-0523,B0C73SW1WM,B0C73SW1WM,5JT732XW,4,DEPARTED,"Citrus Fertilizer for All Citrus and Fruiting Trees, Liquid Plant Food, 1 Gallon (128 oz)",1,4,IUST,FBA1926C0PPZ,
2025-11-04T06:27:06,LEMON8OZ-FBA-UPC-0523,B0C73SNJCH,B0C73SNJCH,5JT732XW,60,DEPARTED,"Lemon Tree Fertilizer, Complete Lemon Tree Plant Food, 8 oz (250mL)",1,60,IUST,FBA1926C0PPZ,
2025-11-04T06:27:06,TPS-CREPEMYRTLE-1GAL,B0DPM95P6P,B0DPM95P6P,5JT732XW,4,DEPARTED,"Crepe Myrtle Fertilizer, Complete Liquid Crepe Myrtle Tree Plant Food, 1 Gallon (128 oz)",1,4,IUST,FBA1926C2RVC,
2025-11-04T06:27:06,TPS-JAPANESEMAPLE-1GAL,B0DQSMMF79,B0DQSMMF79,5JT732XW,4,DEPARTED,"Japanese Maple Fertilizer, Complete Liquid Plant Food for All Japanese Maple Tree Varietals, 1 Gallon (128 oz)",1,4,IUST,FBA1926BK9JC,
2025-11-04T06:27:06,TPS-PINETREE-1GAL,B0DQT8YTY5,B0DQT8YTY5,7K1K6ZWZ,4,DEPARTED,"Pine Tree Fertilizer, Complete Liquid Pine Tree Plant Food, 1 Gallon (128 oz)",2,8,IUST,FBA19380BYSW,
2025-11-04T06:34:27,ARBORVITAE1G-FBA-UPC-1123,B0CPGJR1FV,B0CPGJR1FV,3SRWV9OX,4,DEPARTED,"Arborvitae Tree Fertilizer for All Arborvitaes, Evergreen Shrubs and Thuja Trees, Liquid Plant Food 1 Gallon (128oz)",5,20,IUST,FBA193802WQM,
2025-11-04T06:34:27,BKELP8OZ-0724,B08JHHFZVG,B08JHHFZVG,3SRWV9OX,60,DEPARTED,"Organic Liquid Seaweed and Kelp Fertilizer Supplement by Bloom City, (8 oz) Concentrated Makes 45 Gallons",3,180,IUST,FBA193802WQM,
2025-11-04T06:34:27,FICUSTREE1G-FBA-UPC-1123,B0CPGGD5K8,B0CPGGD5K8,3SRWV9OX,4,DEPARTED,"Ficus Tree Fertilizer for All Ficus, Fig and Moraceae Plants, Liquid Plant Food 1 Gallon (128oz)",2,8,IUST,FBA193802WQM,
2025-11-04T06:34:27,HPHERB1Q-FBA-UPC-0123,B0BRTJC59Q,B0BRTJC59Q,3SRWV9OX,12,DEPARTED,"Herb Plant Food for All Edible Herbs, Leafy Greens and Veggies, Liquid Houseplant Fertilizer, 32 oz (1 Quart)",1,12,IUST,FBA193802WQM,
2025-11-04T06:34:27,HPMONST1G-FBA-UPC-0523,B0C6K2PMKL,B0C6K2PMKL,3SRWV9OX,4,DEPARTED,"Plant Food for Monsteras and Philodendrons, Tropical Houseplant Liquid Fertilizer, 1 Gallon (128 oz)",1,4,IUST,FBA193802WQM,
2025-11-04T06:34:27,HPMONST8OZ-FBA-UPC-0123,B0BRTK1P8Z,B0BRTK1P8Z,3SRWV9OX,60,DEPARTED,"Monstera Plant Food for Monsteras and Philodendrons, Tropical Houseplant Liquid Fertilizer 8 oz (250mL)",8,480,IUST,FBA193802WQM,
2025-11-04T06:34:27,LEMON1G-FBA-UPC-0523,B0C73RCDCT,B0C73RCDCT,3SRWV9OX,4,DEPARTED,"Lemon Tree Fertilizer for Lemon Trees and Citrus, Liquid Plant Food, 1 Gallon (128 oz)",1,4,IUST,FBA193802WQM,
2025-11-04T06:34:27,LIMETREE8OZ-FBA-UPC-1123,B0CPG8WFCX,B0CPG8WFCX,3SRWV9OX,60,DEPARTED,"Lime Tree Fertilizer for All Lime and Citrus Trees, Liquid Plant Food 8 oz (250mL)",1,60,IUST,FBA193802WQM,
2025-11-04T06:34:27,LIQUIDPF1Q-FBA-UPC-0323,B0BRTJ3CCV,B0BRTJ3CCV,3SRWV9OX,12,DEPARTED,"Liquid Plant Food for use in AeroGarden, IDOO and Hydroponic Growing Systems, Liquid Fertilizer, 32 oz (1 Quart)",3,36,IUST,FBA193802WQM,2027-10-13
2025-11-04T06:34:27,LIQUIDPF8OZ-FBA-UPC-0123,B0BRTKV4TC,B0BRTKV4TC,3SRWV9OX,60,DEPARTED,"Liquid Plant Food for use in AeroGarden, IDOO and Hydroponic Growing Systems, Liquid Fertilizer 8 oz (250mL)",5,300,IUST,FBA193802WQM,
2025-11-04T06:34:27,MANGOTREE1Q-FBA-UPC-1123,B0CPFYF25V,B0CPFYF25V,4U14ET2P,12,DEPARTED,"Mango Tree Fertilizer for All Mangoes and Anacardiaceae Trees, Liquid Plant Food, 32 oz (1 Quart)",1,12,IUST,FBA193802WQM,
2025-11-04T06:34:27,PALMTREE8OZ-FBA-UPC-0523,B0C6Q7PL3S,B0C6Q7PL3S,3SRWV9OX,60,DEPARTED,"Palm Tree Fertilizer for All Palms and Ferns, Liquid Plant Food 8 oz (250mL)",2,120,IUST,FBA193802WQM,
2025-11-04T06:34:27,TPS-AVOCADOTREE-QUART,B0DPKJN89B,B0DPKJN89B,6FE2FM6Y,12,DEPARTED,"Avocado Tree Fertilizer, Complete Liquid Avocado Plant Food, 32 oz (1 Quart)",1,12,IUST,FBA193802WQM,
2025-11-04T06:34:27,TPSBILLIONS8OZ,B09P2JPHZ6,B09P2JPHZ6,3SRWV9OX,40,DEPARTED,"TPS NUTRIENTS Billions Concentrated Microbial Root Enhancer, 100% Water-Soluble with Mycorrhizae, Bacteria and Trichoderma, 8 oz (1/2 Pound)",1,40,IUST,FBA193802WQM,
2025-11-04T06:34:27,TRIPLE10VEG8OZ,B0D4JHN28P,B0D4JHN28P,5JT732XW,60,DEPARTED,"TPS NUTRIENTS Liquid 10-10-10 Fertilizer for Vegetables, Triple Ten NPK Plus Iron and Micros, Liquid Plant Food 8 oz (250mL)",1,60,IUST,FBA193802WQM,
2025-11-02T12:16:36,BKELP1G-0224,B073ZNW5CK,B073ZNW5CK,41HBVNAX,4,DEPARTED,Bloom City Organic Liquid Seaweed and Kelp Fertilizer Supplement (128 oz) Concentrated Makes 750 Gallons,5,20,IUSR,FBA192DJ0WTY,
2025-11-02T12:16:36,BKELP1Q-0224,B073ZNW8MX,B073ZNW8MX,41HBVNAX,12,DEPARTED,"Bloom City Organic Liquid Seaweed and Kelp Fertilizer Supplement, Quart (32 oz) Concentrated Makes 180 Gallons",4,48,IUSR,FBA192DJ0WTY,
2025-11-02T17:45:23,TPS-CLOVERFERT-QUART,B0FKST1F77,B0FKST1F77,3SRWV9OX,12,DEPARTED,"Clover Fertilizer for Clover Lawns, Great for Microclover and Dutch White Clover, Liquid Fertilizer by TPS Plant Foods, 32oz (1 Quart)",1,12,IUST,FBA19329MF8K,
2025-11-02T17:45:44,LIQUIDPF8OZ-FBA-UPC-0123,B0BRTKV4TC,B0BRTKV4TC,5JT732XW,60,DEPARTED,"Liquid Plant Food for use in AeroGarden, IDOO and Hydroponic Growing Systems, Liquid Fertilizer 8 oz (250mL)",1,60,IUST,FBA192DJ0WVL,
2025-11-02T18:32:42,TPS-DRAGONFRUITFERT-QUART,B0FLWTR5C6,B0FLWTR5C6,3SRWV9OX,12,DEPARTED,"Dragon Fruit Fertilizer for Dragon Fruit, Great for Red, White, and Yellow Dragon Fruit Varieties, Liquid Fertilizer by TPS Plant Foods, 32 oz (1 Quart)",1,12,IUST,FBA19328JHD5,
2025-11-02T18:32:42,TROPICAL8OZ-FBA-UPC-1123,B0CPGJ53JC,B0CPGJ53JC,5JT732XW,60,DEPARTED,"TPS NUTRIENTS Tropical Plant Fertilizer for All Tropical Indoor and Outdoor Plants, Liquid Plant Food 8 oz (250mL)",1,60,IUST,FBA192DK6LKM,
2025-11-02T19:37:44,BHUMIC1G-0224,B077SXRN15,B077SXRN15,7ER7L29C,4,DEPARTED,"Organic Liquid Humic Soil Health Formula, Great for Houseplants, Gardens and Lawns, by Bloom City, Gallon (128 oz) Concentrated Makes 120+ Gallons",1,4,IUSR,FBA1930X51RP,
2025-11-02T19:37:44,BHUMIC1G-0224,B077SXRN15,B077SXRN15,7ER7L29C,4,DEPARTED,"Organic Liquid Humic Soil Health Formula, Great for Houseplants, Gardens and Lawns, by Bloom City, Gallon (128 oz) Concentrated Makes 120+ Gallons",1,4,IUSR,FBA19329MQ6Z,
2025-11-02T19:37:44,BHUMIC1G-0224,B077SXRN15,B077SXRN15,7ER7L29C,4,DEPARTED,"Organic Liquid Humic Soil Health Formula, Great for Houseplants, Gardens and Lawns, by Bloom City, Gallon (128 oz) Concentrated Makes 120+ Gallons",1,4,IUSR,FBA1932CJRHP,
2025-11-02T20:44:38,TPS-JAPANESEMAPLE-1GAL,B0DQSMMF79,B0DQSMMF79,3SRWV9OX,4,DEPARTED,"Japanese Maple Fertilizer, Complete Liquid Plant Food for All Japanese Maple Tree Varietals, 1 Gallon (128 oz)",2,8,IUST,FBA1930WZC9C,
2025-11-03T00:15:53,XMASCACTUS8OZ-FBA-UPC-1123,B0CPGGCRT8,B0CPGGCRT8,5JT732XW,60,DEPARTED,"TPS NUTRIENTS Christmas Cactus Fertilizer for All Christmas Cacti and Schlumbergera Cacti, Liquid Plant Food 8 oz (250mL)",3,180,IUST,FBA192P489PJ,
2025-11-03T00:15:53,XMASCACTUS8OZ-FBA-UPC-1123,B0CPGGCRT8,B0CPGGCRT8,5JT732XW,60,DEPARTED,"TPS NUTRIENTS Christmas Cactus Fertilizer for All Christmas Cacti and Schlumbergera Cacti, Liquid Plant Food 8 oz (250mL)",1,60,IUST,FBA192SB7NH3,
2025-11-03T03:46:52,BHUMIC1G-0224,B077SXRN15,B077SXRN15,7ER7L29C,4,DEPARTED,"Organic Liquid Humic Soil Health Formula, Great for Houseplants, Gardens and Lawns, by Bloom City, Gallon (128 oz) Concentrated Makes 120+ Gallons",1,4,IUSR,FBA192Y3JJYV,
2025-11-03T04:24:51,TPS-FERROUSULFATE-1GAL,B0DQTN4H2Y,B0DQTN4H2Y,8OLZOEGI,4,DEPARTED,"Ferrous Sulfate for Plants, Complete Iron and Sulfur Supplement for Healthy Growth, 1 Gallon (128 oz)",1,4,IUSL,FBA19357387L,
2025-11-03T04:24:51,TPS-ROSEBUSH-QUART,B0DQ81FCQV,B0DQ81FCQV,8OLZOEGI,12,DEPARTED,"Rose Bush Fertilizer, Complete Liquid Rose Bush Plant Food, 32 oz (1 Quart)",1,12,IUSL,FBA19357387L,
2025-11-03T04:52:13,BHUMIC1Q-1224,B077SXQ1QT,B077SXQ1QT,5JT732XW,12,DEPARTED,"Bloom City Organic Liquid Humic Soil Health Formula, Great for Houseplants, Gardens and Lawns, Quart (32 oz) Concentrated Makes 30+ Gallons",2,24,IUST,FBA1926BNSG5,
2025-11-03T04:52:13,HPMONST1Q-FBA-UPC-0123,B0BRTKX9QR,B0BRTKX9QR,5JT732XW,12,DEPARTED,"Monstera Plant Food for Monsteras and Philodendrons, Tropical Houseplant Liquid Fertilizer, 32 oz (1 Quart)",3,36,IUST,FBA1926C59GS,
2025-11-03T04:52:13,TPSSIL8OZ-FBA-UPC-0124,B0CT6W7R81,B0CT6W7R81,5JT732XW,60,DEPARTED,TPS NUTRIENTS Silica Gold Plant Strength Nutrient and Supplement with Bioavailable Silicon 8 oz (250mL),1,60,IUST,FBA1926C7R0Q,
2025-11-03T05:36:13,HPFIG1Q-FBA-UPC-0123,B0BRTJJ987,B0BRTJJ987,24P84RPC,12,DEPARTED,"Fiddle Leaf Fig Plant Food for All Fig and Other Ficus Trees, Liquid Houseplant Fertilizer, 32 oz (1 Quart)",1,12,IUSJ,FBA19327QMJD,
2025-11-03T06:15:42,TPS-MAGNOLIATREE-1GAL,B0DQSHFZDV,B0DQSHFZDV,5JT732XW,4,DEPARTED,"Magnolia Tree Fertilizer, Complete Liquid Magnolia Tree Plant Food, 1 Gallon (128 oz)",1,4,IUST,FBA1932C8QR2,
2025-11-03T07:04:52,APPLETREE1Q-FBA-UPC-0523,B0C73V8Z6G,B0C73V8Z6G,3S3HR6DZ,12,DEPARTED,"Apple Tree Fertilizer for All Apple, Pear, Nut and Fruit Trees, Liquid Plant Food, 32 oz (1 Quart)",1,12,IUSJ,FBA1933SZ8QP,
2025-11-03T07:08:43,TPS-4-4-4FERT-QUART,B0FKSX9Y7M,B0FKSX9Y7M,3SRWV9OX,12,DEPARTED,"4-4-4 Fertilizer for Plants, Great for Leafy Vegetables and Herbs, Liquid Plant Fertilizer by TPS Plant Foods, 32oz (1 Quart)",1,12,IUST,FBA1930XS475,
2025-11-03T07:08:43,TPS-5-5-5FERTILIZER-QUART,B0FKS85TJP,B0FKS85TJP,3SRWV9OX,12,DEPARTED,"5-5-5 Fertilizer for Plants, Great for Vegetables, Flowers, and Shrubs, Liquid Plant Fertilizer by TPS Plant Foods, 32oz (1 Quart)",1,12,IUST,FBA1930WF4Y5,
2025-11-03T07:08:43,TPS-8-8-8FERT-QUART,B0FKSYTZBJ,B0FKSYTZBJ,3SRWV9OX,12,DEPARTED,"8-8-8 Fertilizer for Plants, Great for Shrubs, Vegetables, and Flowers, Plant Fertilizer by TPS Plant Foods, 32oz (1 Quart)",1,12,IUST,FBA1930XS475,
2025-11-01T07:48:50,ARBORVITAE1Q-FBA-UPC-1123,B0CPGR5T5W,B0CPGR5T5W,3612UH1C,12,DEPARTED,"TPS NUTRIENTS Arborvitae Tree Fertilizer for All Arborvitaes, Evergreen Shrubs and Thuja Trees, Liquid Plant Food, 32 oz (1 Quart)",2,24,IUSR,FBA1932D2Y49,
2025-11-01T12:15:18,TPSROOTB1G,B07CWNRS9C,B07CWNRS9C,5JT732XW,4,DEPARTED,"TPS NUTRIENTS Root Boost Advanced Rooting Formula for Living Soil and White Roots, Plus Microbes, 1 Gallon (128 oz)",1,4,IUST,FBA1932D0Z6X,
2025-11-01T14:37:58,TREE1G-FBA-UPC-0523,B0C73S6NFW,B0C73S6NFW,3SRWV9OX,4,DEPARTED,"TPS NUTRIENTS Tree Fertilizer for All Trees and Shrubs, Liquid Plant Food, 1 Gallon (128 oz)",1,4,IUST,FBA19328M2VC,
2025-11-01T15:15:21,TPS-THUJAGREENGIANT-QUART,B0FKM9SMRR,B0FKM9SMRR,3SRWV9OX,12,DEPARTED,"Thuja Green Giant Fertilizer, Vigorous Growth for Thuja Green Giant and Other Arborvitae Varieties, Liquid Fertilizer by TPS Plant Foods, 32 oz (1 Quart)",1,12,IUST,FBA1930W1R70,
2025-11-01T15:15:35,TPS-THUJAGREENGIANT-QUART,B0FKM9SMRR,B0FKM9SMRR,3SRWV9OX,12,DEPARTED,"Thuja Green Giant Fertilizer, Vigorous Growth for Thuja Green Giant and Other Arborvitae Varieties, Liquid Fertilizer by TPS Plant Foods, 32 oz (1 Quart)",1,12,IUST,FBA19328YW39,
2025-11-01T15:26:18,BHUMIC1G-0224,B077SXRN15,B077SXRN15,7ER7L29C,4,DEPARTED,"Organic Liquid Humic Soil Health Formula, Great for Houseplants, Gardens and Lawns, by Bloom City, Gallon (128 oz) Concentrated Makes 120+ Gallons",1,4,IUSR,FBA1932C5PK2,
2025-11-01T15:34:35,LIQUIDPF1Q-FBA-UPC-0323,B0BRTJ3CCV,B0BRTJ3CCV,3SRWV9OX,12,DEPARTED,"Liquid Plant Food for use in AeroGarden, IDOO and Hydroponic Growing Systems, Liquid Fertilizer, 32 oz (1 Quart)",1,12,IUST,FBA1930Y3M1V,2027-10-13
2025-11-01T16:02:39,LIQUIDPF1Q-FBA-UPC-0323,B0BRTJ3CCV,B0BRTJ3CCV,3SRWV9OX,12,DEPARTED,"Liquid Plant Food for use in AeroGarden, IDOO and Hydroponic Growing Systems, Liquid Fertilizer, 32 oz (1 Quart)",1,12,IUST,FBA19327WG9M,2027-10-13
2025-11-01T16:02:41,LIQUIDPF1Q-FBA-UPC-0323,B0BRTJ3CCV,B0BRTJ3CCV,3SRWV9OX,12,DEPARTED,"Liquid Plant Food for use in AeroGarden, IDOO and Hydroponic Growing Systems, Liquid Fertilizer, 32 oz (1 Quart)",1,12,IUST,FBA19327WG9M,2027-10-13
2025-11-01T16:02:55,HPMONST1Q-FBA-UPC-0123,B0BRTKX9QR,B0BRTKX9QR,3SRWV9OX,12,DEPARTED,"Monstera Plant Food for Monsteras and Philodendrons, Tropical Houseplant Liquid Fertilizer, 32 oz (1 Quart)",1,12,IUST,FBA19328KDYB,
2025-11-01T16:15:16,BKELP1G-0224,B073ZNW5CK,B073ZNW5CK,41HBVNAX,4,DEPARTED,Bloom City Organic Liquid Seaweed and Kelp Fertilizer Supplement (128 oz) Concentrated Makes 750 Gallons,3,12,IUSR,FBA1932C1VRH,
2025-11-01T17:13:07,TPS-ROSEBUSH-QUART,B0DQ81FCQV,B0DQ81FCQV,8OLZOEGI,12,DEPARTED,"Rose Bush Fertilizer, Complete Liquid Rose Bush Plant Food, 32 oz (1 Quart)",1,12,IUSL,FBA19358H8HK,
2025-11-01T18:30:53,TROPICAL8OZ-FBA-UPC-1123,B0CPGJ53JC,B0CPGJ53JC,5JT732XW,60,DEPARTED,"TPS NUTRIENTS Tropical Plant Fertilizer for All Tropical Indoor and Outdoor Plants, Liquid Plant Food 8 oz (250mL)",1,60,IUST,FBA192C3VF6B,
2025-11-01T18:49:55,TPSBASEAB1G,B07CWPKH72,B07CWPKH72,3SRWV9OX,2,DEPARTED,"TPS Base A+B Two Part Set Complete Plant Growing Nutrient Formula for All Plants, for Both Soil and Hydro, Gallon Set (2 x 128 oz)",1,2,IUST,FBA193290V7S,
2025-11-01T19:54:58,LIQUIDPF1Q-FBA-UPC-0323,B0BRTJ3CCV,B0BRTJ3CCV,3SRWV9OX,12,DEPARTED,"Liquid Plant Food for use in AeroGarden, IDOO and Hydroponic Growing Systems, Liquid Fertilizer, 32 oz (1 Quart)",1,12,IUST,FBA1930XCMKR,2027-10-13
2025-11-01T19:55:08,LIQUIDPF1Q-FBA-UPC-0323,B0BRTJ3CCV,B0BRTJ3CCV,3SRWV9OX,12,DEPARTED,"Liquid Plant Food for use in AeroGarden, IDOO and Hydroponic Growing Systems, Liquid Fertilizer, 32 oz (1 Quart)",1,12,IUST,FBA1930XCMKR,2027-10-13
2025-11-01T19:55:21,TPS-DRAGONFRUITFERT-QUART,B0FLWTR5C6,B0FLWTR5C6,3SRWV9OX,12,DEPARTED,"Dragon Fruit Fertilizer for Dragon Fruit, Great for Red, White, and Yellow Dragon Fruit Varieties, Liquid Fertilizer by TPS Plant Foods, 32 oz (1 Quart)",1,12,IUST,FBA1930PZPF3,
2025-11-01T19:55:29,TPS-DRAGONFRUITFERT-QUART,B0FLWTR5C6,B0FLWTR5C6,3SRWV9OX,12,DEPARTED,"Dragon Fruit Fertilizer for Dragon Fruit, Great for Red, White, and Yellow Dragon Fruit Varieties, Liquid Fertilizer by TPS Plant Foods, 32 oz (1 Quart)",1,12,IUST,FBA1930PZPF3,
2025-11-01T20:25:40,TPS-FERROUSULFATE-1GAL,B0DQTN4H2Y,B0DQTN4H2Y,8OLZOEGI,4,DEPARTED,"Ferrous Sulfate for Plants, Complete Iron and Sulfur Supplement for Healthy Growth, 1 Gallon (128 oz)",1,4,IUSL,FBA19358H8HK,
2025-11-01T23:23:19,BHUMIC1G-0224,B077SXRN15,B077SXRN15,7ER7L29C,4,DEPARTED,"Organic Liquid Humic Soil Health Formula, Great for Houseplants, Gardens and Lawns, by Bloom City, Gallon (128 oz) Concentrated Makes 120+ Gallons",1,4,IUSR,FBA1932C1VRH,
2025-11-01T23:23:19,BKELP1Q-0224,B073ZNW8MX,B073ZNW8MX,41HBVNAX,12,DEPARTED,"Bloom City Organic Liquid Seaweed and Kelp Fertilizer Supplement, Quart (32 oz) Concentrated Makes 180 Gallons",2,24,IUSR,FBA191G78GYL,
2025-11-01T23:35:19,TPS-DRAGONFRUITFERT-QUART,B0FLWTR5C6,B0FLWTR5C6,3SRWV9OX,12,DEPARTED,"Dragon Fruit Fertilizer for Dragon Fruit, Great for Red, White, and Yellow Dragon Fruit Varieties, Liquid Fertilizer by TPS Plant Foods, 32 oz (1 Quart)",1,12,IUST,FBA1930PZPF3,
2025-11-01T23:35:28,LIQUIDPF1Q-FBA-UPC-0323,B0BRTJ3CCV,B0BRTJ3CCV,3SRWV9OX,12,DEPARTED,"Liquid Plant Food for use in AeroGarden, IDOO and Hydroponic Growing Systems, Liquid Fertilizer, 32 oz (1 Quart)",1,12,IUST,FBA1930XCMKR,2027-10-13
2025-11-01T23:36:24,TPS-DRAGONFRUITFERT-QUART,B0FLWTR5C6,B0FLWTR5C6,3SRWV9OX,12,DEPARTED,"Dragon Fruit Fertilizer for Dragon Fruit, Great for Red, White, and Yellow Dragon Fruit Varieties, Liquid Fertilizer by TPS Plant Foods, 32 oz (1 Quart)",1,12,IUST,FBA1930PZPF3,
2025-11-01T23:37:05,LIQUIDPF1Q-FBA-UPC-0323,B0BRTJ3CCV,B0BRTJ3CCV,3SRWV9OX,12,DEPARTED,"Liquid Plant Food for use in AeroGarden, IDOO and Hydroponic Growing Systems, Liquid Fertilizer, 32 oz (1 Quart)",1,12,IUST,FBA1930XCMKR,2027-10-13
2025-11-02T02:57:29,HPINDOOR8OZ-FBA-UPC-0123,B0BRTJB518,B0BRTJB518,3SRWV9OX,60,DEPARTED,"TPS NUTRIENTS Indoor Plant Food for Houseplants, Liquid Fertilizer 8 oz (250mL)",1,60,IUST,FBA19327WG9M,
2025-11-02T02:58:59,HPINDOOR8OZ-FBA-UPC-0123,B0BRTJB518,B0BRTJB518,3SRWV9OX,60,DEPARTED,"TPS NUTRIENTS Indoor Plant Food for Houseplants, Liquid Fertilizer 8 oz (250mL)",1,60,IUST,FBA19327WG9M,
2025-11-02T02:59:41,HPINDOOR8OZ-FBA-UPC-0123,B0BRTJB518,B0BRTJB518,3SRWV9OX,60,DEPARTED,"TPS NUTRIENTS Indoor Plant Food for Houseplants, Liquid Fertilizer 8 oz (250mL)",1,60,IUST,FBA1932CBJCL,
2025-11-02T02:59:42,HPINDOOR8OZ-FBA-UPC-0123,B0BRTJB518,B0BRTJB518,3SRWV9OX,60,DEPARTED,"TPS NUTRIENTS Indoor Plant Food for Houseplants, Liquid Fertilizer 8 oz (250mL)",1,60,IUST,FBA1932CBJCL,
2025-11-02T02:59:53,HPINDOOR8OZ-FBA-UPC-0123,B0BRTJB518,B0BRTJB518,3SRWV9OX,60,DEPARTED,"TPS NUTRIENTS Indoor Plant Food for Houseplants, Liquid Fertilizer 8 oz (250mL)",1,60,IUST,FBA1932CBJCL,
2025-11-02T03:12:43,BANANA1Q-FBA-UPC-1123,B0CPGF247B,B0CPGF247B,43WAOH1U,12,DEPARTED,"Banana Tree Fertilizer for All Banana Tree Plants, Liquid Plant Food, 32 oz (1 Quart)",1,12,IUSR,FBA1932C1VRH,
2025-11-02T06:31:47,TPS-ANTHURIUM-8OZ,B0DPH77GSG,B0DPH77GSG,5F94TU1U,60,DEPARTED,"Anthurium Fertilizer, Complete Liquid Anthurium Plant Food, 8 oz (250mL)",1,60,IUSP,FBA192SBQYYH,
2025-11-02T06:59:12,BKELP1Q-0224,B073ZNW8MX,B073ZNW8MX,41HBVNAX,12,DEPARTED,"Bloom City Organic Liquid Seaweed and Kelp Fertilizer Supplement, Quart (32 oz) Concentrated Makes 180 Gallons",1,12,IUSR,FBA192DJ0WTY,
2025-11-02T07:21:28,TPS-PEACELILY-8OZ,B0DQSMMLPL,B0DQSMMLPL,45G18IKB,60,DEPARTED,"Peace Lily Fertilizer, Complete Liquid Peace Lily Plant Food, 8 oz (250mL)",1,60,IUSR,FBA192130FJJ,
2025-11-02T07:57:21,BACIDLOVING1Q-0224,B0C4ZW6QQP,B0C4ZW6QQP,41HBVNAX,12,DEPARTED,"Bloom City's Acid-Loving Plant Fertilizer, Soil Acidifier for All Acid Loving Plants, Quart (32 oz)",2,24,IUSR,FBA1932BMYS4,
2025-11-02T07:57:21,HIBISCUS1Q-FBA-UPC-0523,B0C73SKHWB,B0C73SKHWB,41HBVNAX,12,DEPARTED,"Hibiscus Fertilizer for Tropical and Flowering Plants, Liquid Plant Food, 32 oz (1 Quart)",1,12,IUSR,FBA1932BMYS4,
