(Parent) ASIN,(Child) ASIN,Title,Sessions - Total,Sessions - Total - B2B,Session Percentage - Total,Session Percentage - Total - B2B,Page Views - Total,Page Views - Total - B2B,Page Views Percentage - Total,Page Views Percentage - Total - B2B,Featured Offer (Buy Box) Percentage,Featured Offer (Buy Box) Percentage - B2B,Units Ordered,Units Ordered - B2B,Unit Session Percentage,Unit Session Percentage - B2B,Ordered Product Sales,Ordered Product Sales - B2B,Total Order Items,Total Order Items - B2B
B0BRTJ2JRK,B0BRTKV4TC,"Liquid Plant Food for use in AeroGarden, IDOO and Hydroponic Growing Systems, Liquid Fertilizer 8 oz (250mL)","6,842",161,4.65%,4.31%,"9,829",220,4.83%,4.21%,99.63%,100.00%,"3,032",288,44.31%,178.88%,"$36,196.87","$3,434.98","2,769",59
B0CQ3KG7WK,B0CPGGCRT8,"TPS NUTRIENTS Christmas Cactus Fertilizer for All Christmas Cacti and Schlumbergera Cacti, Liquid Plant Food 8 oz (250mL)","6,447",97,4.38%,2.60%,"8,961",141,4.41%,2.70%,99.52%,100.00%,"2,739",74,42.48%,76.29%,"$32,606.08",$880.54,"2,657",41
B0BRTHVZCH,B0BRTK1P8Z,"Monstera Plant Food for Monsteras and Philodendrons, Tropical Houseplant Liquid Fertilizer 8 oz (250mL)","7,673",152,5.21%,4.07%,"10,512",232,5.17%,4.44%,99.42%,100.00%,"2,359",59,30.74%,38.82%,"$28,143.12",$695.43,"2,329",54
B0BRTHP3XC,B0BRTJGR33,"Fiddle Leaf Fig Plant Food for All Fig and Other Ficus Trees, Liquid Houseplant Fertilizer 8 oz (250mL)","2,619",60,1.78%,1.61%,"3,680",74,1.81%,1.42%,99.71%,100.00%,"1,548",22,59.11%,36.67%,"$15,401.25",$216.94,"1,522",21
B0C73PRW4M,B0C73SNJCH,"Lemon Tree Fertilizer, Complete Lemon Tree Plant Food, 8 oz (250mL)","3,369",63,2.29%,1.69%,"4,629",75,2.28%,1.43%,99.34%,100.00%,"1,198",19,35.56%,30.16%,"$14,350.35",$225.89,"1,186",19
B0BRTHT763,B0BRTJB518,"Indoor Plant Food, Liquid Fertilizer for Healthy Growth & Vibrant Foliage in Houseplants, by TPS Plant Foods, 8 oz (250 mL)","3,778",79,2.57%,2.12%,"5,382",118,2.65%,2.26%,99.22%,100.00%,"1,072",12,28.37%,15.19%,"$10,674.93",$119.82,"1,060",11
B073ZMV1MD,B073ZNW8MX,"Bloom City Organic Liquid Seaweed and Kelp Fertilizer Supplement, Quart (32 oz) Concentrated Makes 180 Gallons","3,645",85,2.48%,2.28%,"5,189",122,2.55%,2.33%,99.65%,100.00%,927,9,25.43%,10.59%,"$18,468.36",$177.51,911,8
B0CT6FTXWT,B0CT668F19,"TPS NUTRIENTS Silica for Plants, Boost Strength & Resilience, Stronger Stems & Healthier Leaves - 8 oz (250mL)","3,079",79,2.09%,2.12%,"4,316",104,2.12%,1.99%,97.50%,100.00%,784,19,25.46%,24.05%,"$9,265.39",$224.93,781,19
B0CWQGR6WR,B07CX36LW8,TPS NUTRIENTS Silica Gold Plant Strength Nutrient and Supplement with Bioavailable Silicon 1 Quart (32 oz),"3,593",93,2.44%,2.49%,"5,648",140,2.78%,2.68%,99.17%,100.00%,757,16,21.07%,17.20%,"$18,156.11",$379.52,746,15
B0BRTJFDBD,B0BRTJBFP7,"Orchid Plant Food for All Orchids and Acid Loving Houseplants, Promotes Growth and Blooms, Liquid Fertilizer 8 oz (250mL)","1,738",32,1.18%,0.86%,"2,486",46,1.22%,0.88%,99.57%,100.00%,551,5,31.70%,15.63%,"$5,463.16",$49.45,550,5
B073ZTGW3B,B08JHKKVST,"Bloom City Liquid Silica Boost Fertilizer and Supplement, 1/2 Pint (8 oz) Concentrated Makes 45 Gallons","1,599",31,1.09%,0.83%,"2,302",39,1.13%,0.75%,98.09%,100.00%,535,8,33.46%,25.81%,"$6,909.12",$102.36,530,8
B0DQTSXDXM,B0DQTQ31B4,"Lotus Fertilizer, Complete Lotus Plant Food, 8 oz (250mL)","1,546",37,1.05%,0.99%,"2,059",50,1.01%,0.96%,99.33%,100.00%,526,11,34.02%,29.73%,"$6,305.30",$130.45,519,11
B0C6Q56QSG,B0C6Q7PL3S,"Palm Tree Fertilizer for All Palms and Ferns, Liquid Plant Food 8 oz (250mL)","1,202",18,0.82%,0.48%,"1,672",23,0.82%,0.44%,99.65%,100.00%,483,19,40.18%,105.56%,"$5,787.81",$224.21,479,19
B0DPKV542K,B0DPKW9K72,"Bougainvillea Fertilizer, Complete Liquid Bougainvillea Plant Food, 8 oz (250mL)","1,018",23,0.69%,0.62%,"1,434",31,0.71%,0.59%,99.43%,100.00%,471,8,46.27%,34.78%,"$5,621.87",$94.48,460,6
B073ZMV1MD,B08JHHFZVG,"Organic Liquid Seaweed and Kelp Fertilizer Supplement by Bloom City, (8 oz) Concentrated Makes 45 Gallons","1,429",28,0.97%,0.75%,"1,945",35,0.96%,0.67%,98.38%,92.86%,447,5,31.28%,17.86%,"$5,347.06",$59.47,439,5
B073ZNXGSS,B08JHDVBY2,Bloom City Professional pH Up + Down Control Kit for Optimal Nutrient Uptake (Two 1/2 Pint Bottles) 16 Total oz,"1,441",59,0.98%,1.58%,"1,941",79,0.95%,1.51%,98.12%,100.00%,435,13,30.19%,22.03%,"$8,692.05",$255.87,435,13
B0C73Q3PZL,B0C73RDD6N,"Hibiscus Fertilizer for Tropical and Flowering Plants, Liquid Plant Food 8 oz (250mL)","1,078",17,0.73%,0.46%,"1,480",22,0.73%,0.42%,99.77%,100.00%,433,4,40.17%,23.53%,"$5,191.19",$47.48,422,4
B0C6R5T1W1,B0C6R56WK1,"Bonsai Fertilizer, Liquid Plant Food for Healthy Growth & Strong Roots in All Bonsai Trees, by TPS Plant Foods, 8 oz (250 mL)",967,14,0.66%,0.37%,"1,291",21,0.63%,0.40%,99.38%,100.00%,386,2,39.92%,14.29%,"$4,627.90",$23.74,380,2
B0CQ3LKB81,B0CPGSSJCB,"TPS NUTRIENTS Bird of Paradise Fertilizer for All Strelitzia Plants, Liquid Plant Food 8 oz (250mL)",821,23,0.56%,0.62%,"1,129",27,0.56%,0.52%,99.28%,100.00%,378,13,46.04%,56.52%,"$4,458.60",$154.19,368,12
B073ZPXG4L,B073ZNQWCM,"Bloom City Professional Grade Ultra Pure Cal-Mag Growing Fertilizer, Quart (32 oz)","1,524",34,1.04%,0.91%,"2,079",49,1.02%,0.94%,98.02%,96.43%,371,6,24.34%,17.65%,"$6,629.13",$106.02,367,6
B0BRTHD3SD,B0BRTK1P8Y,"Herb Plant Food for All Edible Herbs, Leafy Greens and Veggies, Liquid Houseplant Fertilizer 8 oz (250mL)",840,11,0.57%,0.29%,"1,201",14,0.59%,0.27%,99.80%,88.89%,345,3,41.07%,27.27%,"$4,124.32",$35.73,341,3
B0C73R9Y77,B0C73PVKDR,"Plumeria Fertilizer for All Frangipani and Tropical Plants, Liquid Plant Food 8 oz (250mL)",866,15,0.59%,0.40%,"1,162",19,0.57%,0.36%,99.61%,100.00%,333,13,38.45%,86.67%,"$3,990.27",$153.47,329,13
B0CQ3JSYVR,B0CPGC9MWC,"Fern Fertilizer for All Ferns and Mosses, Liquid Plant Food 8 oz (250mL)",582,16,0.40%,0.43%,800,23,0.39%,0.44%,99.18%,100.00%,316,5,54.30%,31.25%,"$3,752.15",$59.23,313,5
B0BRTJ2JRK,B0BRTJ3CCV,"Liquid Plant Food for use in AeroGarden, IDOO and Hydroponic Growing Systems, Liquid Fertilizer, 32 oz (1 Quart)",854,27,0.58%,0.72%,"1,048",29,0.52%,0.55%,99.19%,100.00%,302,13,35.36%,48.15%,"$7,542.48",$320.37,295,9
B0CQ3JRR5T,B0CPG8WFD3,"Banana Tree Fertilizer for All Banana Tree Plants, Liquid Plant Food 8 oz (250mL)",855,17,0.58%,0.46%,"1,192",27,0.59%,0.52%,98.95%,100.00%,307,5,35.91%,29.41%,"$3,644.24",$59.23,295,5
B0CQ3JT551,B0CPGR5T5W,"TPS NUTRIENTS Arborvitae Tree Fertilizer for All Arborvitaes, Evergreen Shrubs and Thuja Trees, Liquid Plant Food, 32 oz (1 Quart)","1,585",46,1.08%,1.23%,"2,089",60,1.03%,1.15%,99.78%,100.00%,296,7,18.68%,15.22%,"$7,395.54",$173.43,284,6
B0C6Q5W3PD,B0C6Q7TGX1,"Money Tree Fertilizer for Money Trees and All Pachira Plants, Liquid Plant Food 8 oz (250mL)",876,19,0.59%,0.51%,"1,200",23,0.59%,0.44%,99.90%,100.00%,284,5,32.42%,26.32%,"$3,392.21",$58.99,282,5
B0BRTGXTVW,B0BRTJ4PLB,"Succulent Plant Food for Succulents, Cactus, Jade and Aloe, Liquid Houseplant Fertilizer 8 oz (250mL)",919,24,0.62%,0.64%,"1,220",36,0.60%,0.69%,99.52%,100.00%,277,3,30.14%,12.50%,"$3,309.00",$35.73,274,3
B0D4JSVRK7,B0D4JHC532,"TPS NUTRIENTS Nitrogen for Plants, Tri-Source N Nitrogen for Lush Green Growth, Liquid Plant Fertilizer 8 oz (250mL), SUPPNITRO8OZ",799,26,0.54%,0.70%,"1,174",34,0.58%,0.65%,99.50%,100.00%,271,9,33.92%,34.62%,"$3,212.12",$106.47,262,9
B0CQ3JPZSQ,B0CPG8WFCX,"Lime Tree Fertilizer for All Lime and Citrus Trees, Liquid Plant Food 8 oz (250mL)",649,5,0.44%,0.13%,887,6,0.44%,0.11%,98.84%,100.00%,254,0,39.14%,0.00%,"$3,045.46",$0.00,252,0
B0CQ3JLW8Q,B0CPFZ9H6G,"TPS NUTRIENTS Ficus Tree Fertilizer for All Ficus, Fig and Moraceae Plants, Liquid Plant Food 8 oz (250mL)",443,16,0.30%,0.43%,598,22,0.29%,0.42%,97.64%,100.00%,254,14,57.34%,87.50%,"$3,031.31",$165.70,250,14
B0C6Q57W2L,B0C6Q5F2HR,"Gardenia Fertilizer for Gardenias, Camellia and Rhododendron Plants, Flowering Liquid Plant Food 8 oz (250mL)",583,8,0.40%,0.21%,806,8,0.40%,0.15%,98.99%,0.00%,234,3,40.14%,37.50%,"$2,792.95",$35.25,230,3
B09NZTL8S4,B09P2JPHZ6,"TPS NUTRIENTS Billions Concentrated Microbial Root Enhancer, 100% Water-Soluble with Mycorrhizae, Bacteria and Trichoderma, 8 oz (1/2 Pound)","1,715",47,1.16%,1.26%,"2,517",63,1.24%,1.21%,98.10%,100.00%,233,8,13.59%,17.02%,"$5,797.18",$199.42,227,7
B0DQTHTZP6,B0DQTV6HL9,"Ferrous Sulfate for Plants, Complete Iron and Sulfur Supplement for Healthy Growth, 8 oz (250mL)",735,15,0.50%,0.40%,987,21,0.49%,0.40%,98.30%,100.00%,234,2,31.84%,13.33%,"$2,805.42",$23.74,225,2
B073ZMV1MD,B073ZNW5CK,Bloom City Organic Liquid Seaweed and Kelp Fertilizer Supplement (128 oz) Concentrated Makes 750 Gallons,786,28,0.53%,0.75%,"1,139",45,0.56%,0.86%,99.58%,100.00%,230,14,29.26%,50.00%,"$9,154.51",$556.66,221,11
B0CQ3JS6TP,B0CPGJ53JC,"TPS NUTRIENTS Tropical Plant Fertilizer for All Tropical Indoor and Outdoor Plants, Liquid Plant Food 8 oz (250mL)",901,24,0.61%,0.64%,"1,267",29,0.62%,0.55%,99.82%,100.00%,219,3,24.31%,12.50%,"$2,613.58",$35.73,215,3
B0C6R64HBS,B0C6R6KQSZ,"TPS NUTRIENTS Air Plant Fertilizer for All Tillandsia Air Plants, Use As Foliar Spray or for Soaking, Liquid Plant Food 8 oz (250mL)",650,12,0.44%,0.32%,849,12,0.42%,0.23%,98.92%,88.89%,203,6,31.23%,50.00%,"$2,433.73",$71.70,198,6
B0CQ3JT551,B0CPG28H8B,"TPS NUTRIENTS Arborvitae Tree Fertilizer for All Arborvitaes, Evergreen Shrubs and Thuja Trees, Liquid Plant Food 8 oz (250mL)",956,23,0.65%,0.62%,"1,223",40,0.60%,0.77%,99.55%,91.67%,200,3,20.92%,13.04%,"$2,362.03",$35.97,197,3
B0CWQGR6WR,B0CT6W7R81,TPS NUTRIENTS Silica Gold Plant Strength Nutrient and Supplement with Bioavailable Silicon 8 oz (250mL),"1,115",20,0.76%,0.54%,"1,488",27,0.73%,0.52%,97.84%,100.00%,203,3,18.21%,15.00%,"$3,042.37",$44.37,197,3
B0C73VV3QQ,B0C73S6Q23,"Citrus Fertilizer for All Citrus and Fruiting Trees, Liquid Plant Food 8 oz (250mL)",610,14,0.41%,0.37%,859,20,0.42%,0.38%,99.59%,100.00%,197,6,32.30%,42.86%,"$2,361.55",$71.46,195,5
B073ZPXG4L,B08JHFG5GH,"Bloom City Professional Grade Ultra Pure Cal-Mag Growing Fertilizer, 1/2 Pint (8 oz)",681,21,0.46%,0.56%,904,25,0.44%,0.48%,98.86%,100.00%,185,1,27.17%,4.76%,"$2,170.19",$11.99,185,1
B0D4JT7N8J,B0D4JHC68M,"TPS NUTRIENTS Phosphorus Fertilizer for Plants, Boosts Rooting, Growth, Blooming and Flowering, Liquid Plant Food 8 oz (250mL)",579,24,0.39%,0.64%,801,34,0.39%,0.65%,99.85%,100.00%,184,10,31.78%,41.67%,"$2,204.72",$118.46,181,10
B0D4JT6349,B0D4JH2GF6,"TPS NUTRIENTS Potassium Fertilizer for Plants, Boosts Growth, Budding and Flowering, Liquid Plant Food 8 oz (250mL)",725,31,0.49%,0.83%,"1,076",42,0.53%,0.80%,99.89%,100.00%,181,10,24.97%,32.26%,"$2,144.53",$118.22,176,9
B0DQR85CXH,B0DQR1X69R,"Fish Emulsion Fertilizer, Complete Fish Emulsion Plant Food, 8 oz (250mL)",768,18,0.52%,0.48%,"1,036",31,0.51%,0.59%,98.93%,100.00%,176,2,22.92%,11.11%,"$2,097.77",$23.50,175,2
B0DQQNPYCB,B0DQR39N4G,"Hydroponic Nutrients for Edible Plants, One Part Complete Liquid Plant Food for Hydroponic Systems, 8 oz (250mL)",997,30,0.68%,0.80%,"1,343",40,0.66%,0.77%,99.24%,100.00%,178,8,17.85%,26.67%,"$2,132.78",$94.48,174,7
B0DQSQJ3JM,B0DQS6N546,"Japanese Maple Fertilizer, Complete Liquid Plant Food for All Japanese Maple Tree Varietals, 8 oz (250mL)",634,8,0.43%,0.21%,832,13,0.41%,0.25%,99.07%,100.00%,184,5,29.02%,62.50%,"$2,193.21",$58.99,174,5
B0CQ3JSK5N,B0CPGCBFPB,"TPS NUTRIENTS Pothos Fertilizer for All Pothos Plants and Vines, Liquid Plant Food 8 oz (250mL)",603,7,0.41%,0.19%,845,8,0.42%,0.15%,99.72%,100.00%,170,2,28.19%,28.57%,"$2,026.07",$23.74,169,2
B0CQ3KG7WK,B0CPGFXPYW,"TPS NUTRIENTS Christmas Cactus Fertilizer for All Christmas Cacti and Schlumbergera Cacti, Liquid Plant Food, 32 oz (1 Quart)",896,15,0.61%,0.40%,"1,164",22,0.57%,0.42%,99.23%,100.00%,167,2,18.64%,13.33%,"$4,172.83",$49.48,164,2
B0C73PRW4M,B0C73TCVFW,"Lemon Tree Fertilizer for Lemon Trees and Citrus, Liquid Plant Food, 32 oz (1 Quart)",509,16,0.35%,0.43%,673,20,0.33%,0.38%,99.65%,100.00%,163,6,32.02%,37.50%,"$4,072.87",$149.44,163,6
B0CT6FTXWT,B0CT6LLY7J,"TPS NUTRIENTS Silica for Houseplants, Liquid Silicon Plant Food for Strong Stems and Healthy Leaves, Liquid Plant Fertilizer, 32 oz (1 Quart)",578,15,0.39%,0.40%,753,25,0.37%,0.48%,99.10%,100.00%,167,2,28.89%,13.33%,"$3,337.53",$39.18,163,2
B0871DFX4Z,B07CWQNYYC,"TPS NUTRIENTS Organic Cal-Mag OAC Plant Nutrient and Supplement, Plus Iron and Micronutrients 1 Quart (32 oz)",807,21,0.55%,0.56%,"1,186",33,0.58%,0.63%,99.34%,90.91%,162,1,20.07%,4.76%,"$3,886.38",$23.99,161,1
B0CQ3KFH19,B0CPGLR46Y,"Olive Tree Fertilizer for All Olive and Oleaceae Trees, Liquid Plant Food 8 oz (250mL)",380,10,0.26%,0.27%,511,11,0.25%,0.21%,97.84%,100.00%,160,1,42.11%,10.00%,"$1,918.40",$11.99,157,1
B0DQSS7Z86,B0DQSV4ZM1,"Pepper Fertilizer, Complete Liquid Pepper Plant Food, 8 oz (250mL)",507,14,0.34%,0.37%,723,18,0.36%,0.34%,99.67%,100.00%,149,1,29.39%,7.14%,"$1,774.52",$11.99,149,1
B0CQ3JT551,B0CPGJR1FV,"Arborvitae Tree Fertilizer for All Arborvitaes, Evergreen Shrubs and Thuja Trees, Liquid Plant Food 1 Gallon (128oz)",726,33,0.49%,0.88%,984,45,0.48%,0.86%,99.66%,100.00%,155,8,21.35%,24.24%,"$7,747.45",$398.92,148,8
B0DQSMLW21,B0DQSMMLPL,"Peace Lily Fertilizer, Complete Liquid Peace Lily Plant Food, 8 oz (250mL)",536,13,0.36%,0.35%,705,20,0.35%,0.38%,98.62%,100.00%,144,4,26.87%,30.77%,"$1,726.08",$47.48,144,4
B0D4G91VQL,B0D4GWWM4P,"Organic Lemon Tree Fertilizer, Slow Release Dry Granular Fertilizer for Lemon and Citrus Trees 6 oz (6 Ounces)",638,9,0.43%,0.24%,865,10,0.43%,0.19%,100.00%,100.00%,143,1,22.41%,11.11%,"$2,143.57",$14.99,140,1
B073ZTGW3B,B073ZPBVVD,"Liquid Silica Boost Fertilizer and Supplement by Bloom City, Quart (32 oz) Concentrated Makes 180 Gallons",622,13,0.42%,0.35%,879,17,0.43%,0.33%,97.71%,100.00%,162,20,26.05%,153.85%,"$4,045.88",$497.30,138,6
B0C73SWQ79,B0C73TS2P2,"African Violet Fertilizer for Indoor Flowering Plants, Liquid Plant Food 8 oz (250mL)",432,10,0.29%,0.27%,585,16,0.29%,0.31%,98.23%,100.00%,135,2,31.25%,20.00%,"$1,618.41",$23.74,133,2
B08716646D,B01MR9WDW7,"Cal-Mag Complete, Calcium Magnesium Iron and Micronutrients Fertilizer and Supplement by TPS Nutrients, 1 Quart (32 oz)",666,27,0.45%,0.72%,983,35,0.48%,0.67%,99.42%,100.00%,130,1,19.52%,3.70%,"$2,596.10",$19.97,130,1
B0DQTSQVGV,B0DQTQZKK4,"Phosphorus and Potassium Fertilizer, Complete Liquid Phosphorus and Potassium for Plants, 8 oz (250mL)",702,19,0.48%,0.51%,944,31,0.46%,0.59%,97.10%,100.00%,130,3,18.52%,15.79%,"$1,557.98",$35.25,126,2
B0DPKV542K,B0DPKWHSQ3,"Bougainvillea Fertilizer, Complete Liquid Bougainvillea Plant Food, 32 oz (1 Quart)",289,7,0.20%,0.19%,359,10,0.18%,0.19%,100.00%,100.00%,128,1,44.29%,14.29%,"$3,173.73",$24.99,122,1
B077NMN88N,B08JHDKVHC,"Bloom City Organic Wild Fish Fertilizer and Plant Supplement, Great for Roots and Soil, Made from Sustainable Salmon, 1/2 Pint (8 oz)",597,11,0.41%,0.29%,880,15,0.43%,0.29%,99.21%,100.00%,124,2,20.77%,18.18%,"$1,474.29",$23.50,121,2
B0DQSHCH55,B0DQSK49DB,"Hydroponic Plant Food, Complete One Part Liquid Hydroponic Fertilizer, 8 oz (250mL)",882,16,0.60%,0.43%,"1,239",21,0.61%,0.40%,100.00%,100.00%,124,2,14.06%,12.50%,"$1,474.53",$23.74,121,2
B0871D2DNL,B07CWQBNMS,"Signal Terpene Enhancer Plant Nutrient and Supplement, Flower Hardener and Increases Flavor by TPS Nutrients, 1 Quart (32 oz)","1,396",36,0.95%,0.96%,"2,024",65,1.00%,1.24%,98.93%,100.00%,124,2,8.88%,5.56%,"$3,442.77",$55.98,120,2
B0C6Q7FJLW,B0C6Q69C7K,"Snake Plant Fertilizer for Snake Plants and All Sansevieria, 8 oz (250mL)",425,8,0.29%,0.21%,576,12,0.28%,0.23%,99.40%,100.00%,116,0,27.29%,0.00%,"$1,354.87",$0.00,115,0
B073ZNYYYY,B073ZNJSP2,"Bloom City Professional pH Down Liquid Fertilizer, Quart (32 oz)",363,9,0.25%,0.24%,474,13,0.23%,0.25%,97.95%,100.00%,114,6,31.40%,66.67%,"$2,163.72",$112.80,113,5
B0871D2QP9,B07CWP4MWW,"TPS NUTRIENTS Bloom Bud Builder & Flower Hardener Plant Nutrient and Supplement, Triggers Fast Flowering 1 Quart (32 oz)",889,44,0.60%,1.18%,"1,308",76,0.64%,1.45%,99.63%,100.00%,113,1,12.71%,2.27%,"$2,823.87",$24.99,111,1
B07PHVX8TB,B07PJTKL5R,"Organic Earthworm Tea Concentrate and Compost and Bokashi Booster by Bloom City, Quart (32 oz)",886,21,0.60%,0.56%,"1,237",25,0.61%,0.48%,91.11%,100.00%,111,4,12.53%,19.05%,"$2,659.71",$94.92,111,4
B0C6Q56QSG,B0C6Q4LNPF,"Palm Tree Fertilizer for All Palms and Ferns, Liquid Plant Food, 32 oz (1 Quart)",421,12,0.29%,0.32%,513,14,0.25%,0.27%,99.13%,100.00%,113,2,26.84%,16.67%,"$2,823.37",$49.48,111,2
B0DQR1BND1,B0DQRFZTBW,"Hoya Fertilizer, Complete Liquid Hoya Plant Food, 8 oz (250mL)",469,13,0.32%,0.35%,681,19,0.33%,0.36%,97.42%,100.00%,112,1,23.88%,7.69%,"$1,330.89",$11.99,111,1
B0D4JS969P,B0D4JH767X,"TPS NUTRIENTS Cal-Mag for Plants Plus Iron and Micros, Calcium and Magnesium, Prevent Common Deficiencies, 2-0-0 CalMag Liquid Plant Fertilizer 8 oz (250mL), GARDCALMAG8OZ",519,13,0.35%,0.35%,737,21,0.36%,0.40%,100.00%,100.00%,110,3,21.19%,23.08%,"$1,258.47",$35.49,110,3
B0DQTNNSWJ,B0DQSVHP7N,"Pine Tree Fertilizer, Complete Liquid Pine Tree Plant Food, 8 oz (250mL)",433,12,0.29%,0.32%,589,13,0.29%,0.25%,97.34%,100.00%,109,2,25.17%,16.67%,"$1,294.68",$23.74,109,2
B0DQ7XMBM5,B0DQ82P4HR,"Sago Palm Fertilizer, Complete Liquid Sago Palm Plant Food, 8 oz (250mL)",286,6,0.19%,0.16%,394,7,0.19%,0.13%,98.63%,75.00%,116,4,40.56%,66.67%,"$1,377.89",$47.00,106,4
B0DQTTNGT7,B0DQTVXRBM,"Water Plant Fertilizer, Complete Liquid Water Plant Food, 8 oz (250mL)",533,13,0.36%,0.35%,758,23,0.37%,0.44%,100.00%,100.00%,106,1,19.89%,7.69%,"$1,258.95",$11.99,106,1
B0DPH5BSZ3,B0DPH6ZD9H,"Alocasia Fertilizer, Complete Liquid Alocasia Plant Food, 8 oz (250mL)",447,11,0.30%,0.29%,676,18,0.33%,0.34%,98.13%,0.00%,104,1,23.27%,9.09%,"$1,246.72",$11.75,102,1
B0DQTKJR96,B0DQTP66M4,"Brazilian Wood Fertilizer, Complete Liquid Brazilian Wood Plant Food, 8 oz (250mL)",646,8,0.44%,0.21%,835,9,0.41%,0.17%,99.05%,100.00%,110,0,17.03%,0.00%,"$1,318.90",$0.00,102,0
B0BRTHT763,B0BRTJ6V3D,"TPS NUTRIENTS Indoor Plant Food for Houseplants, Liquid Fertilizer, 32 oz (1 Quart)",307,6,0.21%,0.16%,394,7,0.19%,0.13%,100.00%,100.00%,101,3,32.90%,50.00%,"$2,499.00",$74.97,99,2
B073ZPXG4L,B073ZP47ZN,"Bloom City Professional Grade Ultra Pure Cal-Mag Growing Fertilizer,Gallon (128 oz)",395,13,0.27%,0.35%,546,17,0.27%,0.33%,99.59%,100.00%,97,7,24.56%,53.85%,"$3,605.63",$264.27,95,7
B0CTJ2768H,B0CT6JRVYR,"TPS NUTRIENTS Root Supplement for Orchids, Stimulate and Propagate Healthy Orchid Roots with Probiotics and Seaweed, Liquid Plant Fertilizer 8 oz (250mL)",354,7,0.24%,0.19%,586,10,0.29%,0.19%,99.35%,100.00%,91,1,25.71%,14.29%,"$1,364.09",$14.99,91,1
B0DPKLNRXM,B0DPKKMC57,"Avocado Tree Fertilizer, Complete Liquid Avocado Plant Food, 8 oz (250mL)",379,7,0.26%,0.19%,501,10,0.25%,0.19%,99.32%,100.00%,92,0,24.27%,0.00%,"$1,103.08",$0.00,91,0
B0BZ9ZXDGH,B0BZBJKHSX,Bloom City's Organic Citrus & Fruit Fertilizer for Fruit Trees - Quart (32 oz),453,18,0.31%,0.48%,646,25,0.32%,0.48%,99.47%,100.00%,93,1,20.53%,5.56%,"$2,324.07",$24.99,89,1
B0D4JT76SS,B0D4JHN28P,"TPS NUTRIENTS Liquid 10-10-10 Fertilizer for Vegetables, Triple Ten NPK Plus Iron and Micros, Liquid Plant Food 8 oz (250mL)",481,9,0.33%,0.24%,704,12,0.35%,0.23%,99.67%,100.00%,88,0,18.30%,0.00%,"$1,055.12",$0.00,88,0
B0DPM9DVCT,B0DPM9RCT3,"Crepe Myrtle Fertilizer, Complete Liquid Crepe Myrtle Tree Plant Food, 8 oz (250mL)",291,4,0.20%,0.11%,414,4,0.20%,0.08%,100.00%,100.00%,90,1,30.93%,25.00%,"$1,067.11",$11.99,88,1
B0DQ85GHQR,B0DQ83KX61,"Rose Bush Fertilizer, Complete Liquid Rose Bush Plant Food, 8 oz (250mL)",277,4,0.19%,0.11%,365,6,0.18%,0.11%,100.00%,100.00%,87,3,31.41%,75.00%,"$1,030.66",$35.49,86,3
B0D4JV8CP2,B0D4JJZ8JC,"TPS NUTRIENTS Urea Fertilizer for Plants, 15-0-0 Balanced Nitrogen for Vibrant Green Growth, Liquid Plant Food 8 oz (250mL)",455,14,0.31%,0.37%,655,23,0.32%,0.44%,99.28%,100.00%,88,2,19.34%,14.29%,"$1,042.65",$23.50,84,2
B0DQQLP8BP,B0DQR1LPHF,"Geranium Fertilizer, Complete Grow and Flowering Liquid Geranium Plant Food, 8 oz (250mL)",174,0,0.12%,0.00%,215,0,0.11%,0.00%,97.99%,0.00%,85,0,48.85%,0.00%,$983.18,$0.00,83,0
B08718H8XV,B0CT6NK5X8,"TPS NUTRIENTS N-Primer Nitrogen Supplement for Fast Vegetative Growth, Promotes Dark Green Leaves 8 oz (250mL)",359,7,0.24%,0.19%,504,9,0.25%,0.17%,100.00%,100.00%,83,0,23.12%,0.00%,"$1,311.18",$0.00,82,0
B0DPMDLB2S,B0DPMD8SQ7,"Elephant Ear Fertilizer, Complete Liquid Elephant Ear Plant Food, 8 oz (250mL)",253,7,0.17%,0.19%,350,7,0.17%,0.13%,97.28%,100.00%,86,1,33.99%,14.29%,"$1,006.92",$11.75,82,1
B0871D2QP9,B0CT66YWVQ,"TPS NUTRIENTS Bloom Bud Builder & Flower Hardener Plant Nutrient and Supplement, Triggers Fast Flowering 8 oz (250mL)",691,24,0.47%,0.64%,956,46,0.47%,0.88%,100.00%,100.00%,81,2,11.72%,8.33%,"$1,295.19",$31.98,81,2
B0CQ3H8PZS,B0CPGHRNX8,"TPS NUTRIENTS Jade Fertilizer for All Jade and Crassula Plants, Liquid Plant Food 8 oz (250mL)",224,4,0.15%,0.11%,308,4,0.15%,0.08%,98.13%,75.00%,82,3,36.61%,75.00%,$982.70,$35.49,80,3
B0C73QC2XH,B0C73TDZCQ,"Hydrangea Fertilizer for Acid Loving Plants, Liquid Plant Food 8 oz (250mL)",430,7,0.29%,0.19%,532,9,0.26%,0.17%,99.58%,100.00%,78,3,18.14%,42.86%,$922.75,$35.49,78,3
B0D4JT7C95,B0D4JGZRBH,"TPS NUTRIENTS Liquid 10-10-10 Fertilizer for Trees and Shrubs, Triple Ten NPK Plus Iron and Micros, Liquid Plant Food, 32 oz (1 Quart)",432,10,0.29%,0.27%,625,12,0.31%,0.23%,99.62%,100.00%,87,2,20.14%,20.00%,"$2,173.63",$49.48,78,2
B0CWQGR6WR,B07CX79577,"TPS NUTRIENTS Silica Gold Plant Strength Nutrient and Supplement with Bioavailable Silicon, 1 Gallon (128 oz)",471,18,0.32%,0.48%,597,27,0.29%,0.52%,98.30%,100.00%,81,1,17.20%,5.56%,"$4,857.57",$59.97,76,1
B08716646D,B0CT66BTF2,"TPS NUTRIENTS Cal-Mag Complete, Calcium Magnesium Iron and Micronutrients Fertilizer and Supplement 8 oz (250mL)",384,9,0.26%,0.24%,536,12,0.26%,0.23%,98.94%,100.00%,75,1,19.53%,11.11%,"$1,021.27",$13.99,74,1
B0DQRCZ129,B0DQQSLKZP,"Garlic Fertilizer, Complete Liquid Garlic and All Allium Varieties Plant Food, 8 oz (250mL)",474,12,0.32%,0.32%,641,16,0.32%,0.31%,98.91%,100.00%,74,1,15.61%,8.33%,$887.26,$11.99,73,1
B0D2ZFT5QW,B0D2ZMGQ6W,"TPS NUTRIENTS Root Booster for Plants, Soil Probiotics Including Bacteria, Mycos, and Trichoderma for Transplanting and Established Plants (6 Ounces)",762,16,0.52%,0.43%,"1,145",19,0.56%,0.36%,97.51%,100.00%,76,4,9.97%,25.00%,$911.24,$47.96,72,3
B0DQSHCZH5,B0DQSK65XB,"Magnolia Tree Fertilizer, Complete Liquid Magnolia Tree Plant Food, 8 oz (250mL)",222,3,0.15%,0.08%,280,3,0.14%,0.06%,98.45%,100.00%,72,0,32.43%,0.00%,$851.29,$0.00,70,0
B07PDNVVZG,B08JHFG5GJ,"Organic Root Stimulant, Salmon and Kelp Formula, Rich with Microbes and Mycorrhizae by Bloom City, 1/2 Pint (8 oz)",709,12,0.48%,0.32%,"1,042",17,0.51%,0.33%,98.71%,100.00%,70,2,9.87%,16.67%,$827.31,$23.98,69,2
B0CQ3LKB81,B0CPG8W1HM,"TPS NUTRIENTS Bird of Paradise Fertilizer for All Strelitzia Plants, Liquid Plant Food, 32 oz (1 Quart)",165,10,0.11%,0.27%,237,15,0.12%,0.29%,100.00%,100.00%,70,3,42.42%,30.00%,"$1,748.80",$74.47,69,3
B0FLWXL4V2,B0FLWTSYWN,"Pineapple Fertilizer for Pineapple Plants, Supports Fruit Production and Indoor/Outdoor Success, Liquid Fertilizer by TPS Plant Foods, 8 oz (250mL)",223,7,0.15%,0.19%,318,8,0.16%,0.15%,96.43%,100.00%,72,3,32.29%,42.86%,$862.56,$35.25,69,2
B0CQ3JSRVT,B0CPFZ99WB,"Mango Tree Fertilizer for All Mangoes and Anacardiaceae Trees, Liquid Plant Food 8 oz (250mL)",333,10,0.23%,0.27%,476,18,0.23%,0.34%,97.79%,92.86%,70,1,21.02%,10.00%,$839.30,$11.99,68,1
B0CQ3JPCG8,B0CPFZDC65,"Jasmine Fertilizer for All Flowering Jasmine Shrubs and Vines, Liquid Plant Food 8 oz (250mL)",358,4,0.24%,0.11%,514,4,0.25%,0.08%,98.59%,100.00%,68,1,18.99%,25.00%,$815.32,$11.99,68,1
B0CQ3H6KRN,B0CPGBMFRJ,"TPS NUTRIENTS Philodendron Fertilizer for All Philodendron and Tropical Shade Plants, Liquid Plant Food 8 oz (250mL)",203,4,0.14%,0.11%,276,6,0.14%,0.11%,99.18%,100.00%,68,1,33.50%,25.00%,$815.08,$11.75,68,1
B0D4JVNJ9K,B0D4JH9R3R,"TPS NUTRIENTS Seaweed Fertilizer for Plants, Premium Organic Liquid Kelp for Gardening, Concentrated Liquid Plant Food 8 oz (250mL)",270,9,0.18%,0.24%,332,12,0.16%,0.23%,99.67%,100.00%,68,1,25.19%,11.11%,$815.32,$11.99,68,1
B07PHVX8TB,B08JHDYY1M,"Bloom City Organic Worm Tea Concentrate and Compost and Bokashi Booster, 1/2 Pint (8 oz)",485,11,0.33%,0.29%,646,14,0.32%,0.27%,96.93%,100.00%,70,0,14.43%,0.00%,$839.30,$0.00,67,0
B0DQTV7JYX,B0DQTNRXBG,"Calcium Nitrate Fertilizer, Promotes Healthy Growth for All Plants and Prevents Blossom End Rot, 8 oz (250mL)",293,17,0.20%,0.46%,401,20,0.20%,0.38%,99.43%,100.00%,68,4,23.21%,23.53%,$814.84,$47.48,67,4
B0FLWY9CRQ,B0FLWXQ5XY,"Amaryllis Fertilizer for Amaryllis Bulbs, Great for Amaryllis Bulbs in Vase or for Planting, Liquid Fertilizer by TPS Plant Foods, 8 oz (250mL)",155,1,0.11%,0.03%,203,1,0.10%,0.02%,99.43%,100.00%,69,1,44.52%,100.00%,$827.07,$11.75,66,1
B0871D2DNL,B0CT65NMRD,"Signal Terpene Enhancer Plant Nutrient and Supplement, Flower Hardener and Increases Flavor by TPS Nutrients, 8 oz (250mL)",752,17,0.51%,0.46%,998,31,0.49%,0.59%,98.54%,100.00%,66,1,8.78%,5.88%,"$1,121.34",$16.99,65,1
B0FKMQTF7F,B0FKM5NMKB,"Guava Tree Fertilizer for Guava Trees, Great for White, Pink, and Red Guava Varieties, Liquid Fertilizer by TPS Plant Foods, 8 oz (250mL)",323,9,0.22%,0.24%,451,12,0.22%,0.23%,100.00%,100.00%,65,2,20.12%,22.22%,$778.87,$23.50,64,2
B077NMN88N,B077NM2JSB,"Bloom City Organic Wild Fish Fertilizer and Plant Supplement, Great for Roots and Soil, Made from Sustainable Salmon, Quart (32 oz)",330,7,0.22%,0.19%,433,7,0.21%,0.13%,99.73%,0.00%,62,2,18.79%,28.57%,"$1,238.58",$39.18,62,2
B0DQSG8GXJ,B0DQSVV6DL,"Ivy Plant Food, Complete Liquid Ivy and Vine Plant Ferilizer, 8 oz (250mL)",138,7,0.09%,0.19%,184,7,0.09%,0.13%,99.37%,100.00%,64,2,46.38%,28.57%,$754.89,$23.50,62,2
B0CQ3J3RN7,B0CPGD9BRM,"ZZ Plant Fertilizer for All Zamioculcas Plants, Liquid Plant Food 8 oz (250mL)",267,6,0.18%,0.16%,366,6,0.18%,0.11%,96.91%,100.00%,61,0,22.85%,0.00%,$731.39,$0.00,60,0
B0D4JT7C95,B0D4JFHCPP,"TPS NUTRIENTS Liquid 10-10-10 Fertilizer for Trees and Shrubs, Triple Ten NPK Plus Iron and Micros, Liquid Plant Food 8 oz (250mL)",361,8,0.25%,0.21%,499,11,0.25%,0.21%,100.00%,100.00%,62,1,17.17%,12.50%,$743.38,$11.99,60,1
B0C73R538L,B0C73RKJRD,"Strawberry Fertilizer for Fruit and Berry Gardens, Liquid Plant Food 8 oz (250mL)",298,7,0.20%,0.19%,431,14,0.21%,0.27%,98.11%,100.00%,60,5,20.13%,71.43%,$694.70,$59.23,59,5
B0CQ3JS6TP,B0CPGDYQN3,"TPS NUTRIENTS Tropical Plant Fertilizer for All Tropical Indoor and Outdoor Plants, Liquid Plant Food, 32 oz (1 Quart)",154,3,0.10%,0.08%,201,3,0.10%,0.06%,100.00%,100.00%,61,1,39.61%,33.33%,"$1,524.39",$24.99,59,1
B073ZNXGSS,B073ZNTW37,Bloom City Professional pH Up + Down Control Kit for Optimal Nutrient Uptake (Two 1 Quart Bottles) 64 Total oz,217,6,0.15%,0.16%,278,7,0.14%,0.13%,97.13%,100.00%,57,0,26.27%,0.00%,"$1,594.29",$0.00,57,0
B0CQ3JRR5T,B0CPGF247B,"Banana Tree Fertilizer for All Banana Tree Plants, Liquid Plant Food, 32 oz (1 Quart)",185,4,0.13%,0.11%,239,7,0.12%,0.13%,96.04%,100.00%,58,2,31.35%,50.00%,"$1,448.92",$49.48,57,2
B0DPKX314K,B0DPKYNLX7,"Bulb Fertilizer, Complete Liquid Bulb Plant Food for All Bulbous Plants, 8 oz (250mL)",229,4,0.16%,0.11%,310,5,0.15%,0.10%,99.63%,100.00%,58,2,25.33%,50.00%,$683.19,$23.74,56,2
B0D4JT8TV6,B0D4JHB37Q,"TPS NUTRIENTS Sulfur Fertilizer for Plants, Micronutrient Sulfur for Boosted Growth and Flowering, Liquid Plant Food 8 oz (250mL)",302,8,0.21%,0.21%,386,9,0.19%,0.17%,99.41%,100.00%,55,1,18.21%,12.50%,$647.46,$11.99,55,1
B0DPM8ZKYK,B0DPM8MHGJ,"Curry Leaf Fertilizer, Complete Liquid Curry Leaf Plant Food, 8 oz (250mL)",266,4,0.18%,0.11%,364,5,0.18%,0.10%,99.04%,100.00%,56,0,21.05%,0.00%,$671.44,$0.00,55,0
B077SQMZQC,B077SXQ1QT,"Bloom City Organic Liquid Humic Soil Health Formula, Great for Houseplants, Gardens and Lawns, Quart (32 oz) Concentrated Makes 30+ Gallons",397,15,0.27%,0.40%,600,25,0.30%,0.48%,100.00%,100.00%,54,6,13.60%,40.00%,$916.10,$100.24,54,6
B0C73SSFH8,B0C73RSZLD,"Blueberry Fertilizer for Acid Loving Fruit and Berry Gardens, Liquid Plant Food 8 oz (250mL)",200,4,0.14%,0.11%,264,7,0.13%,0.13%,99.57%,100.00%,56,2,28.00%,50.00%,$647.22,$23.74,54,2
B0DPMBH44S,B0DPMBDLXF,"Desert Rose Fertilizer, Complete Liquid Desert Rose Plant Food, 8 oz (250mL)",269,3,0.18%,0.08%,389,3,0.19%,0.06%,99.09%,100.00%,54,2,20.07%,66.67%,$647.22,$23.74,54,2
B0DQSRXHPW,B0DQSF7DS8,"Oak Tree Fertilizer, Complete Liquid Oak Tree Plant Food, 8 oz (250mL)",290,5,0.20%,0.13%,386,7,0.19%,0.13%,99.71%,100.00%,59,1,20.34%,20.00%,$707.17,$11.75,54,1
B0BRTHD3SD,B0BRTJC59Q,"Herb Plant Food for All Edible Herbs, Leafy Greens and Veggies, Liquid Houseplant Fertilizer, 32 oz (1 Quart)",209,3,0.14%,0.08%,279,5,0.14%,0.10%,100.00%,100.00%,53,0,25.36%,0.00%,"$1,324.47",$0.00,53,0
B0DQQZW6DZ,B0DQQSSCCR,"Potato Fertilizer, Complete Liquid Potato Plant Food, 8 oz (250mL)",347,7,0.24%,0.19%,494,9,0.24%,0.17%,98.86%,100.00%,54,1,15.56%,14.29%,$635.23,$11.75,53,1
B0DQSWML8M,B0DQSSZ51T,"Orange Tree Fertilizer, Complete Liquid Orange Tree Citrus Plant Food, 8 oz (250mL)",195,6,0.13%,0.16%,267,7,0.13%,0.13%,100.00%,100.00%,53,1,27.18%,16.67%,$635.23,$11.75,53,1
B0871D2DNL,B07CWQ2V2G,"TPS NUTRIENTS Signal Terpene Enhancer Plant Nutrient and Supplement, Flower Hardener and Increases Flavor, 1 Gallon (128 oz)",337,24,0.23%,0.64%,467,33,0.23%,0.63%,97.03%,100.00%,71,7,21.07%,29.17%,"$3,545.29",$345.93,52,4
B0871DFX4Z,B07CWQ7FPX,"Organic Cal-Mag OAC Plant Nutrient and Supplement, Plus Iron and Micronutrients by TPS Nutrients, 1 Gallon (128 oz)",428,8,0.29%,0.21%,538,9,0.26%,0.17%,99.39%,100.00%,55,4,12.85%,50.00%,"$2,637.53",$190.04,52,4
B0BWKBZS94,B08176NTH7,"TPS NUTRIENTS One Liquid One Part Plant Nutrient from Veg to Bloom, for Lush Growth and Dense Flowers 1 Quart (32 oz)",428,18,0.29%,0.48%,663,26,0.33%,0.50%,99.09%,100.00%,52,1,12.15%,5.56%,"$1,870.76",$35.27,52,1
B0FKM7M6X4,B0FKM94FQY,"Fig Tree Fertilizer for Fig Trees, Great for Other Ficus Tree Varieties, Liquid Fertilizer by TPS Plant Foods, 8 oz (250mL)",163,5,0.11%,0.13%,223,5,0.11%,0.10%,100.00%,100.00%,52,1,31.90%,20.00%,$623.24,$11.75,52,1
B0DQTVJH91,B0DQT94SB2,"Aquatic Plant Fertilizer, Complete Liquid Aquatic Plant Food, 8 oz (250mL)",296,7,0.20%,0.19%,412,10,0.20%,0.19%,98.87%,100.00%,51,2,17.23%,28.57%,$611.49,$23.98,51,2
B0FLWTNNNS,B0FLWSVLT9,"Dragon Fruit Fertilizer for Dragon Fruit, Great for Red, White, and Yellow Dragon Fruit Varieties, Liquid Fertilizer by TPS Plant Foods, 8 oz (250mL)",200,3,0.14%,0.08%,278,3,0.14%,0.06%,100.00%,66.67%,53,1,26.50%,33.33%,$623.24,$11.75,51,1
B0BZB3PMMC,B0BZBFF2TC,"Bloom City's Organic Liquid Epsom Salt for Plants - Epsom Salt for Gardening and Garden Epsom Salt for Plants Nutrient Uptake - Magnesium Sulfate for Plants, Quart (32 oz)",238,2,0.16%,0.05%,324,2,0.16%,0.04%,96.68%,100.00%,51,1,21.43%,50.00%,"$1,274.49",$24.99,50,1
B0DPGW682S,B0DPGW63XX,"Lucky Bamboo Fertilizer, Complete Liquid Lucky Bamboo Plant Food, 8 oz (250mL)",250,3,0.17%,0.08%,369,3,0.18%,0.06%,98.73%,100.00%,51,1,20.40%,33.33%,$611.25,$11.75,50,1
B0CQ3JTLM8,B0CPG83ZV7,"Evergreen Tree Fertilizer for All Conifer Trees and Shrubs, Liquid Plant Food, 32 oz (1 Quart)",268,7,0.18%,0.19%,363,8,0.18%,0.15%,99.36%,100.00%,51,0,19.03%,0.00%,"$1,274.49",$0.00,49,0
B09NZTL8S4,B09P3L4ZPN,"TPS NUTRIENTS Billions Concentrated Microbial Root Enhancer, 100% Water-Soluble with Mycorrhizae, Bacteria and Trichoderma, 16 oz (1 Pound)",337,12,0.23%,0.32%,479,19,0.24%,0.36%,99.51%,100.00%,52,3,15.43%,25.00%,"$2,339.48",$134.97,48,3
B08718H8XV,B07CWQ4PXV,"TPS NUTRIENTS N-Primer Nitrogen Supplement for Fast Vegetative Growth, Promotes Dark Green Leaves Quart (32 oz)",284,3,0.19%,0.08%,390,6,0.19%,0.11%,99.71%,100.00%,48,3,16.90%,100.00%,"$1,173.53",$73.97,47,2
B0C73SH1JW,B0C73RF7GX,"TPS NUTRIENTS Tree Fertilizer for All Trees and Shrubs, Liquid Plant Food, 32 oz (1 Quart)",400,6,0.27%,0.16%,515,8,0.25%,0.15%,100.00%,100.00%,49,1,12.25%,16.67%,"$1,224.01",$24.49,47,1
B0BZ9XSTGN,B0C4ZW6QQP,"Bloom City's Acid-Loving Plant Fertilizer, Soil Acidifier for All Acid Loving Plants, Quart (32 oz)",273,4,0.19%,0.11%,386,4,0.19%,0.08%,99.09%,100.00%,46,0,16.85%,0.00%,"$1,149.54",$0.00,46,0
B0C73R9Y77,B0C73S1VRL,"Plumeria Fertilizer for All Frangipani and Tropical Plants, Liquid Plant Food, 32 oz (1 Quart)",113,3,0.08%,0.08%,145,3,0.07%,0.06%,100.00%,0.00%,46,0,40.71%,0.00%,"$1,149.54",$0.00,46,0
B0CQ3JTLM8,B0CPGHY54X,"Evergreen Tree Fertilizer for All Conifer Trees and Shrubs, Liquid Plant Food 8 oz (250mL)",245,6,0.17%,0.16%,341,8,0.17%,0.15%,98.99%,100.00%,49,1,20.00%,16.67%,$575.28,$11.75,46,1
B0BRTJ2JRK,B0C6K2PMKS,"Liquid Plant Food for use in AeroGarden, IDOO and Hydroponic Growing Systems, Liquid Fertilizer 1 Gallon (128 oz)",317,24,0.22%,0.64%,391,33,0.19%,0.63%,99.08%,95.65%,46,7,14.51%,29.17%,"$2,758.34",$418.73,45,7
B0C6R5GT7H,B0C6R6KYGM,"TPS NUTRIENTS Cactus Fertilizer for Cacti and All Desert Plants, Liquid Plant Food 8 oz (250mL)",248,2,0.17%,0.05%,349,3,0.17%,0.06%,100.00%,100.00%,48,0,19.35%,0.00%,$575.52,$0.00,45,0
B0DPKWMFDH,B0DPKYHHSG,"Boxwood Fertilizer, Complete Liquid Boxwood Shrub Plant Food, 8 oz (250mL)",181,4,0.12%,0.11%,257,4,0.13%,0.08%,100.00%,100.00%,44,0,24.31%,0.00%,$527.56,$0.00,44,0
B0871D2QP9,B07CWQ5YM1,"TPS NUTRIENTS Bloom Bud Builder & Flower Hardener Plant Nutrient and Supplement, Triggers Fast Flowering, 1 Gallon (128 oz)",710,38,0.48%,1.02%,"1,003",51,0.49%,0.98%,99.04%,100.00%,52,5,7.32%,13.16%,"$2,598.48",$248.95,43,5
B0DQSHCZH5,B0DQSB9TGQ,"Magnolia Tree Fertilizer, Complete Liquid Magnolia Tree Plant Food, 32 oz (1 Quart)",113,5,0.08%,0.13%,143,9,0.07%,0.17%,100.00%,100.00%,44,0,38.94%,0.00%,"$1,099.56",$0.00,43,0
B073ZNYYYY,B08JHGRWD8,"Bloom City Professional pH Down Liquid Fertilizer, 1/2 Pint (8 oz)",151,0,0.10%,0.00%,196,0,0.10%,0.00%,97.08%,0.00%,42,0,27.81%,0.00%,$503.58,$0.00,41,0
B0D4GKKNFB,B0D4GD1DR9,"Organic Monstera Plant Food, Slow Release Dry Granular Fertilizer for Monstera and Philodendron, Tropical Plant Food (6 Ounces)",193,2,0.13%,0.05%,271,2,0.13%,0.04%,99.12%,100.00%,41,0,21.24%,0.00%,$614.59,$0.00,40,0
B0DQTHTZP6,B0DQTBZC3F,"Ferrous Sulfate for Plants, Complete Iron and Sulfur Supplement for Healthy Growth, 32 oz (1 Quart)",139,1,0.09%,0.03%,177,4,0.09%,0.08%,100.00%,100.00%,41,0,29.50%,0.00%,"$1,024.59",$0.00,40,0
B0DQV4QF1Q,B0DQTSJF6Q,"Carnivorous Plant Fertilizer, Complete Liquid Plant Food for All Carnivorous Plants, 8 oz (250mL)",162,5,0.11%,0.13%,204,5,0.10%,0.10%,100.00%,100.00%,39,1,24.07%,20.00%,$310.67,$7.81,39,1
B0BRTHP3XC,B0BRTJJ987,"Fiddle Leaf Fig Plant Food for All Fig and Other Ficus Trees, Liquid Houseplant Fertilizer, 32 oz (1 Quart)",117,7,0.08%,0.19%,141,8,0.07%,0.15%,100.00%,100.00%,39,2,33.33%,28.57%,$974.61,$49.98,38,1
B0C73Q3PZL,B0C73SKHWB,"Hibiscus Fertilizer for Tropical and Flowering Plants, Liquid Plant Food, 32 oz (1 Quart)",119,0,0.08%,0.00%,144,0,0.07%,0.00%,100.00%,0.00%,38,1,31.93%,0.00%,$924.13,$24.49,38,1
B0DQSNTT36,B0DQSMCW87,"Mum Fertilizer, Complete Liquid Mum Plant Food for All Chrysanthemums, 8 oz (250mL)",124,2,0.08%,0.05%,169,2,0.08%,0.04%,99.33%,100.00%,37,0,29.84%,0.00%,$443.63,$0.00,37,0
B0DQSTM2NS,B0DQSPSN39,"Maple Tree Fertilizer, Complete Liquid Maple Tree Plant Food, 8 oz (250mL)",224,3,0.15%,0.08%,305,4,0.15%,0.08%,100.00%,100.00%,37,2,16.52%,66.67%,$419.17,$23.50,37,2
B0D4JV15FG,B0D4JH5DR2,"Worm Casting Tea Concentrate, Liquid Earthworm Tea for Plants, Bokashi and Compost Booster 8 oz (250mL)",320,7,0.22%,0.19%,456,8,0.22%,0.15%,98.68%,100.00%,38,0,11.88%,0.00%,$455.62,$0.00,36,0
B08716646D,B01MTCXHIQ,"TPS NUTRIENTS Cal-Mag Complete, Calcium Magnesium Iron and Micronutrients Fertilizer and Supplement, 1 Gallon (128 oz)",434,28,0.29%,0.75%,611,36,0.30%,0.69%,100.00%,100.00%,37,1,8.53%,3.57%,"$1,774.89",$47.97,35,1
B073ZP8NYB,B08JHG21PR,"Bloom City Professional pH Up Liquid Fertilizer, 1/2 Pint (8 oz)",154,5,0.10%,0.13%,193,6,0.09%,0.11%,97.18%,100.00%,36,0,23.38%,0.00%,$431.64,$0.00,35,0
B0DQTY7K8G,B0DQTP9FHM,"Potassium Nitrate Fertilizer, Essential Potassium and Nitrogen Plant Growth Booster, 8 oz (250mL)",304,7,0.21%,0.19%,398,14,0.20%,0.27%,99.44%,100.00%,38,6,12.50%,85.71%,$454.42,$70.74,35,3
B0FM1YDYGJ,B0FM1YK2R9,"Basil Fertilizer for Basil Plant, Great for Mint, Rosemary, and Thyme, Liquid Fertilizer by TPS Plant Foods, 8 oz (250mL)",100,1,0.07%,0.03%,127,2,0.06%,0.04%,99.15%,100.00%,35,0,35.00%,0.00%,$419.65,$0.00,35,0
B0C73VV3QQ,B0C73RDHKR,"Citrus Fertilizer for All Citrus and Fruiting Trees, Liquid Plant Food, 32 oz (1 Quart)",143,2,0.10%,0.05%,187,2,0.09%,0.04%,99.39%,100.00%,34,2,23.78%,100.00%,$849.66,$49.98,34,2
B0C73SH1JW,B0C73S6NFW,"TPS NUTRIENTS Tree Fertilizer for All Trees and Shrubs, Liquid Plant Food, 1 Gallon (128 oz)",178,6,0.12%,0.16%,248,9,0.12%,0.17%,99.51%,100.00%,37,0,20.79%,0.00%,"$1,849.63",$0.00,34,0
B0CQ3JLW8Q,B0CPGKVZJH,"TPS NUTRIENTS Ficus Tree Fertilizer for All Ficus, Fig and Moraceae Plants, Liquid Plant Food, 32 oz (1 Quart)",85,1,0.06%,0.03%,102,1,0.05%,0.02%,100.00%,100.00%,35,1,41.18%,100.00%,$874.65,$24.99,34,1
B0CTJB6P18,B0CT6LL6ZX,"TPS NUTRIENTS Root Supplement for Succulents, Stimulate and Propagate Healthy Succulent Roots with Probiotics and Seaweed, Liquid Plant Fertilizer 8 oz (250mL)",251,4,0.17%,0.11%,346,5,0.17%,0.10%,100.00%,0.00%,34,1,13.55%,25.00%,$494.37,$14.69,34,1
B0DQQG8RKX,B0DQQQZLKV,"Lilac Fertilizer, Complete Liquid Lilac Bush Plant Food, 8 oz (250mL)",129,1,0.09%,0.03%,170,2,0.08%,0.04%,100.00%,100.00%,36,1,27.91%,100.00%,$431.40,$11.75,34,1
B0DQSS7Z86,B0DQSV4LFW,"Pepper Fertilizer, Complete Liquid Pepper Plant Food, 32 oz (1 Quart)",105,1,0.07%,0.03%,146,2,0.07%,0.04%,100.00%,100.00%,38,1,36.19%,100.00%,$949.62,$24.99,34,1
B0BWKBZS94,B08175HHGY,"TPS NUTRIENTS One Liquid One Part Plant Nutrient from Veg to Bloom, for Lush Growth and Dense Flowers, 1 Gallon (128 oz)",328,14,0.22%,0.37%,461,20,0.23%,0.38%,99.21%,100.00%,35,0,10.67%,0.00%,"$2,449.65",$0.00,33,0
B0871BL88Y,B097FD4CTM,"TPS NUTRIENTS Root Boost Advanced Rooting Formula for Living Soil and White Roots, Plus Microbes 1/2 Pint (8 oz)",353,10,0.24%,0.27%,510,11,0.25%,0.21%,99.53%,100.00%,35,1,9.92%,10.00%,$629.65,$17.99,33,1
B0D4JVG5HJ,B0D4JJK1W2,"TPS NUTRIENTS Compost Starter and Accelerator, Fast Acting Organic Concentrated Liquid Probiotics for Home Compost Pile 8 oz (250mL)",281,4,0.19%,0.11%,369,5,0.18%,0.10%,99.37%,100.00%,35,1,12.46%,25.00%,$419.41,$11.75,33,1
B0DQSQJ3JM,B0DQSVS8Z5,"Japanese Maple Fertilizer, Complete Liquid Plant Food for All Japanese Maple Tree Varietals, 32 oz (1 Quart)",103,3,0.07%,0.08%,127,4,0.06%,0.08%,100.00%,50.00%,33,0,32.04%,0.00%,$824.67,$0.00,33,0
B0871BL88Y,B07CWPPS52,"TPS NUTRIENTS Root Boost Advanced Rooting Formula for Living Soil and White Roots, Plus Microbes 1 Quart (32 oz)",335,12,0.23%,0.32%,474,21,0.23%,0.40%,99.49%,100.00%,32,0,9.55%,0.00%,$959.68,$0.00,32,0
B0C6R64HBS,B0C6R6RL7B,"TPS NUTRIENTS Air Plant Fertilizer for All Tillandsia Air Plants, Use As Foliar Spray or for Soaking, Liquid Plant Food, 32 oz (1 Quart)",111,3,0.08%,0.08%,150,3,0.07%,0.06%,100.00%,100.00%,32,1,28.83%,33.33%,$799.68,$24.99,32,1
B0FLWWFB2R,B0FLWWFB2R,"Foliar Fertilizer Spray, Gentle Foliar Feeding Spray for Healthy Leaves and Plants. Liquid Fertilizer by TPS Plant Foods, 16oz (475ml)",173,7,0.12%,0.19%,250,9,0.12%,0.17%,99.53%,100.00%,34,0,19.65%,0.00%,$339.66,$0.00,32,0
B07PHVX8TB,B07PHVYY87,"Organic Worm Tea Concentrate and Compost and Bokashi Booster by Bloom City, Gallon(128 oz)",209,9,0.14%,0.24%,279,13,0.14%,0.25%,90.16%,57.14%,33,2,15.79%,22.22%,"$1,648.67",$98.98,31,2
B0BZ9RFYWJ,B0BZBG4Z7M,"Bloom City's Organic Berry Best, Blueberry Fertilizer & Strawberry Fertilizer, Quart (32 oz)",204,6,0.14%,0.16%,278,8,0.14%,0.15%,98.42%,100.00%,31,1,15.20%,16.67%,$774.69,$24.99,31,1
B0C6R5T1W1,B0C6R75HBB,"Bonsai Fertilizer for All Bonsai Trees, Great for Root Soaks, Liquid Plant Food, 32 oz (1 Quart)",167,4,0.11%,0.11%,189,5,0.09%,0.10%,99.45%,100.00%,31,0,18.56%,0.00%,$774.69,$0.00,31,0
B0DQQNPYCB,B0DQRQ81YJ,"Hydroponic Nutrients for Edible Plants, One Part Complete Liquid Plant Food for Hydroponic Systems, 32 oz (1 Quart)",134,9,0.09%,0.24%,168,11,0.08%,0.21%,96.27%,100.00%,33,6,24.63%,66.67%,$823.17,$148.44,31,5
B0C6Q56QSG,B0C6Q6GN8H,"Palm Tree Fertilizer for All Palms and Ferns, Liquid Plant Food, 1 Gallon (128 oz)",98,7,0.07%,0.19%,123,10,0.06%,0.19%,99.08%,100.00%,30,2,30.61%,28.57%,"$1,499.70",$99.98,30,2
B0BWKBZS94,B0CT65YQZD,"TPS NUTRIENTS One Liquid One Part Plant Nutrient from Veg to Bloom, for Lush Growth and Dense Flowers 8 oz (250mL)",218,9,0.15%,0.24%,315,11,0.15%,0.21%,96.04%,100.00%,31,0,14.22%,0.00%,$557.07,$0.00,30,0
B0DPH37613,B0DPH4KVYT,"All Purpose NPK Fertilizer, Complete NPK Liquid Plant Food for All Plants, 8 oz (250mL)",219,6,0.15%,0.16%,291,8,0.14%,0.15%,99.63%,83.33%,30,1,13.70%,16.67%,$359.46,$11.75,30,1
B0C73S173V,B0C73SYHXY,"Apple Tree Fertilizer for All Apple, Pear, Nut and Fruit Trees, Liquid Plant Food 8 oz (250mL)",131,3,0.09%,0.08%,156,3,0.08%,0.06%,96.69%,100.00%,31,0,23.66%,0.00%,$371.69,$0.00,29,0
B0FLWY9CRQ,B0FLWYJ1S7,"Amaryllis Fertilizer for Amaryllis Bulbs, Great for Amaryllis Bulbs in Vase or for Planting, Liquid Fertilizer by TPS Plant Foods, 32oz (1Quart)",104,1,0.07%,0.03%,134,1,0.07%,0.02%,100.00%,100.00%,30,0,28.85%,0.00%,$599.70,$0.00,29,0
B08W2FWCJ3,B07GRQS8PS,"TPS NUTRIENTS Base A+B Two Part Set Complete Plant Growing Nutrient Formula for All Plants, for Both Soil and Hydro, Quart Set (2 x 32 oz)",298,13,0.20%,0.35%,425,24,0.21%,0.46%,98.39%,100.00%,28,2,9.40%,15.38%,"$1,007.72",$71.98,28,2
B0CQ3KFH19,B0CPG8X2V6,"Olive Tree Fertilizer for All Olive and Oleaceae Trees, Liquid Plant Food, 32 oz (1 Quart)",62,3,0.04%,0.08%,74,4,0.04%,0.08%,100.00%,100.00%,34,1,54.84%,33.33%,$849.66,$24.99,28,1
B0D4JSZ6TK,B0D4JGRK2C,"TPS NUTRIENTS Liquid 10-10-10 Fertilizer for Plants, Triple Ten NPK Plus Iron and Micros, Liquid Plant Food 8 oz (250mL)",107,2,0.07%,0.05%,144,2,0.07%,0.04%,99.20%,66.67%,28,1,26.17%,50.00%,$323.49,$11.75,28,1
B0C73PRW4M,B0C73RCDCT,"Lemon Tree Fertilizer for Lemon Trees and Citrus, Liquid Plant Food, 1 Gallon (128 oz)",98,7,0.07%,0.19%,119,9,0.06%,0.17%,98.97%,100.00%,27,2,27.55%,28.57%,"$1,348.73",$98.98,27,2
B0CQ3JSYVR,B0CPFZ8YST,"Fern Fertilizer for All Ferns and Mosses, Liquid Plant Food, 32 oz (1 Quart)",76,2,0.05%,0.05%,89,3,0.04%,0.06%,100.00%,100.00%,29,0,38.16%,0.00%,$724.71,$0.00,27,0
B0D4JSLMDM,B0D4JG1L2H,"TPS NUTRIENTS Bloom Fertilizer, Concentrated PK Boost, No Nitrogen Bud and Fruit Booster, Liquid Plant Food 8 oz (250mL)",298,5,0.20%,0.13%,436,5,0.21%,0.10%,100.00%,100.00%,28,1,9.40%,20.00%,$335.48,$11.75,27,1
B0DPM71SS2,B0DPM6L3CL,"Camellia Fertilizer, Complete Liquid Camellia Plant Food, 8 oz (250mL)",88,5,0.06%,0.13%,127,10,0.06%,0.19%,97.03%,100.00%,27,0,30.68%,0.00%,$323.73,$0.00,27,0
B0CQ3KQ22Y,B0CPGC52VG,"Bromeliad Fertilizer for All Bromeliaceae Plants, Liquid Plant Food 8 oz (250mL)",106,2,0.07%,0.05%,172,3,0.08%,0.06%,93.51%,100.00%,26,0,24.53%,0.00%,$311.74,$0.00,26,0
B0D4JTRK9L,B0D4JGKYCC,"TPS NUTRIENTS Calcium for Plants Made from Organic Inputs, Prevents Common Deficiencies, Liquid Plant Fertilizer 8 oz (250mL)",142,2,0.10%,0.05%,196,3,0.10%,0.06%,100.00%,100.00%,27,0,19.01%,0.00%,$323.73,$0.00,26,0
B0FKM9VP5Q,B0FKM1TQ7J,"Spruce Tree Fertilizer for Spruce Trees, Great for White Spruce, Blue Spruce, and Norway Spruce, Liquid Fertilizer by TPS Plant Foods, 8 oz (250mL)",122,1,0.08%,0.03%,158,1,0.08%,0.02%,100.00%,100.00%,28,0,22.95%,0.00%,$335.72,$0.00,26,0
B0FLWTNNNS,B0FLWTR5C6,"Dragon Fruit Fertilizer for Dragon Fruit, Great for Red, White, and Yellow Dragon Fruit Varieties, Liquid Fertilizer by TPS Plant Foods, 32 oz (1 Quart)",104,1,0.07%,0.03%,140,2,0.07%,0.04%,94.92%,100.00%,26,0,25.00%,0.00%,$624.75,$0.00,26,0
B073ZTGW3B,B073ZP113T,"Bloom City Liquid Silica Boost Fertilizer and Supplement, Gallon (128 oz) Concentrated Makes 750 Gallons",128,4,0.09%,0.11%,201,7,0.10%,0.13%,100.00%,100.00%,25,1,19.53%,25.00%,"$1,248.75",$48.99,25,1
B077SQMZQC,B08JHGSWDH,"Organic Liquid Humic Soil Health Formula, Great for Houseplants, Gardens and Lawns, by Bloom City, 1/2 Pint (8 oz) Concentrated Makes 30+ Gallons",125,4,0.08%,0.11%,171,5,0.08%,0.10%,99.32%,100.00%,25,1,20.00%,25.00%,$251.55,$9.79,25,1
B08719XBT4,B097FDGL6B,"Canopy Boost Foliar Spray for All Plants, Boosts Photosynthesis and Corrects Common Yellowing by TPS Nutrients, 1/2 Pint (8 oz)",220,6,0.15%,0.16%,328,8,0.16%,0.15%,98.55%,100.00%,25,0,11.36%,0.00%,$377.75,$0.00,25,0
B0C73SH1JW,B0C73RXR9M,"TPS NUTRIENTS Tree Fertilizer for All Trees and Shrubs, Liquid Plant Food 8 oz (250mL)",116,1,0.08%,0.03%,147,1,0.07%,0.02%,99.30%,0.00%,25,0,21.55%,0.00%,$299.75,$0.00,25,0
B0D2ZGMG2V,B0D2Z76Q7C,"TPS NUTRIENTS Mycorrhizal Fungi for Trees, Tree and Shrub Mycos for Transplanting and for Established, Contains Mycorrhizae and Soil Probiotics (6 Ounces)",242,7,0.16%,0.19%,332,8,0.16%,0.15%,98.17%,100.00%,26,2,10.74%,28.57%,$311.74,$23.98,25,2
B0FKSMXNYN,B0FKSZYC7Q,"Peony Fertilizer for Peony Flowers, Feeds Peony Bulbs for Stunning Blooms, Liquid Fertilizer by TPS Plant Foods, 8 oz (250mL)",82,2,0.06%,0.05%,110,2,0.05%,0.04%,100.00%,100.00%,25,0,30.49%,0.00%,$299.75,$0.00,25,0
B077NMN88N,B077NJYSBS,"Bloom City Organic Wild Fish Fertilizer and Plant Supplement, Great for Roots and Soil, Made from Sustainable Salmon, Gallon (128 oz)",168,6,0.11%,0.16%,214,6,0.11%,0.11%,100.00%,100.00%,24,0,14.29%,0.00%,$935.76,$0.00,24,0
B07PDNVVZG,B07PHVYY86,"Organic Root Stimulant, Salmon and Kelp Formula, Rich with Microbes and Mycorrhizae by Bloom City, Quart (32 oz)",232,4,0.16%,0.11%,359,5,0.18%,0.10%,98.72%,100.00%,24,0,10.34%,0.00%,$599.76,$0.00,24,0
B0C6R5GT7H,B0C6R5T1TR,"TPS NUTRIENTS Cactus Fertilizer for Cacti and All Desert Plants, Liquid Plant Food, 32 oz (1 Quart)",110,2,0.07%,0.05%,130,2,0.06%,0.04%,100.00%,100.00%,26,0,23.64%,0.00%,$649.74,$0.00,24,0
B0CQ3KHJKP,B0CPGD95SG,"TPS NUTRIENTS Dracaena Fertilizer for All Dracaena Plants and Trees, Liquid Plant Food 8 oz (250mL)",105,1,0.07%,0.03%,152,1,0.07%,0.02%,99.25%,100.00%,25,2,23.81%,200.00%,$299.51,$23.74,24,2
B0CQ3KN61F,B0CPGJR3N1,"TPS NUTRIENTS Aloe Vera Fertilizer for All Aloe and Succulent Plants, Liquid Plant Food 8 oz (250mL)",117,1,0.08%,0.03%,143,1,0.07%,0.02%,99.21%,0.00%,24,0,20.51%,0.00%,$287.76,$0.00,24,0
B0D4JT6349,B0D4JFC3K2,"TPS NUTRIENTS Potassium Fertilizer for Plants, Boosts Growth, Budding and Flowering, Liquid Plant Food, 32 oz (1 Quart)",115,2,0.08%,0.05%,172,4,0.08%,0.08%,100.00%,100.00%,25,0,21.74%,0.00%,$624.75,$0.00,24,0
B0D4JS969P,B0D4JHH8G4,"TPS NUTRIENTS Cal-Mag for Plants Plus Iron and Micros, Calcium and Magnesium, Prevent Common Deficiencies, 2-0-0 CalMag Liquid Plant Fertilizer 32 oz (1 Quart), GARDCALMAG1Q",128,2,0.09%,0.05%,168,4,0.08%,0.08%,100.00%,100.00%,24,0,18.75%,0.00%,$407.28,$0.00,24,0
B0DPKLDYR6,B0DPKPYZDZ,"Berry Fertilizer, Complete Liquid Strawberry and Blueberry Plant Food, Great for All Berries, 8 oz (250mL)",126,7,0.09%,0.19%,161,11,0.08%,0.21%,99.32%,100.00%,24,0,19.05%,0.00%,$287.76,$0.00,24,0
B073ZNYYYY,B073ZNBW79,"Bloom City Professional pH Down Liquid Fertilizer, Gallon (128 oz)",68,2,0.05%,0.05%,97,5,0.05%,0.10%,95.12%,100.00%,26,2,38.24%,100.00%,$961.74,$73.98,23,1
B073ZPHV76,B08JHH5P3Y,"Bloom City Organic SuperGreen Kelp Foliar Spray for Plants, 1/2 Pint (8 oz)",201,6,0.14%,0.16%,294,11,0.14%,0.21%,99.20%,100.00%,23,1,11.44%,16.67%,$275.53,$11.75,23,1
B0BZ9ZXDGH,B0BZB6X7YL,"Bloom City's Organic Citrus & Fruit Fertilizer for Fruit Trees - Citrus Tree Fertilizer for Potted Trees - Perfect Lemon Tree Fertilizer, Gallon (128 oz)",96,5,0.07%,0.13%,136,10,0.07%,0.19%,99.17%,100.00%,23,0,23.96%,0.00%,"$1,149.77",$0.00,23,0
B0C73SSFH8,B0C73R715R,"Blueberry Fertilizer for Acid Loving Fruit and Berry Gardens, Liquid Plant Food, 32 oz (1 Quart)",131,1,0.09%,0.03%,168,1,0.08%,0.02%,98.60%,100.00%,24,1,18.32%,100.00%,$599.26,$24.49,23,1
B0CQ3HYL7R,B0CPG1FX9T,"Peach Tree Fertilizer for All Peach, Nectarine and Stone Fruit Trees, Liquid Plant Food, 32 oz (1 Quart)",172,5,0.12%,0.13%,222,6,0.11%,0.11%,99.48%,100.00%,23,0,13.37%,0.00%,$574.77,$0.00,23,0
B0DQTVJZPX,B0DQTV9YB9,"Pitcher Plant Food, Complete Liquid Pitcher Plant Fertilizer, 8 oz (250mL)",134,2,0.09%,0.05%,174,3,0.09%,0.06%,100.00%,0.00%,24,0,17.91%,0.00%,$287.76,$0.00,23,0
B0DPM6CGSY,B0DPM6WDBF,"Compost Tea, Boosts Microbial Activity in Gardens for All Plants, 8 oz (250mL)",139,1,0.09%,0.03%,195,1,0.10%,0.02%,100.00%,0.00%,22,2,15.83%,200.00%,$263.30,$23.50,22,2
B0C6Q57W2L,B0C6Q6F34F,"Gardenia Fertilizer for Gardenias, Camellia and Rhododendron Plants, Flowering Liquid Plant Food, 32 oz (1 Quart)",166,5,0.11%,0.13%,205,10,0.10%,0.19%,99.44%,100.00%,21,0,12.65%,0.00%,$524.79,$0.00,21,0
B0D2ZT943T,B0D2Z4MKSP,"TPS NUTRIENTS Mycorrhizal Fungi for Houseplants, Mycos for Transplanting and for Established Indoor Plants, Contains Mycorrhizae and Soil Probiotics (6 Ounces)",298,10,0.20%,0.27%,417,15,0.21%,0.29%,98.85%,100.00%,21,1,7.05%,10.00%,$251.55,$11.75,21,1
B0D4GL3W26,B0D4GPT9QB,"Organic Fiddle Leaf Fig Plant Food, Slow Release Dry Granular Fertilizer for Fig Plants and Ficus Trees (6 Ounces)",129,1,0.09%,0.03%,149,3,0.07%,0.06%,99.26%,0.00%,21,1,16.28%,100.00%,$314.49,$14.69,21,1
B0D4G91VQL,B0D4GR62BL,"Organic Lemon Tree Fertilizer, Slow Release Dry Granular Fertilizer for Lemon and Citrus Trees - 1 Pound (16 Oz)",72,4,0.05%,0.11%,83,4,0.04%,0.08%,98.51%,100.00%,22,2,30.56%,50.00%,$659.78,$59.98,21,1
B0DPM9QJ41,B0DPMBVJ5L,"Dogwood Tree Fertilizer, Complete Liquid Dogwood Plant Food, 8 oz (250mL)",63,3,0.04%,0.08%,87,3,0.04%,0.06%,100.00%,75.00%,21,0,33.33%,0.00%,$251.79,$0.00,21,0
B0FM29Y71M,B0FM27TV42,"Begonia Fertilizer for Begonia Plants, Supports Begonia Bulbs Growth, Liquid Fertilizer by TPS Plant Foods, 8 oz (250mL)",54,1,0.04%,0.03%,68,1,0.03%,0.02%,100.00%,100.00%,21,0,38.89%,0.00%,$239.80,$0.00,21,0
B0FM4P8H5F,B0FM4PK6H9,"St Augustine Grass Fertilizer, Complete Plant Food for Saint Augustine Grass, Liquid Fertilizer by TPS Plant Foods, 32 oz (1 Quart)",195,10,0.13%,0.27%,300,16,0.15%,0.31%,100.00%,100.00%,23,0,11.79%,0.00%,$459.77,$0.00,21,0
B0D2ZFT5QW,B0D2Z4SJC3,TPS NUTRIENTS Root Mycos for Transplanting and Established Plants (16 Ounces),110,3,0.07%,0.08%,166,6,0.08%,0.11%,98.46%,100.00%,30,0,27.27%,0.00%,$749.70,$0.00,20,0
B0DQTSQVGV,B0DQTRBM2J,"Phosphorus and Potassium Fertilizer, Complete Liquid Phosphorus and Potassium for Plants, 32 oz (1 Quart)",126,0,0.09%,0.00%,165,0,0.08%,0.00%,99.31%,0.00%,22,0,17.46%,0.00%,$549.78,$0.00,20,0
B0FM398BX8,B0FM39FMLJ,"Spider Plant Fertilizer for Spider Plants, Great for Curly, Striped, and Solid Green Varieties, Liquid Fertilizer by TPS Plant Foods, 8oz (250ml)",74,3,0.05%,0.08%,113,3,0.06%,0.06%,100.00%,100.00%,20,0,27.03%,0.00%,$239.80,$0.00,20,0
B073ZP8NYB,B073ZPW4W6,"Bloom City Professional pH Up Liquid Fertilizer, Quart (32 oz)",70,0,0.05%,0.00%,99,0,0.05%,0.00%,95.12%,0.00%,19,0,27.14%,0.00%,$360.81,$0.00,19,0
B0BRTHVZCH,B0BRTKX9QR,"Monstera Plant Food for Monsteras and Philodendrons, Tropical Houseplant Liquid Fertilizer, 32 oz (1 Quart)",102,0,0.07%,0.00%,126,0,0.06%,0.00%,10.00%,0.00%,19,0,18.63%,0.00%,$449.82,$0.00,19,0
B0D4JT76SK,B0D4JDW3HY,"TPS NUTRIENTS Magnesium Fertilizer for Plants, Bioavailable Mg for Growth and Flowering, Liquid Plant Food 8 oz (250mL)",71,1,0.05%,0.03%,109,3,0.05%,0.06%,97.50%,100.00%,19,0,26.76%,0.00%,$227.81,$0.00,19,0
B0FKMDY72J,B0FKMJB92Y,"Onion Fertilizer for Onion Plants, Also Great for Garlic, Shallots, and Other Alliums, Liquid Fertilizer by TPS Plant Foods, 8 oz (250mL)",158,9,0.11%,0.24%,224,16,0.11%,0.31%,100.00%,100.00%,19,1,12.03%,11.11%,$227.81,$11.99,19,1
B0FLWXL4V2,B0FLWTCJZP,"Pineapple Fertilizer for Pineapple Plants, Supports Fruit Production and Indoor/Outdoor Success, Liquid Fertilizer by TPS Plant Foods, 32 oz (1 Quart)",57,1,0.04%,0.03%,78,1,0.04%,0.02%,96.72%,0.00%,20,0,35.09%,0.00%,$499.80,$0.00,19,0
B08W2FWCJ3,B07CWPKH72,"TPS Base A+B Two Part Set Complete Plant Growing Nutrient Formula for All Plants, for Both Soil and Hydro, Gallon Set (2 x 128 oz)",166,8,0.11%,0.21%,212,10,0.10%,0.19%,97.27%,100.00%,18,2,10.84%,25.00%,"$1,257.02",$137.18,18,2
B08719XBT4,B07CWPTGLV,"TPS NUTRIENTS Canopy Boost Foliar Spray for All Plants, Boosts Photosynthesis and Corrects Common Yellowing 1 Quart (32 oz)",212,5,0.14%,0.13%,280,6,0.14%,0.11%,99.57%,0.00%,18,0,8.49%,0.00%,$539.82,$0.00,18,0
B0BZ9L9NGZ,B0BZB82KM5,"Bloom City's Organic Nitrogen - Liquid Fertilizer for Lawns - Nitrogen Fertilizer for Lawns & Gardens, Quart (32 oz)",111,1,0.08%,0.03%,138,3,0.07%,0.06%,98.39%,100.00%,18,0,16.22%,0.00%,$449.82,$0.00,18,0
B0C73QC2XH,B0C73T7GD6,"Hydrangea Fertilizer for Acid Loving Plants, Liquid Plant Food, 32 oz (1 Quart)",69,1,0.05%,0.03%,86,1,0.04%,0.02%,98.77%,0.00%,19,0,27.54%,0.00%,$474.81,$0.00,18,0
B0CQ3JSRVT,B0CPFYF25V,"Mango Tree Fertilizer for All Mangoes and Anacardiaceae Trees, Liquid Plant Food, 32 oz (1 Quart)",110,5,0.07%,0.13%,147,8,0.07%,0.15%,99.23%,100.00%,18,1,16.36%,20.00%,$449.82,$24.99,18,1
B0D4JT76SS,B0D4JHJM1R,"TPS NUTRIENTS Liquid 10-10-10 Fertilizer for Vegetables, Triple Ten NPK Plus Iron and Micros, Liquid Plant Food, 32 oz (1 Quart)",113,1,0.08%,0.03%,157,2,0.08%,0.04%,100.00%,0.00%,18,0,15.93%,0.00%,$449.82,$0.00,18,0
B0D4JVGQ2M,B0D4JHN9KK,"TPS NUTRIENTS Liquid 10-10-10 Fertilizer for Lawn and Garden, Triple Ten NPK Plus Iron and Micros, Liquid Plant Food 8 oz (250mL)",95,1,0.06%,0.03%,126,1,0.06%,0.02%,100.00%,100.00%,18,0,18.95%,0.00%,$215.82,$0.00,18,0
B0DQ7XMBM5,B0DQ7YZNCQ,"Sago Palm Fertilizer, Complete Liquid Sago Palm Plant Food, 32 oz (1 Quart)",49,0,0.03%,0.00%,62,0,0.03%,0.00%,100.00%,0.00%,19,0,38.78%,0.00%,$474.81,$0.00,18,0
B0DQR1BND1,B0DQQZPPTC,"Hoya Fertilizer, Complete Liquid Hoya Plant Food, 32 oz (1 Quart)",51,1,0.03%,0.03%,66,1,0.03%,0.02%,98.25%,100.00%,19,1,37.25%,100.00%,$474.31,$24.49,18,1
B0DQSPXPLZ,B0DQSBBT4D,"Ixora Fertilizer, Complete Liquid Ixora Plant Food for All Rubiaceae, 8 oz (250mL)",68,4,0.05%,0.11%,92,4,0.05%,0.08%,100.00%,100.00%,19,0,27.94%,0.00%,$215.82,$0.00,18,0
B0DQSTM2NS,B0DQSYYQL4,"Maple Tree Fertilizer, Complete Liquid Maple Tree Plant Food, 32 oz (1 Quart)",52,0,0.04%,0.00%,65,0,0.03%,0.00%,100.00%,0.00%,18,1,34.62%,0.00%,$449.82,$24.99,18,1
B0DQSRXHPW,B0DQSYYS3Q,"Oak Tree Fertilizer, Complete Liquid Oak Tree Plant Food, 32 oz (1 Quart)",96,7,0.07%,0.19%,118,9,0.06%,0.17%,100.00%,100.00%,18,0,18.75%,0.00%,$449.82,$0.00,18,0
B0FKMF4QD8,B0FKMK8MK2,"Willow Fertilizer for Willow Trees, Great for Weeping Willow, Corkscrew Willow, and Dappled Willow, Liquid Fertilizer by TPS Plant Foods, 8 oz (250 ml)",52,4,0.04%,0.11%,77,6,0.04%,0.11%,98.55%,100.00%,18,1,34.62%,25.00%,$215.82,$11.99,18,1
B0CQ3HYL7R,B0CPGR5B43,"Peach Tree Fertilizer for All Peach, Nectarine and Stone Fruit Trees, Liquid Plant Food 8 oz (250mL)",101,3,0.07%,0.08%,136,3,0.07%,0.06%,98.35%,100.00%,17,0,16.83%,0.00%,$203.83,$0.00,17,0
B0DQ85JPJT,B0DQ81K5G4,"Pumpkin Fertilizer, Complete Liquid Pumpkin Squash and GORD Plant Food, 8 oz (250mL)",55,1,0.04%,0.03%,74,1,0.04%,0.02%,98.33%,0.00%,17,0,30.91%,0.00%,$203.83,$0.00,17,0
B0DQRCZ129,B0DQRBFT4K,"Garlic Fertilizer, Complete Liquid Garlic and All Allium Varieties Plant Food, 32 oz (1 Quart)",62,0,0.04%,0.00%,84,0,0.04%,0.00%,100.00%,0.00%,17,0,27.42%,0.00%,$424.83,$0.00,17,0
B0DQSQJ3JM,B0DQSMMF79,"Japanese Maple Fertilizer, Complete Liquid Plant Food for All Japanese Maple Tree Varietals, 1 Gallon (128 oz)",87,6,0.06%,0.16%,104,8,0.05%,0.15%,100.00%,100.00%,18,1,20.69%,16.67%,$899.82,$49.99,17,1
B0DQTNNSWJ,B0DQTBRTYH,"Pine Tree Fertilizer, Complete Liquid Pine Tree Plant Food, 32 oz (1 Quart)",58,0,0.04%,0.00%,85,0,0.04%,0.00%,98.57%,0.00%,17,0,29.31%,0.00%,$424.83,$0.00,17,0
B0FKSZMX85,B0FKSPRS33,"Grape Fertilizer for Grape Vines, Great for All Varieties Including Concord, Thompson Seedless, Chardonnay, and More, Liquid Fertilizer by TPS Plant Foods, 8 oz (250mL)",90,2,0.06%,0.05%,123,3,0.06%,0.06%,100.00%,100.00%,17,0,18.89%,0.00%,$203.83,$0.00,17,0
B0FLWSVHHN,B0FLWT21D5,"Boston Fern Fertilizer for Boston Fern, Great for Fluffy Ruffles, Dallas, and Compacta Fern Varieties, Liquid Fertilizer by TPS Plant Foods, 8 oz (250mL)",35,2,0.02%,0.05%,45,3,0.02%,0.06%,100.00%,100.00%,17,0,48.57%,0.00%,$203.83,$0.00,17,0
B0BRTJFDBD,B0BRTHWDSZ,"Orchid Plant Food for All Orchids and Acid Loving Houseplants, Promotes Growth and Blooms, Liquid Fertilizer, 32 oz (1 Quart)",77,3,0.05%,0.08%,94,3,0.05%,0.06%,100.00%,100.00%,16,0,20.78%,0.00%,$399.84,$0.00,16,0
B0BRTGXTVW,B0BW9Y9NF6,"Succulent Plant Food for Succulents, Cactus, Jade and Aloe, Liquid Houseplant Fertilizer, 32 oz (1 Quart)",58,2,0.04%,0.05%,67,2,0.03%,0.04%,100.00%,100.00%,16,1,27.59%,50.00%,$399.34,$24.49,16,1
B0CQ3JPZSQ,B0CPGRGNDS,"Lime Tree Fertilizer for All Lime and Citrus Trees, Liquid Plant Food, 32 oz (1 Quart)",88,1,0.06%,0.03%,107,1,0.05%,0.02%,100.00%,100.00%,16,0,18.18%,0.00%,$399.84,$0.00,16,0
B0CTJ2768H,B0CT68NWGV,"TPS NUTRIENTS Root Supplement for Orchids, Stimulate and Propagate Healthy Orchid Roots with Probiotics and Seaweed, Liquid Plant Fertilizer, 32 oz (1 Quart)",78,5,0.05%,0.13%,111,8,0.05%,0.15%,100.00%,100.00%,17,0,21.79%,0.00%,$424.83,$0.00,16,0
B0D2YDN1H9,B0D2Y7F5F5,TPS NUTRIENTS Mycos for Transplanting and Established Plants (16 Ounces),131,3,0.09%,0.08%,223,4,0.11%,0.08%,97.34%,0.00%,16,0,12.21%,0.00%,$319.52,$0.00,16,0
B0D4K23LWF,B0D4JJ5FYG,"Houseplant Fertilizer for Indoor Plants, Premium Liquid Plant Food for Gardening, Concentrated Liquid Plant Food 8 oz (250mL)",114,2,0.08%,0.05%,146,2,0.07%,0.04%,94.44%,100.00%,16,0,14.04%,0.00%,$239.84,$0.00,16,0
B0DPKWMFDH,B0DPKW8QKH,"Boxwood Fertilizer, Complete Liquid Boxwood Shrub Plant Food, 32 oz (1 Quart)",60,7,0.04%,0.19%,87,10,0.04%,0.19%,100.00%,100.00%,20,2,33.33%,28.57%,$499.80,$49.98,16,2
B0DPM9DVCT,B0DPM8M74F,"Crepe Myrtle Fertilizer, Complete Liquid Crepe Myrtle TreePlant Food, 32 oz (1 Quart)",63,1,0.04%,0.03%,72,1,0.04%,0.02%,100.00%,100.00%,16,0,25.40%,0.00%,$399.84,$0.00,16,0
B0DQSHCH55,B0DQSGQ15C,"Hydroponic Plant Food, Complete One Part Liquid Hydroponic Fertilizer, 32 oz (1 Quart)",64,1,0.04%,0.03%,72,1,0.04%,0.02%,100.00%,100.00%,16,1,25.00%,100.00%,$399.84,$24.99,16,1
B0BRTHVZCH,B0C6K2PMKL,"Plant Food for Monsteras and Philodendrons, Tropical Houseplant Liquid Fertilizer, 1 Gallon (128 oz)",122,1,0.08%,0.03%,143,1,0.07%,0.02%,86.29%,100.00%,15,0,12.30%,0.00%,$899.85,$0.00,15,0
B0CQ3JSRVT,B0CPGNM4GM,"Mango Tree Fertilizer for All Mangoes and Anacardiaceae Trees, Liquid Plant Food 1 Gallon (128oz)",80,7,0.05%,0.19%,109,7,0.05%,0.13%,98.94%,100.00%,17,0,21.25%,0.00%,$849.83,$0.00,15,0
B0CQ3JTLM8,B0CPGP6WT9,"Evergreen Tree Fertilizer for All Conifer Trees and Shrubs, Liquid Plant Food 1 Gallon (128oz)",102,5,0.07%,0.13%,133,5,0.07%,0.10%,99.08%,100.00%,19,0,18.63%,0.00%,$949.81,$0.00,15,0
B0D4JV8CP2,B0D4JHML3R,"TPS NUTRIENTS Urea Fertilizer for Plants, 15-0-0 Balanced Nitrogen for Vibrant Green Growth, Liquid Plant Food, 32 oz (1 Quart)",79,5,0.05%,0.13%,103,5,0.05%,0.10%,100.00%,100.00%,18,1,22.78%,20.00%,$449.82,$24.99,15,1
B0DQRHPKF8,B0DQRM621V,"Fish Fertilizer, Complete Liquid Fish Plant Food, 8 oz (250mL)",104,2,0.07%,0.05%,134,5,0.07%,0.10%,96.55%,100.00%,15,1,14.42%,50.00%,$179.61,$11.75,15,1
B073ZPHV76,B07PHVZJSD,"Bloom City Organic SuperGreen Kelp Foliar Spray for Plants, Quart (32 oz)",155,11,0.11%,0.29%,206,12,0.10%,0.23%,100.00%,100.00%,14,1,9.03%,9.09%,$349.86,$24.99,14,1
B0DQQZW6DZ,B0DQQQZXKB,"Potato Fertilizer, Complete Liquid Potato Plant Food, 32 oz (1 Quart)",53,2,0.04%,0.05%,67,4,0.03%,0.08%,100.00%,100.00%,14,2,26.42%,100.00%,$349.86,$49.98,14,2
B0DQSRXHPW,B0DQSNX3N7,"Oak Tree Fertilizer, Complete Liquid Oak Tree Plant Food, 1 Gallon (128 oz)",72,2,0.05%,0.05%,92,4,0.05%,0.08%,98.80%,100.00%,16,0,22.22%,0.00%,$799.84,$0.00,14,0
B0FKMQTF7F,B0FKLRLQL1,"Guava Tree Fertilizer for Guava Trees, Great for White, Pink, and Red Guava Varieties, Liquid Fertilizer by TPS Plant Foods, 32 oz (1 Quart)",82,4,0.06%,0.11%,113,4,0.06%,0.08%,99.01%,100.00%,14,0,17.07%,0.00%,$349.86,$0.00,14,0
B0FKMML25Z,B0FKM1D4D2,"Pecan Tree Fertilizer for Pecan Trees, Supports Strong Growth and Hearty Nuts in All Varieities of Nut Trees, Liquid Fertilizer by TPS Plant Foods, 8 oz (250mL)",135,4,0.09%,0.11%,190,4,0.09%,0.08%,99.40%,100.00%,18,6,13.33%,150.00%,$215.10,$71.22,14,2
B0FLWW8458,B0FLWW8458,"Money Tree Fertilizer Spray, Gentle Foliar Feeding Spray for Healthy Leaves and Plants, Liquid Fertilizer by TPS Plant Foods, 16oz (475ml)",57,2,0.04%,0.05%,76,2,0.04%,0.04%,96.92%,100.00%,14,0,24.56%,0.00%,$139.86,$0.00,14,0
B08718H8XV,B07CWP26VY,"TPS NUTRIENTS N-Primer Nitrogen Supplement for Fast Vegetative Growth, Promotes Dark Green Leaves Gallon (128 oz)",59,0,0.04%,0.00%,77,0,0.04%,0.00%,100.00%,0.00%,13,0,22.03%,0.00%,$649.87,$0.00,13,0
B0D4JV15FG,B0D4JFQVNC,"Worm Casting Tea Concentrate, Liquid Earthworm Tea for Plants, Bokashi and Compost Booster, 32 oz (1 Quart)",62,2,0.04%,0.05%,72,2,0.04%,0.04%,100.00%,100.00%,13,0,20.97%,0.00%,$259.61,$0.00,13,0
B0D4JTBYSP,B0D4JGC3G4,"TPS NUTRIENTS Starter Plant Fertilizer, Gentle Complete Formula Plus Micronutrients for Starts and Transplants, Liquid Plant Food 8 oz (250mL)",69,1,0.05%,0.03%,99,1,0.05%,0.02%,97.44%,0.00%,13,0,18.84%,0.00%,$155.87,$0.00,13,0
B0DPL3HCRK,B0DPKZ58QN,"Tulip Bulb Fertilizer, Complete Liquid Tulip Bulb Plant Food, 8 oz (250mL)",106,1,0.07%,0.03%,154,1,0.08%,0.02%,99.21%,100.00%,13,1,12.26%,100.00%,$155.63,$11.75,13,1
B0FKMQVTR4,B0FKM3XTNM,"Cherry Tree Fertilizer for Cherry Trees, Great for Bing, Rainier, and Montmorency Varieties, Liquid Fertilizer by TPS Plant Foods, 8 oz (250mL)",60,0,0.04%,0.00%,83,0,0.04%,0.00%,100.00%,0.00%,13,0,21.67%,0.00%,$155.87,$0.00,13,0
B0871BL88Y,B07CWNRS9C,"TPS NUTRIENTS Root Boost Advanced Rooting Formula for Living Soil and White Roots, Plus Microbes, 1 Gallon (128 oz)",92,10,0.06%,0.27%,117,13,0.06%,0.25%,100.00%,100.00%,13,1,14.13%,10.00%,$909.87,$69.99,12,1
B0C73TPPD9,B0C73SGKJP,"TPS NUTRIENTS Tomato Fertilizer for Tomato and Vegetable Gardens, Liquid Plant Food 8 oz (250mL)",109,2,0.07%,0.05%,145,3,0.07%,0.06%,99.23%,100.00%,13,1,11.93%,50.00%,$129.61,$9.97,12,1
B0C73Q3PZL,B0C73SGLGQ,"Hibiscus Fertilizer for Tropical and Flowering Plants, Liquid Plant Food, 1 Gallon (128 oz)",46,1,0.03%,0.03%,55,1,0.03%,0.02%,98.04%,100.00%,12,0,26.09%,0.00%,$599.88,$0.00,12,0
B0CQ3GSLLX,B0CPGHVL69,"Bamboo Plant Food, Complete Liquid Bamboo Fertilizer, 8 oz (250mL)",83,1,0.06%,0.03%,107,3,0.05%,0.06%,100.00%,0.00%,12,1,14.46%,100.00%,$143.64,$11.75,12,1
B0DPH6WG2D,B0DPH77GSG,"Anthurium Fertilizer, Complete Liquid Anthurium Plant Food, 8 oz (250mL)",102,3,0.07%,0.08%,139,3,0.07%,0.06%,100.00%,100.00%,12,0,11.76%,0.00%,$143.88,$0.00,12,0
B0DPKH8Z2F,B0DPKJ5BM5,"Aspen Tree Fertilizer, Complete Liquid Aspen Tree Plant Food, 8 oz (250mL)",32,0,0.02%,0.00%,43,0,0.02%,0.00%,100.00%,0.00%,13,0,40.63%,0.00%,$155.87,$0.00,12,0
B0DQR85CXH,B0DQQPH29R,"Fish Emulsion Fertilizer, Complete Fish Emulsion Plant Food, 32 oz (1 Quart)",63,1,0.04%,0.03%,74,2,0.04%,0.04%,98.36%,0.00%,13,0,20.63%,0.00%,$324.87,$0.00,12,0
B0DQQNPYCB,B0DQR1G3L9,"Hydroponic Nutrients for Edible Plants, One Part Complete Liquid Plant Food for Hydroponic Systems, 1 Gallon (128 oz)",79,8,0.05%,0.21%,102,12,0.05%,0.23%,97.83%,100.00%,13,2,16.46%,25.00%,$649.87,$99.98,12,2
B0DQSHCZH5,B0DQSHFZDV,"Magnolia Tree Fertilizer, Complete Liquid Magnolia Tree Plant Food, 1 Gallon (128 oz)",42,2,0.03%,0.05%,55,3,0.03%,0.06%,95.92%,100.00%,12,2,28.57%,100.00%,$599.88,$99.98,12,2
B0DQTQY9VH,B0DQTDK3KM,"Potash Fertilizer, Complete Liquid Potassium Potash Plant Food, 8 oz (250mL)",82,3,0.06%,0.08%,115,3,0.06%,0.06%,98.98%,0.00%,12,0,14.63%,0.00%,$143.88,$0.00,12,0
B0FM2DG4TB,B0FM1YJMGB,"Water Lily Fertilizer for Water Lily, Great for Water Lilies for Ponds, Liquid Fertilizer by TPS Plant Foods, 8 oz (250mL)",28,2,0.02%,0.05%,42,4,0.02%,0.08%,100.00%,100.00%,12,1,42.86%,50.00%,$143.88,$11.99,12,1
B09Z7897Q3,B09Z7CK9SL,"Bloom City Tomato & Veggie Plant Food for Delicious Homegrown Produce, Quart (32 oz)",106,2,0.07%,0.05%,150,3,0.07%,0.06%,98.59%,100.00%,13,0,12.26%,0.00%,$259.61,$0.00,11,0
B0BZ9ZLPCG,B0BZBMCKD8,"Bloom City's Organic Liquid Iron - Liquid Iron for Lawn - Chelated Iron for Plants, 1/2 Pint (8 oz)",103,0,0.07%,0.00%,122,0,0.06%,0.00%,98.18%,0.00%,12,2,11.65%,0.00%,$143.40,$23.50,11,2
B0C73RMK5D,B0C73SC6S6,"Fruit Tree Fertilizer for All Fruit Trees Peach, Apple, and Pear, Liquid Plant Food, 32 oz (1 Quart)",96,1,0.07%,0.03%,121,1,0.06%,0.02%,99.09%,100.00%,11,0,11.46%,0.00%,$274.89,$0.00,11,0
B0DPKLNRXM,B0DPKJN89B,"Avocado Tree Fertilizer, Complete Liquid Avocado Plant Food, 32 oz (1 Quart)",43,1,0.03%,0.03%,47,1,0.02%,0.02%,97.62%,100.00%,11,0,25.58%,0.00%,$274.67,$0.00,11,0
B0DQTVLH53,B0DQTJ14N5,"Potassium Sulfate Fertilizer, Premium Potassium and Sulfur Plant Nutrient Blend, 8 oz (250mL)",80,2,0.05%,0.05%,110,2,0.05%,0.04%,100.00%,100.00%,11,0,13.75%,0.00%,$131.89,$0.00,11,0
B0DQTRLMPB,B0DQTV5VYS,"Cut Flower Food, Liquid Nutrients to Keep Flowers Fresh Longer, 8 oz (250mL)",71,2,0.05%,0.05%,88,3,0.04%,0.06%,98.73%,0.00%,11,2,15.49%,100.00%,$131.65,$23.74,11,2
B0FKMQMDDW,B0FKLRQG4V,"Juniper Fertilizer for Juniper Trees, Great for All Varieities Including Creeping, Common, and Chinese, Liquid Fertilizer by TPS Plant Foods, 8 oz (250mL)",50,0,0.03%,0.00%,72,0,0.04%,0.00%,100.00%,0.00%,11,0,22.00%,0.00%,$131.89,$0.00,11,0
B0BZ9KFVGZ,B0BZB6DF8S,"Bloom City's Organic Soil Acidifier - The Best Soil Acidifier Blueberry and Hydrangea Acidic Fertilizer for Optimal Plant Health, Quart (32 oz)",84,3,0.06%,0.08%,105,5,0.05%,0.10%,100.00%,100.00%,10,0,11.90%,0.00%,$249.90,$0.00,10,0
B0C4ZLL2MN,B0C4ZHK9H2,"Bloom City's Tree & Shrub Fertilizer - Tree & Evergreen - Shrub Fertilizer for Healthier Growth, Quart (32oz)",149,3,0.10%,0.08%,183,3,0.09%,0.06%,100.00%,100.00%,10,0,6.71%,0.00%,$249.90,$0.00,10,0
B0CQ3LKB81,B0CPGJR2GF,"TPS NUTRIENTS Bird of Paradise Fertilizer for All Strelitzia Plants, Liquid Plant Food 1 Gallon (128oz)",55,4,0.04%,0.11%,69,5,0.03%,0.10%,100.00%,100.00%,10,0,18.18%,0.00%,$499.90,$0.00,10,0
B0D2ZFBZ8T,B0D2ZBBXZF,"TPS NUTRIENTS Mycorrhizal Fungi for Garden Plants, Mycos for Transplanting and for Established Edible Plants, Contains Mycorrhizae and Soil Probiotics (6 Ounces)",272,6,0.18%,0.16%,362,6,0.18%,0.11%,96.42%,100.00%,10,0,3.68%,0.00%,$119.90,$0.00,10,0
B0D2ZGMG2V,B0D2ZJMC7F,TPS NUTRIENTS Mycos for Transplanting and Established Trees (16 Ounces),32,0,0.02%,0.00%,49,0,0.02%,0.00%,97.50%,0.00%,10,0,31.25%,0.00%,$249.90,$0.00,10,0
B0D4JTQX3H,B0D4JHM7CL,"TPS NUTRIENTS Flower Fertilizer, Flowering Plant PK Bloom Booster, Liquid Plant Food 8 oz (250mL)",103,2,0.07%,0.05%,151,3,0.07%,0.06%,99.22%,100.00%,10,0,9.71%,0.00%,$119.90,$0.00,10,0
B0DPKWMFDH,B0DPKY7CXY,"Boxwood Fertilizer, Complete Liquid Boxwood Shrub Plant Food, 1 Gallon (128 oz)",42,0,0.03%,0.00%,60,0,0.03%,0.00%,100.00%,0.00%,10,0,23.81%,0.00%,$499.90,$0.00,10,0
B0DPKZKLHZ,B0DPKYZKH3,"Daffodil Fertilizer, Complete Liquid Daffodil Bulb Plant Food, 8 oz (250mL)",46,0,0.03%,0.00%,61,0,0.03%,0.00%,96.23%,0.00%,10,0,21.74%,0.00%,$119.90,$0.00,10,0
B0DQSPXPLZ,B0DQSHZ6L3,"Ixora Fertilizer, Complete Liquid Ixora Plant Food for All Rubiaceae, 32 oz (1 Quart)",23,2,0.02%,0.05%,33,2,0.02%,0.04%,100.00%,100.00%,10,0,43.48%,0.00%,$249.90,$0.00,10,0
B0DQTH68Y8,B0DQTNRVGH,"Petunia Fertilizer, Complete Liquid Petunia Plant Food, 8 oz (250mL)",38,0,0.03%,0.00%,45,0,0.02%,0.00%,100.00%,0.00%,10,0,26.32%,0.00%,$119.90,$0.00,10,0
B0DQTSXDXM,B0DQTQ5HMC,"Lotus Fertilizer, Complete Lotus Plant Food, 32 oz (1 Quart)",62,2,0.04%,0.05%,65,2,0.03%,0.04%,100.00%,100.00%,12,0,19.35%,0.00%,$299.88,$0.00,10,0
B0DQTQ8YMC,B0DQTTNT81,"Water Garden Fertilizer, Complete Liquid Water Garden Plant Food, 8 oz (250mL)",78,3,0.05%,0.08%,124,6,0.06%,0.11%,97.87%,100.00%,10,2,12.82%,66.67%,$119.90,$23.98,10,2
B0FLWTJ4XT,B0FLWTJ4XT,"Air Plant Fertilizer Spray, Gentle Foliar Feeding Spray for Healthy Leaves and Plants. Liquid Fertilizer by TPS Plant Foods, 16oz (475ml)",30,0,0.02%,0.00%,43,0,0.02%,0.00%,100.00%,0.00%,10,0,33.33%,0.00%,$119.90,$0.00,10,0
B0FLWVT7PF,B0FLWVT7PF,"Peace Lily Fertilizer Spray, Gentle Foliar Feeding Spray for Healthy Leaves and Plants, Liquid Fertilizer by TPS Plant Foods, 16oz (475ml)",26,1,0.02%,0.03%,33,1,0.02%,0.02%,100.00%,100.00%,10,0,38.46%,0.00%,$99.90,$0.00,10,0
B0FM4P8H5F,B0FM4QDKBJ,"St Augustine Grass Fertilizer, Complete Plant Food for Saint Augustine Grass, Liquid Fertilizer by TPS Plant Foods, 8 oz (250mL)",104,4,0.07%,0.11%,135,7,0.07%,0.13%,100.00%,100.00%,10,0,9.62%,0.00%,$99.70,$0.00,10,0
B077SQMZQC,B077SXRN15,"Organic Liquid Humic Soil Health Formula, Great for Houseplants, Gardens and Lawns, by Bloom City, Gallon (128 oz) Concentrated Makes 120+ Gallons",101,4,0.07%,0.11%,147,5,0.07%,0.10%,100.00%,100.00%,9,0,8.91%,0.00%,$314.91,$0.00,9,0
B0BSR88CL4,B0BSR9XX7P,"TPS NUTRIENTS Ultra Bloom One Part Flowering and Fruiting Plant Fertilizer with All NPK Cal-Mag and Micros, 1 Quart (32 oz)",50,1,0.03%,0.03%,66,1,0.03%,0.02%,100.00%,100.00%,9,0,18.00%,0.00%,$224.91,$0.00,9,0
B0CQ3JSK5N,B0CPGPG1B1,"TPS NUTRIENTS Pothos Fertilizer for All Pothos Plants and Vines, Liquid Plant Food, 32 oz (1 Quart)",29,1,0.02%,0.03%,34,1,0.02%,0.02%,100.00%,0.00%,9,0,31.03%,0.00%,$224.91,$0.00,9,0
B0CT6FTXWT,B0CT6TSRZ8,"TPS NUTRIENTS Silica for Houseplants, Liquid Silicon Plant Food for Strong Stems and Healthy Leaves, Liquid Plant Fertilizer 1 Gallon (128oz)",77,2,0.05%,0.05%,101,2,0.05%,0.04%,93.75%,0.00%,9,0,11.69%,0.00%,$449.73,$0.00,9,0
B0D2ZFB8N2,B0D2ZJ9LTS,"TPS NUTRIENTS Trichoderma for Plants, Great for Transplanting and Established Plants, Also Includes Soil Probiotics Mycorrhizae and Bacteria (6 Ounces)",69,3,0.05%,0.08%,142,11,0.07%,0.21%,95.65%,100.00%,11,2,15.94%,66.67%,$164.89,$29.98,9,1
B0D4GL3W26,B0D4G4JW4M,"Organic Fiddle Leaf Fig Plant Food, Slow Release Dry Granular Fertilizer for Fig Plants and Ficus Trees - 1 Pound (16 Oz)",20,1,0.01%,0.03%,27,1,0.01%,0.02%,100.00%,0.00%,9,0,45.00%,0.00%,$269.91,$0.00,9,0
B0D4JVNJ9K,B0D4JHTRRS,"TPS NUTRIENTS Seaweed Fertilizer for Plants, Premium Organic Liquid Kelp for Gardening, Concentrated Liquid Plant Food, 32 oz (1 Quart)",50,1,0.03%,0.03%,67,1,0.03%,0.02%,100.00%,0.00%,9,0,18.00%,0.00%,$161.73,$0.00,9,0
B0DPH5BSZ3,B0DPH8FSGH,"Alocasia Fertilizer, Complete Liquid Alocasia Plant Food, 32 oz (1 Quart)",55,2,0.04%,0.05%,71,2,0.03%,0.04%,98.51%,100.00%,9,0,16.36%,0.00%,$224.91,$0.00,9,0
B0DPMBH44S,B0DPM9MN1Y,"Desert Rose Fertilizer, Complete Liquid Desert Rose Plant Food, 32 oz (1 Quart)",45,0,0.03%,0.00%,67,0,0.03%,0.00%,96.49%,0.00%,9,0,20.00%,0.00%,$224.91,$0.00,9,0
B0DPMDLB2S,B0DPMCVFK4,"Elephant Ear Fertilizer, Complete Liquid Elephant Ear Plant Food, 32 oz (1 Quart)",32,2,0.02%,0.05%,35,2,0.02%,0.04%,100.00%,100.00%,9,0,28.13%,0.00%,$224.91,$0.00,9,0
B0DQSMLW21,B0DQSGJJ3P,"Peace Lily Fertilizer, Complete Liquid Peace Lily Plant Food, 32 oz (1 Quart)",26,0,0.02%,0.00%,48,0,0.02%,0.00%,97.37%,0.00%,9,0,34.62%,0.00%,$179.73,$0.00,9,0
B0DQSNTT36,B0DQSS3FHX,"Mum Fertilizer, Complete Liquid Mum Plant Food for All Chrysanthemum, 32 oz (1 Quart)",29,1,0.02%,0.03%,40,1,0.02%,0.02%,100.00%,100.00%,10,0,34.48%,0.00%,$249.90,$0.00,9,0
B0DQTNNSWJ,B0DQT8YTY5,"Pine Tree Fertilizer, Complete Liquid Pine Tree Plant Food, 1 Gallon (128 oz)",61,2,0.04%,0.05%,79,2,0.04%,0.04%,98.39%,100.00%,10,0,16.39%,0.00%,$499.90,$0.00,9,0
B09NZTL8S4,B0B33PT1B2,"TPS NUTRIENTS Billions Concentrated Microbial Root Enhancer, 100% Water-Soluble with Mycorrhizae, Bacteria and Trichoderma, 5 Pound",55,2,0.04%,0.05%,69,2,0.03%,0.04%,90.67%,36.36%,8,0,14.55%,0.00%,"$1,439.92",$0.00,8,0
B0BSR8YXF3,B0BSR988VQ,"TPS NUTRIENTS Ultra Grow and Ultra Bloom Set Complete Cycle Veg and Flowering Plant Fertilizer with All NPK Cal-Mag and Micros, Quarts (2X 32 oz)",57,3,0.04%,0.08%,92,10,0.05%,0.19%,100.00%,0.00%,8,0,14.04%,0.00%,$319.92,$0.00,8,0
B0C6Q7FJLW,B0C6Q6MKGT,"Snake Plant Fertilizer for Snake Plants and All Sansevieria, 32 oz (1 Quart)",27,0,0.02%,0.00%,32,0,0.02%,0.00%,100.00%,0.00%,8,0,29.63%,0.00%,$174.93,$0.00,8,0
B0C6Q5W3PD,B0C6Q7SPHJ,"Money Tree Fertilizer for Money Trees and All Pachira Plants, Liquid Plant Food, 32 oz (1 Quart)",32,0,0.02%,0.00%,38,0,0.02%,0.00%,100.00%,0.00%,8,0,25.00%,0.00%,$199.92,$0.00,8,0
B0C73RMK5D,B0C73TNKXQ,"Fruit Tree Fertilizer for All Fruit Trees Peach, Apple, and Pear, Liquid Plant Food 8 oz (250mL)",60,1,0.04%,0.03%,71,1,0.03%,0.02%,96.97%,0.00%,8,0,13.33%,0.00%,$95.92,$0.00,8,0
B0CQ3JLW8Q,B0CPGGD5K8,"Ficus Tree Fertilizer for All Ficus, Fig and Moraceae Plants, Liquid Plant Food 1 Gallon (128oz)",34,1,0.02%,0.03%,45,1,0.02%,0.02%,100.00%,0.00%,9,0,26.47%,0.00%,$399.92,$0.00,8,0
B0CQ3JPCG8,B0CPGJ1GVD,"Jasmine Fertilizer for All Flowering Jasmine Shrubs and Vines, Liquid Plant Food, 32 oz (1 Quart)",15,0,0.01%,0.00%,15,0,0.01%,0.00%,100.00%,0.00%,8,0,53.33%,0.00%,$199.92,$0.00,8,0
B0D4JT8TV6,B0D4JG7QSJ,"TPS NUTRIENTS Sulfur Fertilizer for Plants, Micronutrient Sulfur for Boosted Growth and Flowering, Liquid Plant Food, 32 oz (1 Quart)",56,2,0.04%,0.05%,72,3,0.04%,0.06%,100.00%,0.00%,8,0,14.29%,0.00%,$199.92,$0.00,8,0
B0D4JTRK9L,B0D4JGWKSM,"TPS NUTRIENTS Calcium for Plants Made from Organic Inputs, Prevents Common Deficiencies, Liquid Plant Fertilizer, 32 oz (1 Quart)",34,0,0.02%,0.00%,49,0,0.02%,0.00%,100.00%,0.00%,8,0,23.53%,0.00%,$199.92,$0.00,8,0
B0DQ2L2DFC,B0DQ2L3HYG,"Winter Fertilizer, Complete Liquid Winter Seasonal Plant Food, 8 oz (250mL)",124,2,0.08%,0.05%,154,3,0.08%,0.06%,99.29%,100.00%,9,0,7.26%,0.00%,$107.91,$0.00,8,0
B0DQR85CXH,B0DQR92G9L,"Fish Emulsion Fertilizer, Complete Fish Emulsion Plant Food, 1 Gallon (128 oz)",43,7,0.03%,0.19%,56,10,0.03%,0.19%,100.00%,100.00%,8,0,18.60%,0.00%,$319.92,$0.00,8,0
B0DQQG8RKX,B0DQRC9Q7P,"Lilac Fertilizer, Complete Liquid Lilac Bush Plant Food, 32 oz (1 Quart)",30,0,0.02%,0.00%,39,0,0.02%,0.00%,100.00%,0.00%,10,0,33.33%,0.00%,$249.90,$0.00,8,0
B0FKMQVTR4,B0FKM18XR6,"Cherry Tree Fertilizer for Cherry Trees, Great for Bing, Rainier, and Montmorency Varieties, Liquid Fertilizer by TPS Plant Foods, 32 oz (1 Quart)",53,0,0.04%,0.00%,80,0,0.04%,0.00%,100.00%,0.00%,8,0,15.09%,0.00%,$199.92,$0.00,8,0
B0FKSZMX85,B0FKSYWTJF,"Grape Fertilizer for Grape Vines, Great for All Varieties Including Concord, Thompson Seedless, Chardonnay, and More, Liquid Fertilizer by TPS Plant Foods, 32 oz (1 Quart)",28,1,0.02%,0.03%,44,1,0.02%,0.02%,100.00%,100.00%,9,0,32.14%,0.00%,$224.91,$0.00,8,0
B0FLWWVH4Z,B0FLWWVH4Z,"Brazilian Wood Plant Food Spray, Gentle Foliar Feeding Spray for Healthy Leaves and Plants. Liquid Fertilizer by TPS Plant Foods, 16oz (475ml)",20,1,0.01%,0.03%,25,1,0.01%,0.02%,100.00%,100.00%,8,0,40.00%,0.00%,$95.92,$0.00,8,0
B0BSR972K6,B0BSR9KZ24,"TPS NUTRIENTS Ultra Grow One Part Veg Plant Fertilizer with All NPK Cal-Mag and Micros, 1 Quart (32 oz)",26,1,0.02%,0.03%,35,1,0.02%,0.02%,100.00%,0.00%,7,0,26.92%,0.00%,$174.93,$0.00,7,0
B0BZ9ZLPCG,B0BZBFDZVV,"Bloom City's Organic Liquid Iron - Chelated Iron Fertilizer for Plants, 32 oz",60,1,0.04%,0.03%,78,1,0.04%,0.02%,100.00%,100.00%,7,0,11.67%,0.00%,$131.94,$0.00,7,0
B0C73RT3P8,B0C73R3GKS,"Azalea Fertilizer for Evergreen Shrubs Azalea, Rhododendron and Camellias, Liquid Plant Food 8 oz (250mL)",63,1,0.04%,0.03%,82,1,0.04%,0.02%,97.33%,0.00%,7,0,11.11%,0.00%,$83.93,$0.00,7,0
B0C73SWQ79,B0C73RC4V9,"African Violet Fertilizer for Indoor Flowering Plants, Liquid Plant Food, 32 oz (1 Quart)",23,1,0.02%,0.03%,30,1,0.01%,0.02%,100.00%,0.00%,7,0,30.43%,0.00%,$174.93,$0.00,7,0
B0C73VV3QQ,B0C73SW1WM,"Citrus Fertilizer for All Citrus and Fruiting Trees, Liquid Plant Food, 1 Gallon (128 oz)",35,2,0.02%,0.05%,46,3,0.02%,0.06%,56.76%,66.67%,7,1,20.00%,50.00%,$348.93,$48.99,7,1
B0CQ3J3RN7,B0CPGNC24T,"ZZ Plant Fertilizer for All Zamioculcas Plants, Liquid Plant Food, 32 oz (1 Quart)",23,0,0.02%,0.00%,43,0,0.02%,0.00%,100.00%,0.00%,7,1,30.43%,0.00%,$174.93,$24.99,7,1
B0CTVP1FFJ,B0CT664XJB,"TPS NUTRIENTS Root Supplement for Houseplants, Stimulate and Propagate Healthy Houseplant Roots with Probiotics and Seaweed, Liquid Plant Fertilizer 8 oz (250mL)",126,3,0.09%,0.08%,191,3,0.09%,0.06%,97.30%,0.00%,7,0,5.56%,0.00%,$104.93,$0.00,7,0
B0D4JSZ6TK,B0D4JFLDK3,"TPS NUTRIENTS Liquid 10-10-10 Fertilizer for Plants, Triple Ten NPK Plus Iron and Micros, Liquid Plant Food, 32 oz (1 Quart)",25,0,0.02%,0.00%,30,0,0.01%,0.00%,96.00%,0.00%,7,0,28.00%,0.00%,$149.94,$0.00,7,0
B0D4JT76SK,B0D4JGYZ1Q,"TPS NUTRIENTS Magnesium Fertilizer for Plants, Bioavailable Mg for Growth and Flowering, Liquid Plant Food, 32 oz (1 Quart)",58,0,0.04%,0.00%,72,0,0.04%,0.00%,100.00%,0.00%,7,0,12.07%,0.00%,$174.93,$0.00,7,0
B0D4JSLMDM,B0D4JHLWC5,"TPS NUTRIENTS Bloom Fertilizer, Concentrated PK Boost, No Nitrogen Bud and Fruit Booster, Liquid Plant Food, 32 oz (1 Quart)",108,8,0.07%,0.21%,177,11,0.09%,0.21%,100.00%,100.00%,7,0,6.48%,0.00%,$174.93,$0.00,7,0
B0DPKLNRXM,B0DPKKDR8G,"Avocado Tree Fertilizer, Complete Liquid Avocado Plant Food, 1 Gallon (128 oz)",41,1,0.03%,0.03%,62,2,0.03%,0.04%,100.00%,100.00%,7,0,17.07%,0.00%,$349.93,$0.00,7,0
B0DQQX8QY7,B0DQR3RCG2,"Flowering Plant Food, Complete Liquid Fertilizer for Flowering Plants, 8 oz (250mL)",43,2,0.03%,0.05%,59,4,0.03%,0.08%,95.65%,100.00%,7,0,16.28%,0.00%,$83.93,$0.00,7,0
B0FKMDY72J,B0FKMMK246,"Onion Fertilizer for Onion Plants, Also Great for Garlic, Shallots, and Other Alliums, Liquid Fertilizer by TPS Plant Foods, 32 oz (1 Quart)",39,1,0.03%,0.03%,47,1,0.02%,0.02%,100.00%,0.00%,7,0,17.95%,0.00%,$174.93,$0.00,7,0
B0FKMQMDDW,B0FKMQTFNN,"Juniper Fertilizer for Juniper Trees, Great for All Varieities Including Creeping, Common, and Chinese, Liquid Fertilizer by TPS Plant Foods, 32 oz (1 Quart)",18,0,0.01%,0.00%,22,0,0.01%,0.00%,100.00%,0.00%,7,0,38.89%,0.00%,$174.93,$0.00,7,0
B0FKSTZ5SD,B0FKSZ2261,"Acidic Fertilizer for Acid-Loving Plants, Works Great for Hydrangeas, Blueberries, and Gardenia, Liquid Fertilizer by TPS Plant Foods, 8 oz (250mL)",56,0,0.04%,0.00%,74,0,0.04%,0.00%,98.48%,0.00%,7,0,12.50%,0.00%,$83.93,$0.00,7,0
B0FLWY1LN5,B0FLWY1LN5,"Succulent Fertilizer Spray, Gentle Foliar Feeding for Healthy Leaves and Plants, Liquid Fertilizer by TPS Plant Foods, 16oz (475ml)",32,1,0.02%,0.03%,46,1,0.02%,0.02%,100.00%,100.00%,7,0,21.88%,0.00%,$69.93,$0.00,7,0
B07PDNVVZG,B07PJSQTC9,"Bloom City Organic Root Stimulant, Salmon and Kelp Formula, Rich with Microbes and Mycorrhizae, Gallon (128 oz)",95,6,0.06%,0.16%,136,9,0.07%,0.17%,100.00%,100.00%,7,1,7.37%,16.67%,$349.93,$49.99,6,1
B0C73R9Y77,B0C73S1763,"Plumeria Fertilizer for All Frangipani and Tropical Plants, Liquid Plant Food, 1 Gallon (128 oz)",41,0,0.03%,0.00%,51,0,0.03%,0.00%,100.00%,0.00%,6,0,14.63%,0.00%,$299.94,$0.00,6,0
B0C73TGNWN,B0C73SJFLB,"TPS NUTRIENTS Rose Fertilizer for Flowering Plants, Liquid Plant Food, 32 oz (1 Quart)",21,0,0.01%,0.00%,24,0,0.01%,0.00%,100.00%,0.00%,7,0,33.33%,0.00%,$174.93,$0.00,6,0
B0C73TGNWN,B0C73TZHF9,"TPS NUTRIENTS Rose Fertilizer for Flowering Plants, Liquid Plant Food 8 oz (250mL)",47,0,0.03%,0.00%,63,0,0.03%,0.00%,100.00%,0.00%,6,0,12.77%,0.00%,$71.94,$0.00,6,0
B0CQ3JPZSQ,B0CPFZ72RT,"Lime Tree Fertilizer for All Lime and Citrus Trees, Liquid Plant Food 1 Gallon (128oz)",17,2,0.01%,0.05%,25,4,0.01%,0.08%,94.44%,100.00%,6,1,35.29%,50.00%,$299.94,$49.99,6,1
B0D4GKKNFB,B0D4GCG6Y8,"Organic Monstera Plant Food, Slow Release Dry Granular Fertilizer for Monstera and Philodendron, Tropical Plant Food - 1 Pound (16 Oz)",34,0,0.02%,0.00%,49,0,0.02%,0.00%,97.44%,0.00%,6,0,17.65%,0.00%,$179.94,$0.00,6,0
B0D4JVGQ2M,B0D4JHVBDQ,"TPS NUTRIENTS Liquid 10-10-10 Fertilizer for Lawn and Garden, Triple Ten NPK Plus Iron and Micros, Liquid Plant Food, 32 oz (1 Quart)",26,0,0.02%,0.00%,36,0,0.02%,0.00%,100.00%,0.00%,7,0,26.92%,0.00%,$174.93,$0.00,6,0
B0D4JT7C95,B0D4JKCJP6,"Liquid 10-10-10 Fertilizer for Trees and Shrubs, Triple Ten NPK Plus Iron and Micros, Liquid Plant Food 128 oz (1 Gallon)",44,1,0.03%,0.03%,55,1,0.03%,0.02%,100.00%,100.00%,6,0,13.64%,0.00%,$299.94,$0.00,6,0
B0DQ7V5XXX,B0DQ81VN9J,"Shrub Fertilizer, Complete Liquid Shrub Plant Food, 8 oz (250mL)",43,3,0.03%,0.08%,53,3,0.03%,0.06%,100.00%,100.00%,6,1,13.95%,33.33%,$71.70,$11.75,6,1
B0DQQP7B7Y,B0DQQPKXJS,"Fertilizante para Bonsái, Complete Liquid Bonsai Plant Food, 8 oz (250mL)",19,0,0.01%,0.00%,28,0,0.01%,0.00%,100.00%,0.00%,6,0,31.58%,0.00%,$59.82,$0.00,6,0
B0DQSWML8M,B0DQSHHN4G,"Orange Tree Fertilizer, Complete Liquid Orange Tree Citrus Plant Food, 32 oz (1 Quart)",31,1,0.02%,0.03%,37,1,0.02%,0.02%,100.00%,100.00%,6,0,19.35%,0.00%,$149.94,$0.00,6,0
B0DQTV7JYX,B0DQTKQ3J9,"Calcium Nitrate Fertilizer, Promotes Healthy Growth for All Plants and Prevents Blossom End Rot, 32 oz (1 Quart)",28,3,0.02%,0.08%,32,4,0.02%,0.08%,100.00%,100.00%,6,0,21.43%,0.00%,$149.94,$0.00,6,0
B0DQTK33Q6,B0DQTLXG12,"Aquarium Plant Fertilizer, Complete Liquid Aquarium Plant Food, 8 oz (250mL)",45,0,0.03%,0.00%,59,0,0.03%,0.00%,100.00%,0.00%,6,0,13.33%,0.00%,$71.94,$0.00,6,0
B0DQTHTZP6,B0DQTN4H2Y,"Ferrous Sulfate for Plants, Complete Iron and Sulfur Supplement for Healthy Growth, 1 Gallon (128 oz)",46,4,0.03%,0.11%,63,4,0.03%,0.08%,100.00%,100.00%,6,0,13.04%,0.00%,$299.94,$0.00,6,0
B0DQTTNGT7,B0DQTTKWRC,"Water Plant Fertilizer, Complete Liquid Water Plant Food, 32 oz (1 Quart)",11,0,0.01%,0.00%,12,0,0.01%,0.00%,100.00%,0.00%,7,0,63.64%,0.00%,$174.93,$0.00,6,0
B0FLB8TSZL,B0FKLYRCDP,"Holly Fertilizer for Holly Bushes, Supports Healthy Growth in All Holly Varieties, Liquid Fertilizer by TPS Plant Foods, 8 oz (250mL)",34,1,0.02%,0.03%,39,1,0.02%,0.02%,100.00%,100.00%,6,0,17.65%,0.00%,$71.94,$0.00,6,0
B0FKMTH6PL,B0FKM9SMRR,"Thuja Green Giant Fertilizer, Vigorous Growth for Thuja Green Giant and Other Arborvitae Varieties, Liquid Fertilizer by TPS Plant Foods, 32 oz (1 Quart)",73,4,0.05%,0.11%,112,7,0.06%,0.13%,100.00%,100.00%,8,0,10.96%,0.00%,$199.92,$0.00,6,0
B0FKMQTF7F,B0FKMTST9B,"Guava Tree Fertilizer for Guava Trees, Great for White, Pink, and Red Guava Varieties, Liquid Fertilizer by TPS Plant Foods, 1 Gallon (128 oz)",78,6,0.05%,0.16%,111,9,0.05%,0.17%,100.00%,100.00%,6,0,7.69%,0.00%,$299.94,$0.00,6,0
B0FKSYBXTM,B0FKSQS7SZ,"Iris Fertilizer for Iris Flower, Feeds Iris Bulbs for Stunning Blooms, Liquid Fertilizer by TPS Plant Foods, 8 oz (250mL)",42,2,0.03%,0.05%,54,3,0.03%,0.06%,100.00%,100.00%,6,1,14.29%,50.00%,$71.70,$11.75,6,1
B0FKS8KHBB,B0FKT34SCH,"Wisteria Fertilizer for Wisteria Plants and Wisteria Hanging Flowers, Feeds Wisteria Live Plant, Liquid Fertilizer by TPS Plant Foods, 32 oz (1 Quart)",36,0,0.02%,0.00%,43,0,0.02%,0.00%,100.00%,0.00%,6,0,16.67%,0.00%,$149.94,$0.00,6,0
B0FKSP698D,B0FKT85MXJ,"Clematis Fertilizer for Clematis, Great for Sweet Autumn, White, and Nelly Moser Varieties, Liquid Fertilizer by TPS Plant Foods, 8 oz (250mL)",24,0,0.02%,0.00%,29,0,0.01%,0.00%,96.43%,0.00%,6,0,25.00%,0.00%,$71.94,$0.00,6,0
B0FLWVBQCS,B0FLWVBQCS,"Lemon Tree Fertilizer Spray, Gentle Foliar Feeding Spray for Healthy Leaves and Plants, Liquid Fertilizer by TPS Plant Foods, 16oz (475ml)",25,1,0.02%,0.03%,33,2,0.02%,0.04%,100.00%,100.00%,8,0,32.00%,0.00%,$95.92,$0.00,6,0
B0FLWVL271,B0FLWVL271,"Snake Plant Fertilizer Spray, Gentle Foliar Feeding Spray for Healthy Leaves and Plants, Liquid Fertilizer by TPS Plant Foods, 16oz (475ml)",15,0,0.01%,0.00%,16,0,0.01%,0.00%,100.00%,0.00%,6,0,40.00%,0.00%,$59.94,$0.00,6,0
B0FLWVP4XD,B0FLWVP4XD,"Desert Rose Fertilizer Spray, Gentle Foliar Feeding Spray for Healthy Leaves and Plants, Liquid Fertilizer by TPS Plant Foods, 16oz (475ml)",12,0,0.01%,0.00%,17,0,0.01%,0.00%,100.00%,0.00%,6,0,50.00%,0.00%,$59.94,$0.00,6,0
B0FLWW29G2,B0FLWW29G2,"Hoya Fertilizer Spray, Gentle Foliar Feeding Spray for Healthy Leaves and Plants. Liquid Fertilizer by TPS Plant Foods, 16oz (475ml)",41,1,0.03%,0.03%,52,1,0.03%,0.02%,97.92%,100.00%,6,0,14.63%,0.00%,$59.94,$0.00,6,0
B0FLWX6YGL,B0FLWX6YGL,"Indoor Plant Fertilizer Spray, Gentle Foliar Feeding Spray for Healthy Leaves and Plants, Liquid Fertilizer by TPS Plant Foods, 16oz (475ml)",21,1,0.01%,0.03%,26,1,0.01%,0.02%,100.00%,0.00%,6,1,28.57%,100.00%,$59.74,$9.79,6,1
B0FM3L6M2S,B0FM3DJVXY,"Zoysia Grass Fertilizer for Zoysia Grass, Great for Zenith, Emerald, and Zeon Varieties, Liquid Fertilizer by TPS Plant Foods, 1 Gallon (128 oz)",86,8,0.06%,0.21%,121,9,0.06%,0.17%,100.00%,100.00%,6,2,6.98%,25.00%,$238.34,$78.38,6,2
B0FM4P8H5F,B0FM62ZB8N,"St Augustine Grass Fertilizer, Complete Plant Food for Saint Augustine Grass, Liquid Fertilizer by TPS Plant Foods, 1 Gallon (128 oz)",80,3,0.05%,0.08%,130,15,0.06%,0.29%,100.00%,100.00%,6,0,7.50%,0.00%,$239.94,$0.00,6,0
B09Z7C6S35,B09Z77MNDG,"Bloom City Rose & Flower Natural Plant Food for Prize Winning Blooms in Homes & Gardens, Quart (32 oz)",49,0,0.03%,0.00%,68,0,0.03%,0.00%,96.67%,0.00%,5,0,10.20%,0.00%,$124.95,$0.00,5,0
B0BZB3PMMC,B0BZB891K6,Bloom City's Organic Liquid Epsom Salt for Plants - 1 Gallon (128 oz),36,1,0.02%,0.03%,43,1,0.02%,0.02%,97.22%,0.00%,8,0,22.22%,0.00%,$399.92,$0.00,5,0
B0BZ9RFYWJ,B0BZBGDYCB,"Bloom City's Organic Berry Best - Blueberry & Strawberry Fertilizer - Berry Organic, Gallon (128 oz)",23,2,0.02%,0.05%,26,2,0.01%,0.04%,4.76%,0.00%,6,0,26.09%,0.00%,$299.94,$0.00,5,0
B0BRTHT763,B0C6JYR3R8,"TPS NUTRIENTS Indoor Plant Food for Houseplants, Liquid Fertilizer, 1 Gallon (128 oz)",70,3,0.05%,0.08%,85,4,0.04%,0.08%,100.00%,0.00%,5,0,7.14%,0.00%,$249.95,$0.00,5,0
B0CQ3H6KRN,B0CPGK71LJ,"TPS NUTRIENTS Philodendron Fertilizer for All Philodendron and Tropical Shade Plants, Liquid Plant Food, 32 oz (1 Quart)",30,0,0.02%,0.00%,40,0,0.02%,0.00%,100.00%,0.00%,5,0,16.67%,0.00%,$124.95,$0.00,5,0
B0CTRHC6G4,B0CT67Q1L2,"TPS NUTRIENTS Root Supplement for Fiddle Leaf Figs, Stimulate and Propagate Healthy Fig Tree Roots with Probiotics and Seaweed, Liquid Plant Fertilizer 8 oz (250mL)",68,1,0.05%,0.03%,87,1,0.04%,0.02%,97.44%,0.00%,5,0,7.35%,0.00%,$74.95,$0.00,5,0
B0D2Z21X33,B0D2Z34SR1,"TPS NUTRIENTS Root Stimulator for Trees, Great for Transplanting and Established Tree Roots, Soil Probiotics Including Mycorrhizae, Bacteria and Trichoderma (6 Ounces)",34,0,0.02%,0.00%,47,0,0.02%,0.00%,97.37%,0.00%,7,0,20.59%,0.00%,$83.93,$0.00,5,0
B0D4JVGQ2M,B0D4JGCSM1,"Liquid 10-10-10 Fertilizer for Lawn and Garden, Triple Ten NPK Plus Iron and Micros, Liquid Plant Food 128 oz (1 Gallon)",70,3,0.05%,0.08%,101,4,0.05%,0.08%,100.00%,60.00%,5,2,7.14%,66.67%,$248.95,$98.98,5,2
B0D4JT7N8J,B0D4JH61JS,"TPS NUTRIENTS Phosphorus Fertilizer for Plants, Boosts Rooting, Growth, Blooming and Flowering, Liquid Plant Food, 32 oz (1 Quart)",46,1,0.03%,0.03%,66,2,0.03%,0.04%,12.24%,0.00%,5,0,10.87%,0.00%,$124.95,$0.00,5,0
B0DPKX314K,B0DPKX6P3M,"Bulb Fertilizer, Complete Liquid Bulb Plant Food for All Bulbous Plants, 32 oz (1 Quart)",15,1,0.01%,0.03%,17,1,0.01%,0.02%,100.00%,100.00%,5,0,33.33%,0.00%,$124.95,$0.00,5,0
B0DQQLP8BP,B0DQRBR8GM,"Geranium Fertilizer, Complete Grow and Flowering Liquid Geranium Plant Food, 32 oz (1 Quart)",16,0,0.01%,0.00%,19,0,0.01%,0.00%,93.75%,0.00%,5,0,31.25%,0.00%,$99.96,$0.00,5,0
B0DQSTM2NS,B0DQSDJRGC,"Maple Tree Fertilizer, Complete Liquid Maple Tree Plant Food, 1 Gallon (128 oz)",38,2,0.03%,0.05%,47,2,0.02%,0.04%,100.00%,100.00%,5,0,13.16%,0.00%,$249.95,$0.00,5,0
B0FKMJKZCJ,B0FKLS4G5X,"Birch Tree Fertilizer for Birch Trees, Works Great for River Birch, Paper Birch, and Silver Birch, Liquid Fertilizer by TPS Plant Foods, 32 oz (1 Quart)",38,1,0.03%,0.03%,65,1,0.03%,0.02%,100.00%,0.00%,5,0,13.16%,0.00%,$124.95,$0.00,5,0
B0FKM9VP5Q,B0FKM1YHRT,"Spruce Tree Fertilizer for Spruce Trees, Great for White Spruce, Blue Spruce, and Norway Spruce, Liquid Fertilizer by TPS Plant Foods, 32 oz (1 Quart)",21,0,0.01%,0.00%,25,0,0.01%,0.00%,95.24%,0.00%,5,0,23.81%,0.00%,$124.95,$0.00,5,0
B0FKM7M6X4,B0FKMJG4XL,"Fig Tree Fertilizer for Fig Trees, Great for Other Ficus Tree Varieties, Liquid Fertilizer by TPS Plant Foods, 32 oz (1 Quart)",19,0,0.01%,0.00%,21,0,0.01%,0.00%,100.00%,0.00%,5,0,26.32%,0.00%,$124.95,$0.00,5,0
B0FKR2GDS4,B0FKQGLY66,"Star Jasmine Fertilizer for Star Jasmine Tree, Great for Any Plants, Liquid Fertilizer by TPS Plant Foods, 8 oz (250mL)",21,0,0.01%,0.00%,27,0,0.01%,0.00%,100.00%,0.00%,5,1,23.81%,0.00%,$59.71,$11.75,5,1
B0FKST6XH2,B0FKSTZ6LD,"Dahlia Fertilizer for Dahlia Flowers, Supports Healthy Growth of Dahlia Flowers and Bulbs, Liquid Fertilizer by TPS Plant Foods, 8 oz (250mL)",34,0,0.02%,0.00%,38,0,0.02%,0.00%,97.14%,0.00%,5,0,14.71%,0.00%,$59.95,$0.00,5,0
B0FLWVR9QD,B0FLWVR9QD,"Citrus Tree Fertilizer Spray, Gentle Foliar Feeding Spray for Healthy Leaves and Plants, Liquid Fertilizer by TPS Plant Foods, 16oz (475ml)",19,0,0.01%,0.00%,21,0,0.01%,0.00%,100.00%,0.00%,5,0,26.32%,0.00%,$49.95,$0.00,5,0
B0FM1YDYGJ,B0FM2RFRC7,"Basil Fertilizer for Basil Plant, Great for Mint, Rosemary, and Thyme, Liquid Fertilizer by TPS Plant Foods, 32 oz (1 Quart)",42,1,0.03%,0.03%,50,1,0.02%,0.02%,97.87%,100.00%,5,0,11.90%,0.00%,$99.96,$0.00,5,0
B0FM3DPJ1Z,B0FM3BZZM9,"Transplant Fertilizer for Plants, Transplant Shock Preventor, Great for Seedlings and Repotting, Liquid Fertilizer by TPS Plant Foods, 8oz (250ml)",37,0,0.03%,0.00%,43,0,0.02%,0.00%,100.00%,0.00%,5,0,13.51%,0.00%,$59.95,$0.00,5,0
B09Z7C6S35,B09Z7CGJL4,"Bloom City Rose & Flower Natural Plant Food for Prize Winning Blooms in Homes & Gardens, Gallon (128 oz)",15,0,0.01%,0.00%,17,0,0.01%,0.00%,100.00%,0.00%,4,0,26.67%,0.00%,$199.96,$0.00,4,0
B0BSR88CL4,B0BSR8TRGD,"Ultra Bloom by TPS Nutrients, One Part Flowering and Fruiting Plant Fertilizer with All NPK Cal-Mag and Micros, 1 Gallon (128 oz)",112,10,0.08%,0.27%,180,23,0.09%,0.44%,99.29%,100.00%,5,0,4.46%,0.00%,$249.95,$0.00,4,0
B0C4ZLL2MN,B0C4ZY3YQK,"Bloom City's Tree Fertilizer & Shrub Fertilizer for Healthier Growth, 1 Gallon (128oz)",36,1,0.02%,0.03%,44,1,0.02%,0.02%,100.00%,100.00%,4,0,11.11%,0.00%,$199.96,$0.00,4,0
B0C6Q57W2L,B0C6Q69YWZ,"Gardenia Fertilizer for Gardenias, Camellia and Rhododendron Plants, Flowering Liquid Plant Food, 1 Gallon (128 oz)",38,2,0.03%,0.05%,43,3,0.02%,0.06%,100.00%,100.00%,4,0,10.53%,0.00%,$199.96,$0.00,4,0
B0C73RT3P8,B0C73RWH6C,"Azalea Fertilizer for Evergreen Shrubs Azalea, Rhododendron and Camellias, Liquid Plant Food, 32 oz (1 Quart)",12,0,0.01%,0.00%,14,0,0.01%,0.00%,100.00%,0.00%,4,0,33.33%,0.00%,$99.96,$0.00,4,0
B0C73S173V,B0C73V8Z6G,"Apple Tree Fertilizer for All Apple, Pear, Nut and Fruit Trees, Liquid Plant Food, 32 oz (1 Quart)",31,0,0.02%,0.00%,38,0,0.02%,0.00%,100.00%,0.00%,4,0,12.90%,0.00%,$99.96,$0.00,4,0
B0871D2QP9,B0CLTHSH4N,"TPS NUTRIENTS Bloom Bud Builder & Flower Hardener Plant Nutrient and Supplement, Triggers Fast Flowering 4 Gallon Pro Pack (4 x 128 oz)",60,0,0.04%,0.00%,68,0,0.03%,0.00%,98.55%,0.00%,6,2,10.00%,0.00%,"$1,199.94",$399.98,4,2
B0CQ3H8PZS,B0CPG1TLJC,"TPS NUTRIENTS Jade Fertilizer for All Jade and Crassula Plants, Liquid Plant Food, 32 oz (1 Quart)",9,0,0.01%,0.00%,9,0,0.00%,0.00%,100.00%,0.00%,4,0,44.44%,0.00%,$99.96,$0.00,4,0
B0871DFX4Z,B0CT671SJR,"TPS NUTRIENTS Organic Cal-Mag OAC Plant Nutrient and Supplement, Plus Iron and Micronutrients 8 oz (250mL)",260,7,0.18%,0.19%,335,12,0.16%,0.23%,98.30%,33.33%,4,0,1.54%,0.00%,$59.96,$0.00,4,0
B0CTJB6P18,B0CT69TP8J,"TPS NUTRIENTS Root Supplement for Succulents, Stimulate and Propagate Healthy Succulent Roots with Probiotics and Seaweed, Liquid Plant Fertilizer, 32 oz (1 Quart)",52,1,0.04%,0.03%,79,3,0.04%,0.06%,100.00%,0.00%,4,0,7.69%,0.00%,$99.96,$0.00,4,0
B0D2YDN1H9,B0D2YCJGFW,"TPS NUTRIENTS Mycorrhizal Fungi for Plants, Mycos for Transplanting and for Established Plants, Contains Mycorrhizae and Soil Probiotics (6 Ounces)",36,3,0.02%,0.08%,41,4,0.02%,0.08%,100.00%,100.00%,4,0,11.11%,0.00%,$39.88,$0.00,4,0
B0D4GL1FCZ,B0D4GB6XCQ,"TPS NUTRIENTS Organic Indoor Plant Food, Slow Release Dry Granular Fertilizer for Indoor Houseplants (6 Ounces)",37,1,0.03%,0.03%,61,13,0.03%,0.25%,100.00%,0.00%,4,0,10.81%,0.00%,$39.88,$0.00,4,0
B0DPH37613,B0DPH3V4C5,"All Purpose NPK Fertilizer, Complete NPK Liquid Plant Food for All Plants, 32 oz (1 Quart)",12,0,0.01%,0.00%,13,0,0.01%,0.00%,100.00%,0.00%,4,0,33.33%,0.00%,$99.96,$0.00,4,0
B0DPKH8Z2F,B0DPKKP6DB,"Aspen Tree Fertilizer, Complete Liquid Aspen Tree Plant Food, 32 oz (1 Quart)",8,0,0.01%,0.00%,8,0,0.00%,0.00%,100.00%,0.00%,4,0,50.00%,0.00%,$99.96,$0.00,4,0
B0DPM6CGSY,B0DPM65PDW,"Compost Tea, Boosts Microbial Activity in Gardens for All Plants, 32 oz (1 Quart)",16,1,0.01%,0.03%,17,1,0.01%,0.02%,100.00%,0.00%,4,0,25.00%,0.00%,$99.96,$0.00,4,0
B0DPM8ZKYK,B0DPM9X4S3,"Curry Leaf Fertilizer, Complete Liquid Curry Leaf Plant Food, 32 oz (1 Quart)",28,0,0.02%,0.00%,38,0,0.02%,0.00%,93.75%,0.00%,4,0,14.29%,0.00%,$99.96,$0.00,4,0
B0DPM9QJ41,B0DPMBRW4Z,"Dogwood Tree Fertilizer, Complete Liquid Dogwood Plant Food, 32 oz (1 Quart)",13,1,0.01%,0.03%,16,1,0.01%,0.02%,100.00%,100.00%,4,0,30.77%,0.00%,$99.96,$0.00,4,0
B0DQ2L2DFC,B0DQ2M246Y,"Winter Fertilizer, Complete Liquid Winter Seasonal Plant Food, 32 oz (1 Quart)",11,0,0.01%,0.00%,13,0,0.01%,0.00%,100.00%,0.00%,4,0,36.36%,0.00%,$99.96,$0.00,4,0
B0DQ7V5XXX,B0DQ7KKVZL,"Shrub Fertilizer, Complete Liquid Shrub Plant Food, 32 oz (1 Quart)",11,1,0.01%,0.03%,19,1,0.01%,0.02%,100.00%,0.00%,4,0,36.36%,0.00%,$99.96,$0.00,4,0
B0DQ85GHQR,B0DQ81FCQV,"Rose Bush Fertilizer, Complete Liquid Rose Bush Plant Food, 32 oz (1 Quart)",13,0,0.01%,0.00%,17,0,0.01%,0.00%,100.00%,0.00%,4,0,30.77%,0.00%,$74.97,$0.00,4,0
B0DQR6GQNP,B0DQQP9X7B,"Fertilizante para Árboles Frutales, Complete Liquid Fruit Tree Plant Food, 8 oz (250mL)",21,1,0.01%,0.03%,31,1,0.02%,0.02%,95.65%,0.00%,4,0,19.05%,0.00%,$47.96,$0.00,4,0
B0DQTHSZ7D,B0DQTM1Y2W,"Sulfate of Potash, High-Potassium Plant Fertilizer, 8 oz (250mL)",59,0,0.04%,0.00%,83,0,0.04%,0.00%,97.14%,0.00%,4,0,6.78%,0.00%,$47.96,$0.00,4,0
B0DQTVJH91,B0DQTMQCVD,"Aquatic Plant Fertilizer, Complete Liquid Aquatic Plant Food, 32 oz (1 Quart)",11,0,0.01%,0.00%,12,0,0.01%,0.00%,100.00%,0.00%,4,0,36.36%,0.00%,$99.96,$0.00,4,0
B0FKM8H74Y,B0FKLTTYDQ,"BlackBerry Fertilizer for BlackBerry Plants, Supports Healthy Growth and Plump Berries in BlackBerry Plants, Liquid Fertilizer by TPS Plant Foods, 32 oz (1 Quart)",15,4,0.01%,0.11%,17,4,0.01%,0.08%,100.00%,100.00%,4,0,26.67%,0.00%,$99.96,$0.00,4,0
B0FKMML25Z,B0FKLVKKGP,"Pecan Tree Fertilizer for Pecan Trees, Supports Strong Growth and Hearty Nuts in All Varieties of Nut Trees, Liquid Fertilizer by TPS Plant Foods, 32 oz (1 Quart)",34,1,0.02%,0.03%,44,1,0.02%,0.02%,100.00%,0.00%,5,0,14.71%,0.00%,$124.95,$0.00,4,0
B0FKM9VP5Q,B0FKM246S1,"Spruce Tree Fertilizer for Spruce Trees, Great for White Spruce, Blue Spruce, and Norway Spruce, Liquid Fertilizer by TPS Plant Foods, 1 Gallon (128 oz)",21,1,0.01%,0.03%,26,1,0.01%,0.02%,100.00%,100.00%,4,1,19.05%,100.00%,$198.96,$48.99,4,1
B0FKM8H74Y,B0FKMBQTJL,"BlackBerry Fertilizer for BlackBerry Plants, Supports Healthy Growth and Plump Berries in BlackBerry Plants, Liquid Fertilizer by TPS Plant Foods, 8 oz (250mL)",35,2,0.02%,0.05%,47,2,0.02%,0.04%,100.00%,100.00%,6,0,17.14%,0.00%,$71.94,$0.00,4,0
B0FKSXHGNJ,B0FKSP537P,"Butterfly Bush Fertilizer for Butterfly Bush, Great for Black Knight, Miss Molly, and Blue Chip Varieties, Liquid Fertilizer by TPS Plant Foods, 8 oz (250mL)",8,1,0.01%,0.03%,13,1,0.01%,0.02%,100.00%,100.00%,4,0,50.00%,0.00%,$47.96,$0.00,4,0
B0FKSY1N6Y,B0FKSQWR5C,"Lavender Fertilizer for Lavender Plants, Enhances Growth of Lavender Flowers, Liquid Fertilizer by TPS Plant Foods, 8 oz (250mL)",25,2,0.02%,0.05%,41,3,0.02%,0.06%,100.00%,100.00%,4,0,16.00%,0.00%,$47.96,$0.00,4,0
B0FKSZZXQC,B0FKSYGD8C,"Sunflower Fertilizer for Sunflower Plants, Supports All Varieties, Liquid Fertilizer by TPS Plant Foods, 8 oz (250mL)",17,0,0.01%,0.00%,24,0,0.01%,0.00%,100.00%,0.00%,4,0,23.53%,0.00%,$47.96,$0.00,4,0
B0FKS8KHBB,B0FKT86JKY,"Wisteria Fertilizer for Wisteria Plants and Wisteria Hanging Flowers, Feeds Wisteria Plant, Liquid Fertilizer by TPS Plant Foods, 8 oz (250mL)",16,0,0.01%,0.00%,19,0,0.01%,0.00%,100.00%,0.00%,4,0,25.00%,0.00%,$47.96,$0.00,4,0
B0FLWWG621,B0FLWWG621,"Palm Fertilizer Spray, Gentle Foliar Feeding Spray for Healthy Leaves and Plants, Liquid Fertilizer by TPS Plant Foods, 16oz (475ml)",9,1,0.01%,0.03%,10,1,0.00%,0.02%,100.00%,100.00%,4,0,44.44%,0.00%,$29.97,$0.00,4,0
B0FM3F8N27,B0FM3FS58N,"High Nitrogen Fertilizer, Supports Strong Plant Growth, TPS Plant Foods, 8oz (250ml)",26,0,0.02%,0.00%,35,0,0.02%,0.00%,100.00%,0.00%,4,0,15.38%,0.00%,$35.97,$0.00,4,0
B0FM3BX22M,B0FM3G2QN8,"High Nitrogen Fertilizer for Corn, Supports Vigorous Corn Growth and High Yields, TPS Plant Foods, 8oz (250ml)",12,1,0.01%,0.03%,18,2,0.01%,0.04%,100.00%,0.00%,4,0,33.33%,0.00%,$47.96,$0.00,4,0
B09Z7CBQ3J,B09Z79S5PR,Bloom City Veggie Cure Blossom End Rot Solved for All Garden Plants & Vegetables (32 oz),37,0,0.03%,0.00%,44,0,0.02%,0.00%,95.35%,0.00%,3,0,8.11%,0.00%,$59.97,$0.00,3,0
B09Z7897Q3,B09Z7B5CH5,"Tomato & Veggie Plant Food for Delicious Homegrown Produce by Bloom City, Gallon (128 oz)",8,0,0.01%,0.00%,8,0,0.00%,0.00%,0.00%,0.00%,3,0,37.50%,0.00%,$149.97,$0.00,3,0
B0BZ9L9NGZ,B0BZBM8YYN,"Bloom City's Organic Nitrogen - Liquid Fertilizer for Lawns - Nitrogen Fertilizer for Lawns & Gardens, Gallon (128 oz)",37,1,0.03%,0.03%,60,1,0.03%,0.02%,100.00%,100.00%,3,0,8.11%,0.00%,$149.97,$0.00,3,0
B0BRTHP3XC,B0C6JZZH97,"Fiddle Leaf Fig Plant Food for All Fig and Other Ficus Trees, Liquid Houseplant Fertilizer, 1 Gallon (128 oz)",20,1,0.01%,0.03%,24,1,0.01%,0.02%,95.45%,0.00%,3,0,15.00%,0.00%,$179.97,$0.00,3,0
B0C6R64HBS,B0C6R6J9WW,"TPS NUTRIENTS Air Plant Fertilizer for All Tillandsia Air Plants, Use As Foliar Spray or for Soaking, Liquid Plant Food, 1 Gallon (128 oz)",9,1,0.01%,0.03%,10,1,0.00%,0.02%,100.00%,100.00%,3,1,33.33%,100.00%,$179.97,$59.99,3,1
B0C73QC2XH,B0C73RH2N2,"Hydrangea Fertilizer for Acid Loving Plants, Liquid Plant Food, 1 Gallon (128 oz)",27,0,0.02%,0.00%,29,0,0.01%,0.00%,100.00%,0.00%,3,0,11.11%,0.00%,$149.97,$0.00,3,0
B0CQ3KHJKP,B0CPGFWPSM,"TPS NUTRIENTS Dracaena Fertilizer for All Dracaena Plants and Trees, Liquid Plant Food, 32 oz (1 Quart)",10,0,0.01%,0.00%,18,0,0.01%,0.00%,100.00%,0.00%,3,0,30.00%,0.00%,$74.97,$0.00,3,0
B0CQ3JPCG8,B0CPGGCP7Q,"Jasmine Fertilizer for All Flowering Jasmine Shrubs and Vines, Liquid Plant Food 1 Gallon (128oz)",14,0,0.01%,0.00%,29,0,0.01%,0.00%,100.00%,0.00%,4,0,28.57%,0.00%,$199.96,$0.00,3,0
B0CQ3JRR5T,B0CPGHF4NH,"Banana Tree Fertilizer for All Banana Tree Plants, Liquid Plant Food 1 Gallon (128oz)",18,0,0.01%,0.00%,19,0,0.01%,0.00%,100.00%,0.00%,3,0,16.67%,0.00%,$149.97,$0.00,3,0
B0CQ3KN61F,B0CPGHS2TP,"TPS NUTRIENTS Aloe Vera Fertilizer for All Aloe and Succulent Plants, Liquid Plant Food, 32 oz (1 Quart)",15,0,0.01%,0.00%,18,0,0.01%,0.00%,100.00%,0.00%,3,0,20.00%,0.00%,$74.97,$0.00,3,0
B0CTJ9Q9M3,B0CTJ79Q7Z,"Root Supplement for Monstera Plants, Stimulate and Propagate Healthy Fig Tree Roots with Probiotics and Seaweed, Liquid Plant Fertilizer 8 oz (250mL)",15,1,0.01%,0.03%,21,1,0.01%,0.02%,100.00%,100.00%,3,0,20.00%,0.00%,$44.97,$0.00,3,0
B0D2ZFBZ8T,B0D2Z634HG,TPS NUTRIENTS Mycos for Transplanting and Established Garden Plants (16 Ounces),32,0,0.02%,0.00%,42,0,0.02%,0.00%,97.30%,0.00%,3,0,9.38%,0.00%,$74.97,$0.00,3,0
B0D2ZGQBZ4,B0D2ZQ4NPR,"TPS NUTRIENTS Mycorrhizal Fungi for Fruit Trees, Mycos for Transplanting and for Established Trees, Contains Mycorrhizae and Soil Probiotics (6 Ounces)",35,0,0.02%,0.00%,45,0,0.02%,0.00%,90.00%,0.00%,3,0,8.57%,0.00%,$35.97,$0.00,3,0
B0D2Z21X33,B0D2ZS393D,"TPS NUTRIENTS Root Stimulator for Trees, Great for Transplanting and Established Tree Roots, Soil Probiotics Including Mycorrhizae, Bacteria and Trichoderma (16 Ounces)",35,2,0.02%,0.05%,55,5,0.03%,0.10%,100.00%,100.00%,3,0,8.57%,0.00%,$74.97,$0.00,3,0
B0D4GN5ZSV,B0D4GCD83N,"Organic Kelp Meal Fertilizer, Dry Seaweed Granular for Plants and Gardening 6 oz (6 Ounces)",78,2,0.05%,0.05%,103,2,0.05%,0.04%,95.56%,100.00%,5,0,6.41%,0.00%,$59.95,$0.00,3,0
B0D4GPQ55S,B0D4GML2S7,"TPS NUTRIENTS Seaweed Extract for Plants Ultra Refined, Water Soluble Dry Flake Kelp Plant Fertilizer (6 Ounces)",36,0,0.02%,0.00%,53,0,0.03%,0.00%,100.00%,0.00%,3,0,8.33%,0.00%,$35.97,$0.00,3,0
B0D4JT8TV6,B0D4JHTRRQ,"Sulfur Fertilizer for Plants, Micronutrient Sulfur for Boosted Growth and Flowering, Liquid Plant Food 128 oz (1 Gallon)",39,6,0.03%,0.16%,46,6,0.02%,0.11%,100.00%,83.33%,3,0,7.69%,0.00%,$149.97,$0.00,3,0
B0D4JS969P,B0D4JJC967,"TPS NUTRIENTS Cal-Mag for Plants Plus Iron and Micros, Calcium and Magnesium, Prevent Common Deficiencies, 2-0-0 CalMag Liquid Plant Fertilizer 128 oz (1 Gallon), GARDCALMAG1G",38,3,0.03%,0.08%,49,4,0.02%,0.08%,100.00%,100.00%,3,0,7.89%,0.00%,$119.97,$0.00,3,0
B0DPGW682S,B0DPGX22R1,"Lucky Bamboo Fertilizer, Complete Liquid Lucky Bamboo Plant Food, 32 oz (1 Quart)",14,0,0.01%,0.00%,21,0,0.01%,0.00%,100.00%,0.00%,3,0,21.43%,0.00%,$74.97,$0.00,3,0
B0DPKH8Z2F,B0DPKK517W,"Aspen Tree Fertilizer, Complete Liquid Aspen Tree Plant Food, 1 Gallon (128 oz)",30,2,0.02%,0.05%,42,2,0.02%,0.04%,82.50%,100.00%,3,0,10.00%,0.00%,$149.97,$0.00,3,0
B0DPKLDYR6,B0DPKQMKNJ,"Berry Fertilizer, Complete Liquid Strawberry and Blueberry Plant Food, Great for All Berries, 32 oz (1 Quart)",18,0,0.01%,0.00%,24,0,0.01%,0.00%,100.00%,0.00%,3,0,16.67%,0.00%,$74.91,$0.00,3,0
B0DPM9DVCT,B0DPM95P6P,"Crepe Myrtle Fertilizer, Complete Liquid Crepe Myrtle Tree Plant Food, 1 Gallon (128 oz)",37,3,0.03%,0.08%,47,3,0.02%,0.06%,100.00%,100.00%,3,0,8.11%,0.00%,$149.97,$0.00,3,0
B0DQSG8GXJ,B0DQSZ8QQK,"Ivy Plant Food, Complete Liquid Ivy and Vine Plant Ferilizer, 32 oz (1 Quart)",9,0,0.01%,0.00%,10,0,0.00%,0.00%,100.00%,0.00%,3,0,33.33%,0.00%,$74.97,$0.00,3,0
B0DQTY7K8G,B0DQTHSXXL,"Potassium Nitrate Fertilizer, Essential Potassium and Nitrogen Plant Growth Booster, 32 oz (1 Quart)",18,0,0.01%,0.00%,24,0,0.01%,0.00%,90.00%,0.00%,3,0,16.67%,0.00%,$74.97,$0.00,3,0
B0DQTQY9VH,B0DQTP42TX,"Potash Fertilizer, Complete Liquid Potassium Potash Plant Food, 32 oz (1 Quart)",12,0,0.01%,0.00%,14,0,0.01%,0.00%,100.00%,0.00%,3,0,25.00%,0.00%,$74.97,$0.00,3,0
B0DQTKJR96,B0DQV16ZYT,"Brazilian Wood Fertilizer, Complete Liquid Brazilian Wood Plant Food, 32 oz (1 Quart)",45,1,0.03%,0.03%,54,1,0.03%,0.02%,97.96%,0.00%,3,0,6.67%,0.00%,$74.97,$0.00,3,0
B0FKLR1S2K,B0FKMDJGGW,"Bush Fertilizer for Bushes, Great for Flowering, Evergreen, Fruit Bearing, and Wild Shrubs, Liquid Fertilizer by TPS Plant Foods, 32 oz (1 Quart)",30,0,0.02%,0.00%,38,0,0.02%,0.00%,100.00%,0.00%,3,0,10.00%,0.00%,$74.97,$0.00,3,0
B0FKMF4QD8,B0FKMFJ8JL,"Willow Fertilizer for Willow Trees, Great for Weeping Willow, Corkscrew Willow, and Dappled Willow, Liquid Fertilizer by TPS Plant Foods, 32oz (1 Quart)",12,0,0.01%,0.00%,14,0,0.01%,0.00%,100.00%,0.00%,3,0,25.00%,0.00%,$74.97,$0.00,3,0
B0FKMJCRS9,B0FKMHTXVF,"Vegan Fertilizer for Vegetable Gardens, Works Great for All Types of Plants, Liquid Fertilizer by TPS Plant Foods, 32 oz (1 Quart)",17,0,0.01%,0.00%,28,0,0.01%,0.00%,100.00%,0.00%,4,0,23.53%,0.00%,$99.96,$0.00,3,0
B0FKSVBGW8,B0FKSYCWH3,"Watermelon Fertilizer for Watermelon, Feeds All Varieties, Liquid Fertilizer by TPS Plant Foods, 32 oz (1 Quart)",34,3,0.02%,0.08%,51,9,0.03%,0.17%,100.00%,100.00%,4,0,11.76%,0.00%,$99.96,$0.00,3,0
B0FKSYBXTM,B0FKSZWH86,"Iris Fertilizer for Iris Flower, Feeds Iris Bulbs for Stunning Blooms, Liquid Fertilizer by TPS Plant Foods, 32 oz (1 Quart)",12,0,0.01%,0.00%,14,0,0.01%,0.00%,100.00%,0.00%,3,1,25.00%,0.00%,$74.47,$24.49,3,1
B0FLWVS5PV,B0FLWVS5PV,"Spider Plant Fertilizer Spray, Gentle Foliar Feeding Spray for Healthy Leaves and Plants. Liquid Fertilizer by TPS Plant Foods, 16oz (475ml)",13,0,0.01%,0.00%,19,0,0.01%,0.00%,100.00%,0.00%,3,0,23.08%,0.00%,$29.97,$0.00,3,0
B0FM3DPJ1Z,B0FM3DK9XH,"Transplant Fertilizer for Plants, Transplant Shock Preventor, Great for Seedlings and Repotting, Liquid Fertilizer by TPS Plant Foods, 32oz (1 Quart)",15,0,0.01%,0.00%,24,0,0.01%,0.00%,100.00%,0.00%,3,0,20.00%,0.00%,$59.97,$0.00,3,0
B0FM3L6M2S,B0FM3KVY3F,"Zoysia Grass Fertilizer for Zoysia Grass, Great for Zenith, Emerald, and Zeon Varieties, Liquid Fertilizer by TPS Plant Foods, 32 oz (1 Quart)",34,0,0.02%,0.00%,52,0,0.03%,0.00%,100.00%,0.00%,3,0,8.82%,0.00%,$59.97,$0.00,3,0
B08719XBT4,B07CWPLJ65,"TPS NUTRIENTS Canopy Boost Foliar Spray for All Plants, Boosts Photosynthesis and Corrects Common Yellowing, 1 Gallon (128 oz)",16,1,0.01%,0.03%,22,1,0.01%,0.02%,89.47%,0.00%,3,0,18.75%,0.00%,$209.97,$0.00,2,0
B0BSR972K6,B0BSR9CR4N,"TPS NUTRIENTS Ultra Grow One Part Veg Plant Fertilizer with All NPK Cal-Mag and Micros, 1 Gallon (128 oz)",31,1,0.02%,0.03%,60,1,0.03%,0.02%,100.00%,100.00%,2,0,6.45%,0.00%,$99.98,$0.00,2,0
B0BRTHD3SD,B0C6JZHRHX,"Herb Plant Food for All Edible Herbs, Leafy Greens and Veggies, Liquid Houseplant Fertilizer, 1 Gallon (128 oz)",10,0,0.01%,0.00%,14,0,0.01%,0.00%,66.67%,0.00%,2,0,20.00%,0.00%,$119.98,$0.00,2,0
B0BRTGXTVW,B0C6K147ZF,"Succulent Plant Food for Succulents, Cactus, Jade and Aloe, Liquid Houseplant Fertilizer, 1 Gallon (128 oz)",18,1,0.01%,0.03%,23,3,0.01%,0.06%,100.00%,100.00%,2,1,11.11%,100.00%,$99.98,$49.99,2,1
B0C73R538L,B0C73RC4HM,"Strawberry Fertilizer for Fruit and Berry Gardens, Liquid Plant Food, 1 Gallon (128 oz)",23,2,0.02%,0.05%,34,2,0.02%,0.04%,96.67%,100.00%,3,2,13.04%,100.00%,$147.97,$97.98,2,1
B0C73TPPD9,B0C73RKJQ2,"TPS NUTRIENTS Tomato Fertilizer for Tomato and Vegetable Gardens, Liquid Plant Food, 1 Gallon (128 oz)",8,0,0.01%,0.00%,10,0,0.00%,0.00%,100.00%,0.00%,2,0,25.00%,0.00%,$69.94,$0.00,2,0
B0C73S173V,B0C73S6SN3,"Apple Tree Fertilizer for All Apple, Pear, Nut and Fruit Trees, Liquid Plant Food, 1 Gallon (128 oz)",19,1,0.01%,0.03%,24,1,0.01%,0.02%,100.00%,100.00%,2,1,10.53%,100.00%,$98.98,$48.99,2,1
B0C73RT3P8,B0C73SVVDB,"Azalea Fertilizer for Evergreen Shrubs Azalea, Rhododendron and Camellias, Liquid Plant Food, 1 Gallon (128 oz)",9,1,0.01%,0.03%,13,3,0.01%,0.06%,90.91%,100.00%,2,1,22.22%,100.00%,$99.98,$49.99,2,1
B0C73SSFH8,B0C73TXLZV,"Blueberry Fertilizer for Acid Loving Fruit and Berry Gardens, Liquid Plant Food, 1 Gallon (128 oz)",33,0,0.02%,0.00%,47,0,0.02%,0.00%,100.00%,0.00%,2,0,6.06%,0.00%,$99.98,$0.00,2,0
B0CQ3HYL7R,B0CPG83KXQ,"Peach Tree Fertilizer for All Peach, Nectarine and Stone Fruit Trees, Liquid Plant Food 1 Gallon (128oz)",22,0,0.01%,0.00%,23,0,0.01%,0.00%,100.00%,0.00%,2,0,9.09%,0.00%,$99.98,$0.00,2,0
B0CQ3K9434,B0CPGHTJYC,"Rhododendron Fertilizer for All Rhodies, Azalea and Ericaceae Plants, Liquid Plant Food 8 oz (250mL)",31,0,0.02%,0.00%,38,0,0.02%,0.00%,93.94%,0.00%,2,0,6.45%,0.00%,$23.98,$0.00,2,0
B0CTVP1FFJ,B0CT681ZFT,"TPS NUTRIENTS Root Supplement for Houseplants, Stimulate and Propagate Healthy Houseplant Roots with Probiotics and Seaweed, Liquid Plant Fertilizer, 32 oz (1 Quart)",22,1,0.01%,0.03%,32,1,0.02%,0.02%,100.00%,0.00%,2,0,9.09%,0.00%,$49.98,$0.00,2,0
B0CTRHC6G4,B0CT6BHXJC,"TPS NUTRIENTS Root Supplement for Fiddle Leaf Figs, Stimulate and Propagate Healthy Fig Tree Roots with Probiotics and Seaweed, Liquid Plant Fertilizer, 32 oz (1 Quart)",7,0,0.00%,0.00%,7,0,0.00%,0.00%,100.00%,0.00%,2,0,28.57%,0.00%,$49.98,$0.00,2,0
B0D2ZT943T,B0D2ZDR7LN,TPS NUTRIENTS Mycos for Transplanting and Established House Plants (16 Ounces),29,0,0.02%,0.00%,37,0,0.02%,0.00%,96.15%,0.00%,2,0,6.90%,0.00%,$49.98,$0.00,2,0
B0D2ZGQBZ4,B0D2ZQ2F2H,TPS NUTRIENTS Mycos for Transplanting and Established Fruit Trees (16 Ounces),13,1,0.01%,0.03%,18,1,0.01%,0.02%,100.00%,0.00%,2,0,15.38%,0.00%,$49.98,$0.00,2,0
B0D4GFHH8L,B0D4G6QJ7D,"Bonsai Fertilizer, Organic Slow Release Dry Granular Plant Food for Bonsai Trees (6 Ounces)",34,0,0.02%,0.00%,42,0,0.02%,0.00%,100.00%,0.00%,2,0,5.88%,0.00%,$29.98,$0.00,2,0
B0D4GCXMCB,B0D4GN9K54,"TPS NUTRIENTS Compost Tea Starter, Includes Easy and Fast Acting Brew Recipe, Organic Dry Granular Nutrients Plus Probiotics for Plants and Gardens (6 Ounces)",119,1,0.08%,0.03%,169,1,0.08%,0.02%,99.30%,100.00%,3,0,2.52%,0.00%,$35.97,$0.00,2,0
B0D4JT6349,B0D4JGKYCB,"Potassium Fertilizer for Plants, Boosts Growth, Budding and Flowering, Liquid Plant Food 128 oz (1 Gallon)",8,1,0.01%,0.03%,10,1,0.00%,0.02%,100.00%,0.00%,2,0,25.00%,0.00%,$99.98,$0.00,2,0
B0D4JSVRK7,B0D4JHPYZ4,"TPS NUTRIENTS Nitrogen for Plants, Tri-Source N Nitrogen for Lush Green Growth, Liquid Plant Fertilizer, 32 oz (1 Quart)",38,2,0.03%,0.05%,49,2,0.02%,0.04%,15.38%,0.00%,2,0,5.26%,0.00%,$49.98,$0.00,2,0
B0D4JW632D,B0D4JJTPD5,"TPS NUTRIENTS Ultra Strength pH Up, Professional Base pH Adjuster for Soil and Hydroponics, Buffering and Stability Control, 32 oz (1 Quart)",20,0,0.01%,0.00%,34,0,0.02%,0.00%,100.00%,0.00%,2,0,10.00%,0.00%,$39.98,$0.00,2,0
B0D4JTRK9L,B0D4JKJG2S,"Calcium for Plants Made from Organic Inputs, Prevents Common Deficiencies, Liquid Plant Fertilizer 128 oz (1 Gallon)",8,1,0.01%,0.03%,8,1,0.00%,0.02%,100.00%,100.00%,2,1,25.00%,100.00%,$98.98,$48.99,2,1
B0DPH6WG2D,B0DPH8WB8H,"Anthurium Fertilizer, Complete Liquid Anthurium Plant Food, 32 oz (1 Quart)",7,1,0.00%,0.03%,7,1,0.00%,0.02%,100.00%,100.00%,2,0,28.57%,0.00%,$49.98,$0.00,2,0
B0DPKLDYR6,B0DPKQFW48,"Berry Fertilizer, Complete Liquid Strawberry and Blueberry Plant Food, Great for All Berries, 1 Gallon (128 oz)",21,4,0.01%,0.11%,29,4,0.01%,0.08%,100.00%,100.00%,2,2,9.52%,50.00%,$97.98,$97.98,2,2
B0DPKZKLHZ,B0DPKXQN7R,"Daffodil Fertilizer, Complete Liquid Daffodil Bulb Plant Food, 32 oz (1 Quart)",6,0,0.00%,0.00%,7,0,0.00%,0.00%,100.00%,0.00%,2,0,33.33%,0.00%,$49.98,$0.00,2,0
B0DPM71SS2,B0DPM5BY61,"Camellia Fertilizer, Complete Liquid Camellia Plant Food, 32 oz (1 Quart)",7,3,0.00%,0.08%,7,3,0.00%,0.06%,100.00%,100.00%,2,1,28.57%,33.33%,$49.98,$24.99,2,1
B0DPM6CGSY,B0DPM884SR,"Compost Tea, Boosts Microbial Activity in Gardens for All Plants, 1 Gallon (128 oz)",38,5,0.03%,0.13%,50,10,0.02%,0.19%,100.00%,100.00%,2,1,5.26%,20.00%,$98.98,$48.99,2,1
B0DPMFMKWL,B0DPMFJZ1H,"Fall Fertilizer, Complete Liquid Seasonal Plant Food, 8 oz (250mL)",47,3,0.03%,0.08%,65,5,0.03%,0.10%,100.00%,100.00%,2,0,4.26%,0.00%,$23.98,$0.00,2,0
B0DQ7V4DC6,B0DQ7VWPXX,"Tree and Shrub Fertilizer, Complete Liquid Tree and Shrub Plant Food, 8 oz (250mL)",32,0,0.02%,0.00%,41,0,0.02%,0.00%,92.31%,0.00%,2,0,6.25%,0.00%,$23.98,$0.00,2,0
B0DQRHPKF8,B0DQR6ZHD8,"Fish Fertilizer, Complete Liquid Fish Plant Food,1 Gallon (128 oz)",18,0,0.01%,0.00%,19,0,0.01%,0.00%,100.00%,0.00%,2,0,11.11%,0.00%,$79.98,$0.00,2,0
B0DQR6ZFLH,B0DQR9875W,"Fertilizante para Orquídeas, Complete Liquid Orchid Plant Food, 8 oz (250mL)",31,2,0.02%,0.05%,39,2,0.02%,0.04%,97.14%,100.00%,2,0,6.45%,0.00%,$23.98,$0.00,2,0
B0DQSHCH55,B0DQSDSHP1,"Hydroponic Plant Food, Complete One Part Liquid Hydroponic Fertilizer, 1 Gallon (128 oz)",33,2,0.02%,0.05%,39,3,0.02%,0.06%,100.00%,100.00%,2,0,6.06%,0.00%,$99.98,$0.00,2,0
B0DQSWML8M,B0DQSFYY1Q,"Orange Tree Fertilizer, Complete Liquid Orange Tree Citrus Plant Food, 1 Gallon (128 oz)",24,4,0.02%,0.11%,37,7,0.02%,0.13%,100.00%,100.00%,2,0,8.33%,0.00%,$99.98,$0.00,2,0
B0DQTSQWFJ,B0DQT9632C,"Muriate of Potash, Essential Potassium Supplement for Plants, 8 oz (250mL)",34,2,0.02%,0.05%,42,3,0.02%,0.06%,100.00%,100.00%,2,1,5.88%,50.00%,$23.98,$11.99,2,1
B0DQTVLH53,B0DQTC6BBF,"Potassium Sulfate Fertilizer, Premium Potassium and Sulfur Plant Nutrient Blend, 32 oz (1 Quart)",12,0,0.01%,0.00%,13,0,0.01%,0.00%,100.00%,0.00%,2,0,16.67%,0.00%,$49.98,$0.00,2,0
B0DQTRLMPB,B0DQTKVNYD,"Cut Flower Food, Liquid Nutrients to Keep Flowers Fresh Longer, 32 oz (1 Quart)",5,0,0.00%,0.00%,14,0,0.01%,0.00%,100.00%,0.00%,2,0,40.00%,0.00%,$49.98,$0.00,2,0
B0DQTVJZPX,B0DQTS6915,"Pitcher Plant Food, Complete Liquid Pitcher Plant Fertilizer, 32 oz (1 Quart)",11,0,0.01%,0.00%,14,0,0.01%,0.00%,100.00%,0.00%,2,0,18.18%,0.00%,$49.98,$0.00,2,0
B0DSGMHTW3,B0DSGKH3HK,Kratky Hydroponic Fertilizer - 32oz,4,0,0.00%,0.00%,5,0,0.00%,0.00%,100.00%,0.00%,2,0,50.00%,0.00%,$49.98,$0.00,2,0
B0DSGMHTW3,B0DSGKN9QC,Kratky Hydroponic Fertilizer - 8oz,74,3,0.05%,0.08%,104,3,0.05%,0.06%,89.36%,100.00%,2,0,2.70%,0.00%,$23.98,$0.00,2,0
B0FKMQMDDW,B0FKLVCSS3,"Juniper Fertilizer for Juniper Trees, Great for All Varieities Including Creeping, Common, and Chinese, Liquid Fertilizer by TPS Plant Foods, 1 Gallon (128 oz)",7,0,0.00%,0.00%,7,0,0.00%,0.00%,100.00%,0.00%,2,0,28.57%,0.00%,$99.98,$0.00,2,0
B0FKMCFJGB,B0FKLVJ3M8,"Pear Tree Fertilizer for Pear Trees, Also Great for Apple and Quince Trees, Liquid Fertilizer by TPS Plant Foods, 32 oz (1 Quart)",16,0,0.01%,0.00%,17,0,0.01%,0.00%,100.00%,0.00%,2,0,12.50%,0.00%,$49.98,$0.00,2,0
B0FKMCFJGB,B0FKMB5WDY,"Pear Tree Fertilizer for Pear Trees, Also Great for Apple and Quince Trees, Liquid Fertilizer by TPS Plant Foods, 8 oz (250mL)",66,2,0.04%,0.05%,80,3,0.04%,0.06%,97.30%,100.00%,3,0,4.55%,0.00%,$35.97,$0.00,2,0
B0FKMQVTR4,B0FKMDVCG3,"Cherry Tree Fertilizer for Cherry Trees, Great for Bing, Rainier, and Montmorency Varieties, Liquid Fertilizer by TPS Plant Foods, 1 Gallon (128 oz)",19,1,0.01%,0.03%,28,1,0.01%,0.02%,100.00%,100.00%,2,0,10.53%,0.00%,$99.98,$0.00,2,0
B0FKMTH6PL,B0FKMTVCRG,"Thuja Green Giant Fertilizer, Vigorous Growth for Thuja Green Giant and Other Arborvitae Varieties, Liquid Fertilizer by TPS Plant Foods, 1 Gallon (128 oz)",16,0,0.01%,0.00%,20,0,0.01%,0.00%,100.00%,0.00%,2,0,12.50%,0.00%,$99.98,$0.00,2,0
B0FKSSHWH5,B0FKS4FXKB,"Melon Fertilizer for Melon Plants, Feeds Cantaloupes, Watermelons, and Specialty Melons, Liquid Fertilizer by TPS Plant Foods, 8 oz (250mL)",11,1,0.01%,0.03%,14,1,0.01%,0.02%,90.91%,100.00%,2,0,18.18%,0.00%,$23.98,$0.00,2,0
B0FKSD7JWN,B0FKSL8XQ8,"7-7-7 Fertilizer for Plants, Great for Vegetables, Flowers, and Shrubs, Liquid Plant Fertilizer by TPS Plant Foods, 1 Gallon (128oz)",16,2,0.01%,0.05%,23,2,0.01%,0.04%,89.47%,100.00%,2,1,12.50%,50.00%,$79.18,$39.19,2,1
B0FKSLZF2Y,B0FKSN2YHZ,"Honeysuckle Fertilizer for Honeysuckle Plants, Great for Vines, Shrubs, and Ground Covers, Liquid Fertilizer by TPS Plant Foods, 8 oz (250mL)",14,0,0.01%,0.00%,16,0,0.01%,0.00%,92.86%,0.00%,2,0,14.29%,0.00%,$23.98,$0.00,2,0
B0FKSP698D,B0FKSQTCCS,"Clematis Fertilizer for Clematis, Great for Sweet Autumn, White, and Nelly Moser Varieties, Liquid Fertilizer by TPS Plant Foods, 32 oz (1 Quart)",10,0,0.01%,0.00%,12,0,0.01%,0.00%,100.00%,0.00%,2,0,20.00%,0.00%,$49.98,$0.00,2,0
B0FKSJS9LN,B0FKSR5HQN,"Clover Fertilizer for Clover Lawns, Great for Microclover and Dutch White Clover, Liquid Fertilizer by TPS Plant Foods, 8oz (250ml)",19,3,0.01%,0.08%,25,6,0.01%,0.11%,100.00%,100.00%,2,0,10.53%,0.00%,$19.94,$0.00,2,0
B0FKSJS9LN,B0FKST1F77,"Clover Fertilizer for Clover Lawns, Great for Microclover and Dutch White Clover, Liquid Fertilizer by TPS Plant Foods, 32oz (1 Quart)",46,1,0.03%,0.03%,65,7,0.03%,0.13%,100.00%,0.00%,2,0,4.35%,0.00%,$49.98,$0.00,2,0
B0FKSZMX85,B0FKSTM2LQ,"Grape Fertilizer for Grape Vines, Great for All Varieties Including Concord, Thompson Seedless, Chardonnay, and More, Liquid Fertilizer by TPS Plant Foods, 1 Gallon (128 oz)",28,3,0.02%,0.08%,40,8,0.02%,0.15%,100.00%,100.00%,5,5,17.86%,166.67%,$195.95,$195.95,2,2
B0FKSMXNYN,B0FKSV6M4T,"Peony Fertilizer for Peony Flowers, Feeds Peony Flowers and Peony Bulbs for Stunning Blooms, Liquid Fertilizer by TPS Plant Foods, 32 oz (1 Quart)",13,1,0.01%,0.03%,22,2,0.01%,0.04%,100.00%,100.00%,2,1,15.38%,100.00%,$49.98,$24.99,2,1
B0FKSVBGW8,B0FKSY6FGW,"Watermelon Fertilizer for Watermelon, Feeds All Varieties, Liquid Fertilizer by TPS Plant Foods, 8 oz (250mL)",11,2,0.01%,0.05%,13,2,0.01%,0.04%,83.33%,100.00%,2,0,18.18%,0.00%,$23.98,$0.00,2,0
B0FLWV9VXQ,B0FLWV9VXQ,"Jade Fertilizer Spray, Gentle Foliar Feeding Spray for Healthy Leaves and Plants, Liquid Fertilizer by TPS Plant Foods, 16oz (475ml)",3,0,0.00%,0.00%,3,0,0.00%,0.00%,100.00%,0.00%,2,0,66.67%,0.00%,$19.98,$0.00,2,0
B0FLWX758L,B0FLWX758L,"Orchid Food Spray, Gentle Foliar Feeding Spray for Healthy Leaves and Plants. Liquid Fertilizer by TPS Plant Foods, 16oz (475ml)",17,1,0.01%,0.03%,23,3,0.01%,0.06%,100.00%,0.00%,2,0,11.76%,0.00%,$23.98,$0.00,2,0
B0FM3H3LNG,B0FM39KF3H,"Bermuda Grass Fertilizer for Bermuda Grass, Great for Tifway, Celebration, and Princess Varieties, Liquid Fertilizer by TPS Plant Foods, 1 Gallon (128 oz)",7,0,0.00%,0.00%,8,0,0.00%,0.00%,100.00%,0.00%,2,0,28.57%,0.00%,$79.98,$0.00,2,0
B0FM3H3LNG,B0FM3CT9KY,"Bermuda Grass Fertilizer for Bermuda Grass, Great for Tifway, Celebration, and Princess Varieties, Liquid Fertilizer by TPS Plant Foods, 32 oz (1 Quart)",33,1,0.02%,0.03%,42,1,0.02%,0.02%,97.30%,100.00%,2,0,6.06%,0.00%,$39.98,$0.00,2,0
B073ZPHV76,B07PDNVZ5G,"Bloom City Organic SuperGreen Kelp Foliar Spray for Plants, Gallon (128 oz)",11,0,0.01%,0.00%,11,0,0.01%,0.00%,0.00%,0.00%,1,0,9.09%,0.00%,$0.00,$0.00,1,0
B09NZTL8S4,B0B33WCTHN,"TPS NUTRIENTS Billions Concentrated Microbial Root Enhancer, 100% Water-Soluble with Mycorrhizae, Bacteria and Trichoderma, 25 Pound",45,4,0.03%,0.11%,50,6,0.02%,0.11%,100.00%,100.00%,1,0,2.22%,0.00%,$699.99,$0.00,1,0
B0BSR972K6,B0BSR8P3XY,"Ultra Grow by TPS Nutrients, One Part Veg Plant Fertilizer with All NPK Cal-Mag and Micros, 5 Gallon (640 oz)",13,3,0.01%,0.08%,22,5,0.01%,0.10%,100.00%,100.00%,1,0,7.69%,0.00%,$139.97,$0.00,1,0
B0BZ9XSTGN,B0BZB814JM,"Bloom City's Acid-Loving Plant Fertilizer - Soil Acidifier - for All Acid Loving Plants, Gallon (128 oz)",23,0,0.02%,0.00%,36,0,0.02%,0.00%,31.03%,0.00%,1,1,4.35%,0.00%,$49.99,$48.99,1,1
B0BZ9KFVGZ,B0BZBD3KLY,"Bloom City's Organic Soil Acidifier - The Best Soil Acidifier Blueberry and Hydrangea Acidic Fertilizer for Optimal Plant Health, Gallon (128 oz)",17,3,0.01%,0.08%,23,5,0.01%,0.10%,100.00%,100.00%,1,0,5.88%,0.00%,$49.99,$0.00,1,0
B0C73TPPD9,B0C73RDPZM,"TPS NUTRIENTS Tomato Fertilizer for Tomato and Vegetable Gardens, Liquid Plant Food, 32 oz (1 Quart)",20,0,0.01%,0.00%,29,0,0.01%,0.00%,100.00%,0.00%,1,0,5.00%,0.00%,$24.99,$0.00,1,0
B0C73T5V8Q,B0C73T5V8Q,"Strawberry Fertilizer for Fruit and Berry Gardens, Liquid Plant Food, 32 oz (1 Quart)",8,1,0.01%,0.03%,11,1,0.01%,0.02%,11.11%,0.00%,2,2,25.00%,200.00%,$48.98,$48.98,1,1
B0C73SWQ79,B0C73TDLPX,"African Violet Fertilizer for Indoor Flowering Plants, Liquid Plant Food, 1 Gallon (128 oz)",2,0,0.00%,0.00%,3,0,0.00%,0.00%,100.00%,0.00%,1,0,50.00%,0.00%,$59.99,$0.00,1,0
B0CQ3KQ22Y,B0CPGCB15V,"Bromeliad Fertilizer for All Bromeliaceae Plants, Liquid Plant Food, 32 oz (1 Quart)",6,0,0.00%,0.00%,6,0,0.00%,0.00%,100.00%,0.00%,1,0,16.67%,0.00%,$24.99,$0.00,1,0
B0CQ3JS6TP,B0CPGH6F27,"Tropical Plant Fertilizer for All Tropical Indoor and Outdoor Plants, Liquid Plant Food 1 Gallon (128oz)",12,0,0.01%,0.00%,13,0,0.01%,0.00%,54.55%,0.00%,1,0,8.33%,0.00%,$59.99,$0.00,1,0
B0CQ3KFH19,B0CPGHBD8R,"Olive Tree Fertilizer for All Olive and Oleaceae Trees, Liquid Plant Food 1 Gallon (128oz)",6,0,0.00%,0.00%,6,0,0.00%,0.00%,66.67%,0.00%,1,0,16.67%,0.00%,$49.99,$0.00,1,0
B0CTJ9Q9M3,B0CTJ7MB68,"Root Supplement for Monstera Plants, Stimulate and Propagate Healthy Fig Tree Roots with Probiotics and Seaweed, Liquid Plant Fertilizer, 32 oz (1 Quart)",8,0,0.01%,0.00%,9,0,0.00%,0.00%,100.00%,0.00%,2,0,25.00%,0.00%,$49.98,$0.00,1,0
B0D2ZFTJ2F,B0D2Z3HKKS,"TPS NUTRIENTS Mycorrhizal Fungi for Palm Trees, Mycos for Transplanting and for Established Palm Tree, Contains Mycorrhizae and Soil Probiotics (6 Ounces)",27,2,0.02%,0.05%,34,2,0.02%,0.04%,100.00%,100.00%,1,0,3.70%,0.00%,$11.99,$0.00,1,0
B0D2ZFTJ2F,B0D2ZBBJKF,TPS NUTRIENTS Mycos for Transplanting and Established Palm Plants (16 Ounces),15,1,0.01%,0.03%,21,1,0.01%,0.02%,40.91%,100.00%,1,1,6.67%,100.00%,$24.99,$24.99,1,1
B0D2ZFB8N2,B0D2ZH37XR,"Trichoderma for Plants, Great for Transplanting and Established Plants, Also Includes Soil Probiotics Mycorrhizae and Bacteria(16 Ounces)",9,0,0.01%,0.00%,9,0,0.00%,0.00%,77.78%,0.00%,1,0,11.11%,0.00%,$29.99,$0.00,1,0
B0D2ZH68VB,B0D2ZKQ68X,TPS NUTRIENTS Soil Microbes for Nutrient Uptake and Successful Transplanting and Established Plants (16 Ounces),26,0,0.02%,0.00%,34,0,0.02%,0.00%,90.00%,0.00%,1,0,3.85%,0.00%,$24.99,$0.00,1,0
B0D4GN5ZSV,B0D4G8TZ2B,"Organic Kelp Meal Fertilizer, Dry Seaweed Granular for Plants and Gardening 1 lb (1 Pound)",30,2,0.02%,0.05%,43,7,0.02%,0.13%,100.00%,100.00%,1,0,3.33%,0.00%,$24.99,$0.00,1,0
B0D4GPQ55S,B0D4GFKGKZ,"Seaweed Extract for Plants Ultra Pure and Organic, Water Soluble Dry Flake Kelp Plant Fertilizer 1 lb (1 Pound)",13,0,0.01%,0.00%,24,0,0.01%,0.00%,100.00%,0.00%,1,0,7.69%,0.00%,$24.99,$0.00,1,0
B0D4JSZ6TK,B0D4JDPWX5,"Liquid 10-10-10 Fertilizer for Plants, Triple Ten NPK Plus Iron and Micros, Liquid Plant Food 128 oz (1 Gallon)",11,0,0.01%,0.00%,15,0,0.01%,0.00%,100.00%,0.00%,1,0,9.09%,0.00%,$49.99,$0.00,1,0
B0D4JSLMDM,B0D4JFPQ1S,"Bloom Fertilizer, Concentrated PK Boost, No Nitrogen Bud and Fruit Booster, Liquid Plant Food 128 oz (1 Gallon)",34,3,0.02%,0.08%,55,3,0.03%,0.06%,100.00%,100.00%,1,0,2.94%,0.00%,$49.99,$0.00,1,0
B0D4JV8CP2,B0D4JGP8CG,"Urea Fertilizer for Plants, 15-0-0 Balanced Nitrogen for Vibrant Green Growth, Liquid Plant Food 128 oz (1 Gallon)",17,1,0.01%,0.03%,23,2,0.01%,0.04%,100.00%,100.00%,1,0,5.88%,0.00%,$49.99,$0.00,1,0
B0D4JW632D,B0D4JH92BH,"Ultra Strength pH Up, Professional Base pH Adjuster for Soil and Hydroponics, Buffering and Stability Control 128 oz (1 Gallon)",9,1,0.01%,0.03%,17,2,0.01%,0.04%,100.00%,100.00%,1,1,11.11%,100.00%,$39.19,$39.19,1,1
B0D4JT7N8J,B0D4JHNMDX,"Phosphorus Fertilizer for Plants, Boosts Rooting, Growth, Blooming and Flowering, Liquid Plant Food 128 oz (1 Gallon)",16,2,0.01%,0.05%,19,2,0.01%,0.04%,100.00%,100.00%,1,0,6.25%,0.00%,$49.99,$0.00,1,0
B0D4JVG5HJ,B0D4JHZLT9,"TPS NUTRIENTS Compost Starter and Accelerator, Fast Acting Organic Concentrated Liquid Probiotics for Home Compost Pile, 32 oz (1 Quart)",19,1,0.01%,0.03%,23,2,0.01%,0.04%,0.00%,0.00%,3,3,15.79%,300.00%,$73.47,$73.47,1,1
B0D4JVNJ9K,B0D4JJGZ98,"TPS NUTRIENTS Seaweed Fertilizer for Plants, Premium Organic Liquid Kelp for Gardening, Concentrated Liquid Plant Food 128 oz (1 Gallon)",23,3,0.02%,0.08%,29,3,0.01%,0.06%,100.00%,100.00%,1,0,4.35%,0.00%,$39.99,$0.00,1,0
B0D4JTQX3H,B0D4JJL75F,"TPS NUTRIENTS Flower Fertilizer, Flowering Plant PK Bloom Booster, Liquid Plant Food, 32 oz (1 Quart)",9,0,0.01%,0.00%,15,0,0.01%,0.00%,41.67%,0.00%,1,0,11.11%,0.00%,$24.99,$0.00,1,0
B0DPH37613,B0DPH3N6G6,"All Purpose NPK Fertilizer, Complete NPK Liquid Plant Food for All Plants, 1 Gallon (128 oz)",16,3,0.01%,0.08%,25,10,0.01%,0.19%,100.00%,100.00%,1,0,6.25%,0.00%,$49.99,$0.00,1,0
B0DPL3HCRK,B0DPL1L6K9,"Tulip Bulb Fertilizer, Complete Liquid Tulip Bulb Plant Food, 32 oz (1 Quart)",4,2,0.00%,0.05%,5,3,0.00%,0.06%,100.00%,100.00%,1,0,25.00%,0.00%,$24.99,$0.00,1,0
B0DPM9QJ41,B0DPMBSL78,"Dogwood Tree Fertilizer, Complete Liquid Dogwood Plant Food, 1 Gallon (128 oz)",7,2,0.00%,0.05%,15,3,0.01%,0.06%,100.00%,100.00%,1,0,14.29%,0.00%,$49.99,$0.00,1,0
B0DPMFMKWL,B0DPMDH391,"Fall Fertilizer, Complete Liquid Seasonal Plant Food, 32 oz (1 Quart)",4,0,0.00%,0.00%,4,0,0.00%,0.00%,100.00%,0.00%,1,0,25.00%,0.00%,$24.99,$0.00,1,0
B0DQ7V5XXX,B0DQ7X8VSC,"Shrub Fertilizer, Complete Liquid Shrub Plant Food, 1 Gallon (128 oz)",12,3,0.01%,0.08%,14,3,0.01%,0.06%,100.00%,100.00%,1,1,8.33%,33.33%,$49.99,$49.99,1,1
B0DQ7V4DC6,B0DQ7YR3FW,"Tree and Shrub Fertilizer, Complete Liquid Tree and Shrub Plant Food, 1 Gallon (128 oz)",29,1,0.02%,0.03%,47,1,0.02%,0.02%,97.06%,100.00%,1,0,3.45%,0.00%,$49.99,$0.00,1,0
B0DQ8BNKFQ,B0DQ89V3MF,"Plant Fertilizer for All Plants, Promotes Vibrant Growth, 1 Gallon (128 oz)",17,4,0.01%,0.11%,27,5,0.01%,0.10%,100.00%,100.00%,1,0,5.88%,0.00%,$49.99,$0.00,1,0
B0DQ8BNKFQ,B0DQ8FRKNW,"Plant Fertilizer for All Plants, Promotes Vibrant Growth, 8 oz (250mL)",4,0,0.00%,0.00%,5,0,0.00%,0.00%,100.00%,0.00%,1,0,25.00%,0.00%,$11.99,$0.00,1,0
B0DQR6GQNP,B0DQQPBKR7,"Fertilizante para Árboles Frutales, Complete Liquid Fruit Tree Plant Food, 32 oz (1 Quart)",7,0,0.00%,0.00%,7,0,0.00%,0.00%,100.00%,0.00%,1,0,14.29%,0.00%,$24.99,$0.00,1,0
B0DQQSQHQS,B0DQQYCQZX,"Garden Fertilizer, Complete Liquid Garden Plant Food for Edible Plants, 32 oz (1 Quart)",5,0,0.00%,0.00%,5,0,0.00%,0.00%,100.00%,0.00%,1,0,20.00%,0.00%,$24.99,$0.00,1,0
B0DQRHPKF8,B0DQRCYB8S,"Fish Fertilizer, Complete Liquid Fish Plant Food, 32 oz (1 Quart)",8,0,0.01%,0.00%,10,0,0.00%,0.00%,100.00%,0.00%,1,0,12.50%,0.00%,$24.99,$0.00,1,0
B0DQQP7F8Y,B0DQRDGJNT,"Hanging Basket Plant Food, Complete Liquid Hanging Basket Fertilizer for More Flower Blooms, 32 oz (1 Quart)",5,0,0.00%,0.00%,6,0,0.00%,0.00%,100.00%,0.00%,1,0,20.00%,0.00%,$24.99,$0.00,1,0
B0DQR8LXYD,B0DQRHRS4T,"Fertilizante para Plantas de Interior, Complete Liquid Indoor Plant Food, 8 oz (250mL)",45,2,0.03%,0.05%,64,6,0.03%,0.11%,94.64%,0.00%,1,0,2.22%,0.00%,$11.99,$0.00,1,0
B0DQTH68Y8,B0DQTQQLS9,"Petunia Fertilizer, Complete Liquid Petunia Plant Food, 32 oz (1 Quart)",10,0,0.01%,0.00%,11,0,0.01%,0.00%,100.00%,0.00%,1,0,10.00%,0.00%,$24.99,$0.00,1,0
B0FKM7M6X4,B0FKLTFP6B,"Fig Tree Fertilizer for Fig Trees, Great for Other Ficus Tree Varieties, Liquid Fertilizer by TPS Plant Foods, 1 Gallon (128 oz)",6,0,0.00%,0.00%,9,0,0.00%,0.00%,100.00%,0.00%,1,0,16.67%,0.00%,$49.99,$0.00,1,0
B0FLB8TSZL,B0FKLYMLRN,"Holly Fertilizer for Holly Bushes, Supports Healthy Growth in All Holly Varieties, Liquid Fertilizer by TPS Plant Foods, 32 oz (1 Quart)",7,1,0.00%,0.03%,8,1,0.00%,0.02%,100.00%,0.00%,1,0,14.29%,0.00%,$24.99,$0.00,1,0
B0FKLZXGZR,B0FKLZZBYL,"Orchard Fertilizer for Orchards, Works Great for Apple, Stone Fruits, and Citrus Orchard Trees, Liquid Fertilizer by TPS Plant Foods, 8 oz (250mL)",8,0,0.01%,0.00%,12,0,0.01%,0.00%,100.00%,0.00%,1,0,12.50%,0.00%,$11.99,$0.00,1,0
B0FKM8H74Y,B0FKM7JH8L,"BlackBerry Fertilizer for BlackBerry Plants, Supports Healthy Growth and Plump Berries in BlackBerry Plants, Liquid Fertilizer by TPS Plant Foods, 1 Gallon (128 oz)",6,2,0.00%,0.05%,7,3,0.00%,0.06%,100.00%,100.00%,1,0,16.67%,0.00%,$49.99,$0.00,1,0
B0FLB8TSZL,B0FKMB2Y9L,"Holly Fertilizer for Holly Bushes, Supports Healthy Growth in All Holly Varieties, Liquid Fertilizer by TPS Plant Foods, 1 Gallon (128 oz)",3,0,0.00%,0.00%,3,0,0.00%,0.00%,100.00%,0.00%,1,0,33.33%,0.00%,$39.99,$0.00,1,0
B0FKMTH6PL,B0FKMCWYLF,"Thuja Green Giant Fertilizer, Vigorous Growth for Thuja Green Giant and Other Arborvitae Varieties, Liquid Fertilizer by TPS Plant Foods, 8 oz (250mL)",15,1,0.01%,0.03%,17,1,0.01%,0.02%,100.00%,100.00%,1,0,6.67%,0.00%,$11.99,$0.00,1,0
B0FKMKY8XZ,B0FKMJBBS4,"The Best Plant Fertilizer for Flowers, Veggies and Trees, Liquid Fertilizer by TPS Plant Foods, 8 oz (250mL)",50,0,0.03%,0.00%,63,0,0.03%,0.00%,100.00%,0.00%,1,0,2.00%,0.00%,$11.99,$0.00,1,0
B0FKMJCRS9,B0FKMLHSCH,"Vegan Fertilizer for Vegetable Gardens, Works Great for All Types of Plants, Liquid Fertilizer by TPS Plant Foods, 8 oz (250mL)",14,0,0.01%,0.00%,20,0,0.01%,0.00%,88.24%,0.00%,1,0,7.14%,0.00%,$11.99,$0.00,1,0
B0FKLR1S2K,B0FKMQPJWG,"Bush Fertilizer for Bushes, Great for Flowering, Evergreen, Fruit Bearing, and Wild Shrubs, Liquid Fertilizer by TPS Plant Foods, 8 oz (250mL)",7,0,0.00%,0.00%,7,0,0.00%,0.00%,100.00%,0.00%,1,0,14.29%,0.00%,$11.99,$0.00,1,0
B0FKMML25Z,B0FKMR162G,"Pecan Tree Fertilizer for Pecan Trees, Supports Strong Growth and Hearty Nuts in All Varieiteis of Nut Trees, Liquid Fertilizer by TPS Plant Foods, 1 Gallon (128 oz)",18,0,0.01%,0.00%,20,0,0.01%,0.00%,100.00%,0.00%,1,0,5.56%,0.00%,$49.99,$0.00,1,0
B0FKMFFM2S,B0FKMTW5JC,"Raspberry Fertilizer for Raspberry Plants, Supports Healthy Growth and Plump Berries in Raspberry Plants, Liquid Fertilizer by TPS Plant Foods, 8 oz (250mL)",21,1,0.01%,0.03%,29,2,0.01%,0.04%,100.00%,100.00%,1,0,4.76%,0.00%,$11.99,$0.00,1,0
B0FKMFFM2S,B0FKMTXTJM,"Raspberry Fertilizer for Raspberry Plants, Supports Healthy Growth and Plump Berries in Raspberry Plants, Liquid Fertilizer by TPS Plant Foods, 32 oz (1 Quart)",7,0,0.00%,0.00%,10,0,0.00%,0.00%,87.50%,0.00%,1,0,14.29%,0.00%,$24.99,$0.00,1,0
B0FKSTZ5SD,B0FKSQK91K,"Acidic Fertilizer for Acid-Loving Plants, Works Great for Hydrangeas, Blueberries, and Gardenia, Liquid Fertilizer by TPS Plant Foods, 1 Gallon (128 oz)",21,2,0.01%,0.05%,32,2,0.02%,0.04%,100.00%,100.00%,1,0,4.76%,0.00%,$39.99,$0.00,1,0
B0FKSFK1B3,B0FKSWG5VR,"5-5-5 Fertilizer for Plants, Great for Vegetables, Flowers, and Shrubs, Liquid Plant Fertilizer by TPS Plant Foods, 8oz (250ml)",5,0,0.00%,0.00%,5,0,0.00%,0.00%,100.00%,0.00%,1,0,20.00%,0.00%,$11.99,$0.00,1,0
B0FKST6XH2,B0FKSXNXBV,"Dahlia Fertilizer for Dahlia Flowers, Supports Healthy Growth of Dahlia Flowers and Bulbs, Liquid Fertilizer by TPS Plant Foods, 32 oz (1 Quart)",6,0,0.00%,0.00%,6,0,0.00%,0.00%,100.00%,0.00%,1,0,16.67%,0.00%,$24.99,$0.00,1,0
B0FKSLZF2Y,B0FKSZG4PD,"Honeysuckle Fertilizer for Honeysuckle Plants, Great for Vines, Shrubs, and Ground Cover, Liquid Fertilizer by TPS Plant Foods, 32 oz (1 Quart)",2,0,0.00%,0.00%,2,0,0.00%,0.00%,100.00%,0.00%,1,0,50.00%,0.00%,$24.99,$0.00,1,0
B0FKSGPPQH,B0FKT82XBK,"5-10-10 Fertilizer for Plants, Great for Root Vegetables, Tomatoes, and Flowers, Plant Fertilizer by TPS Plant Foods, 32oz (1 Quart)",5,0,0.00%,0.00%,5,0,0.00%,0.00%,66.67%,0.00%,1,0,20.00%,0.00%,$24.99,$0.00,1,0
B0FKXS8L9L,B0FKY4X6RY,"Raised Bed Fertilizer for Vegetables, Herbs, and Flowers, Balanced Nutrients for Container and Box Gardens, Liquid Fertilizer by TPS Plant Foods, 8oz (250ml)",17,2,0.01%,0.05%,22,2,0.01%,0.04%,100.00%,100.00%,1,1,5.88%,50.00%,$11.75,$11.75,1,1
B0FLWT9FSQ,B0FLWT9FSQ,"Anthurium Fertilizer Spray, Gentle Foliar Feeding Spray for Healthy Leaves and Plants, Liquid Fertilizer by TPS Plant Foods, 16oz (475ml)",3,0,0.00%,0.00%,7,0,0.00%,0.00%,100.00%,0.00%,1,0,33.33%,0.00%,$11.99,$0.00,1,0
B0FLWTKDCD,B0FLWTKDCD,"Carnivorous Plant Fertilizer Spray, Gentle Foliar Feeding Spray for Healthy Leaves and Plants, Liquid Fertilizer by TPS Plant Foods, 16oz (475ml)",19,1,0.01%,0.03%,24,1,0.01%,0.02%,90.91%,100.00%,1,0,5.26%,0.00%,$9.99,$0.00,1,0
B0FLWWF32B,B0FLWWF32B,"Monstera Fertilizer Spray, Gentle Foliar Feeding Spray for Healthy Leaves and Plants. Liquid Fertilizer by TPS Plant Foods, 16oz (475ml)",8,1,0.01%,0.03%,11,1,0.01%,0.02%,100.00%,100.00%,1,0,12.50%,0.00%,$11.99,$0.00,1,0
B0FLWX9TMK,B0FLWX9TMK,"Pothos Fertilizer Spray, Gentle Foliar Feeding Spray for Healthy Leaves and Plants. Liquid Fertilizer by TPS Plant Foods, 16oz (475ml)",19,0,0.01%,0.00%,27,0,0.01%,0.00%,100.00%,0.00%,1,0,5.26%,0.00%,$11.99,$0.00,1,0
B0FM2KK814,B0FM2JYJGP,"Pond Plant Fertilizer for Pond Plants, Great for Water Lilies, Lotus, and Cattails, Liquid Fertilizer by TPS Plant Foods, 8 oz (250mL)",12,0,0.01%,0.00%,15,0,0.01%,0.00%,100.00%,0.00%,1,0,8.33%,0.00%,$11.99,$0.00,1,0
B0FM3L6M2S,B0FM3HCMG8,"Zoysia Grass Fertilizer for Zoysia Grass, Great for Zenith, Emerald, and Zeon Varieties, Liquid Fertilizer by TPS Plant Foods, 8 oz (250mL)",3,0,0.00%,0.00%,3,0,0.00%,0.00%,100.00%,0.00%,1,0,33.33%,0.00%,$9.97,$0.00,1,0
B0FM3F8N27,B0FM3HD7D5,"High Nitrogen Fertilizer, Supports Strong Plant Growth, TPS Plant Foods, 32oz (1 Quart)",6,0,0.00%,0.00%,7,0,0.00%,0.00%,100.00%,0.00%,1,0,16.67%,0.00%,$19.99,$0.00,1,0
B073ZMV1MD,B073ZMV1MD,Organic Liquid Seaweed and Kelp Fertilizer Supplement by Bloom City,29,1,0.02%,0.03%,33,1,0.02%,0.02%,0.00%,0.00%,0,0,0.00%,0.00%,$0.00,$0.00,0,0
B073ZNYYYY,B073ZNYYYY,Bloom City Professional pH Down Liquid Fertilizer,3,0,0.00%,0.00%,3,0,0.00%,0.00%,0.00%,0.00%,0,0,0.00%,0.00%,$0.00,$0.00,0,0
B073ZP8NYB,B073ZP8NYB,Bloom City Professional pH Up Liquid Fertilizer,1,0,0.00%,0.00%,1,0,0.00%,0.00%,0.00%,0.00%,0,0,0.00%,0.00%,$0.00,$0.00,0,0
B073ZPHV76,B073ZPHV76,Organic SuperGreen Kelp Foliar Spray for Plants by Bloom City,9,1,0.01%,0.03%,9,1,0.00%,0.02%,0.00%,0.00%,0,0,0.00%,0.00%,$0.00,$0.00,0,0
B073ZPXG4L,B073ZPXG4L,Bloom City Professional Grade Ultra Pure Cal-Mag Growing Fertilizer,12,0,0.01%,0.00%,13,0,0.01%,0.00%,0.00%,0.00%,0,0,0.00%,0.00%,$0.00,$0.00,0,0
B073ZTGW3B,B073ZTGW3B,Liquid Silica Boost Fertilizer and Supplement by Bloom City,13,1,0.01%,0.03%,15,1,0.01%,0.02%,0.00%,0.00%,0,0,0.00%,0.00%,$0.00,$0.00,0,0
B077NMN88N,B077NMN88N,"Organic Wild Fish Fertilizer and Plant Supplement, Great for Roots and Soil, Made from Sustainable Salmon, by Bloom City",11,0,0.01%,0.00%,13,0,0.01%,0.00%,0.00%,0.00%,0,0,0.00%,0.00%,$0.00,$0.00,0,0
B077SQMZQC,B077SQMZQC,"Organic Liquid Humic Soil Health Formula, Great for Houseplants, Gardens and Lawns, by Bloom City",5,0,0.00%,0.00%,5,0,0.00%,0.00%,0.00%,0.00%,0,0,0.00%,0.00%,$0.00,$0.00,0,0
B08719XBT4,B07CWQ1FP3,"TPS NUTRIENTS Canopy Boost Foliar Spray for All Plants, Boosts Photosynthesis and Corrects Common Yellowing 5 Gallon (640 oz)",12,1,0.01%,0.03%,13,1,0.01%,0.02%,100.00%,0.00%,0,0,0.00%,0.00%,$0.00,$0.00,0,0
B07PDNVVZG,B07PDNVVZG,"Organic Root Stimulant, Salmon and Kelp Formula, Rich with Microbes and Mycorrhizae by Bloom City",4,0,0.00%,0.00%,4,0,0.00%,0.00%,0.00%,0.00%,0,0,0.00%,0.00%,$0.00,$0.00,0,0
B07PHVX8TB,B07PHVX8TB,Organic Earthworm Tea Concentrate and Compost and Bokashi Booster by Bloom City,10,0,0.01%,0.00%,12,0,0.01%,0.00%,0.00%,0.00%,0,0,0.00%,0.00%,$0.00,$0.00,0,0
B08716646D,B08716646D,"Cal-Mag Complete, Calcium Magnesium Iron and Micronutrients Fertilizer and Supplement by TPS Nutrients",7,0,0.00%,0.00%,7,0,0.00%,0.00%,0.00%,0.00%,0,0,0.00%,0.00%,$0.00,$0.00,0,0
B08718H8XV,B08718H8XV,"N-Primer Nitrogen Supplement for Fast Vegetative Growth, Promotes Dark Green Leaves by TPS Nutrients",9,0,0.01%,0.00%,10,0,0.00%,0.00%,0.00%,0.00%,0,0,0.00%,0.00%,$0.00,$0.00,0,0
B08719XBT4,B08719XBT4,"Canopy Boost Foliar Spray for All Plants, Boosts Photosynthesis and Corrects Common Yellowing by TPS Nutrients",6,0,0.00%,0.00%,7,0,0.00%,0.00%,0.00%,0.00%,0,0,0.00%,0.00%,$0.00,$0.00,0,0
B0871BL88Y,B0871BL88Y,"Root Boost Advanced Rooting Formula for Living Soil and White Roots, Plus Microbes by TPS Nutrients",10,0,0.01%,0.00%,10,0,0.00%,0.00%,0.00%,0.00%,0,0,0.00%,0.00%,$0.00,$0.00,0,0
B0871D2DNL,B0871D2DNL,"Signal Terpene Enhancer Plant Nutrient and Supplement, Flower Hardener and Increases Flavor by TPS Nutrients",6,0,0.00%,0.00%,10,0,0.00%,0.00%,0.00%,0.00%,0,0,0.00%,0.00%,$0.00,$0.00,0,0
B0871D2QP9,B0871D2QP9,"Bloom Bud Builder & Flower Hardener Plant Nutrient and Supplement, Triggers Fast Flowering by TPS Nutrients",3,0,0.00%,0.00%,4,0,0.00%,0.00%,0.00%,0.00%,0,0,0.00%,0.00%,$0.00,$0.00,0,0
B0871DFX4Z,B0871DFX4Z,"Organic Cal-Mag OAC Plant Nutrient and Supplement, Plus Iron and Micronutrients by TPS Nutrients",1,0,0.00%,0.00%,1,0,0.00%,0.00%,0.00%,0.00%,0,0,0.00%,0.00%,$0.00,$0.00,0,0
B08W2FWCJ3,B08W2FWCJ3,"TPS Base A+B Two Part Set Complete Plant Growing Nutrient Formula for All Plants, for Both Soil and Hydro",9,0,0.01%,0.00%,13,0,0.01%,0.00%,0.00%,0.00%,0,0,0.00%,0.00%,$0.00,$0.00,0,0
B09NZTL8S4,B09NZTL8S4,"TPS Billions Concentrated Microbial Root Enhancer, 100% Water-Soluble with Mycorrhizae, Bacteria and Trichoderma",16,7,0.01%,0.19%,18,9,0.01%,0.17%,0.00%,0.00%,0,0,0.00%,0.00%,$0.00,$0.00,0,0
B09Z7897Q3,B09Z7897Q3,Tomato & Veggie Plant Food for Delicious Homegrown Produce by Bloom City,7,0,0.00%,0.00%,8,0,0.00%,0.00%,0.00%,0.00%,0,0,0.00%,0.00%,$0.00,$0.00,0,0
B09Z7CBQ3J,B09Z78YM4M,"Bloom City Veggie Cure Blossom End Rot Solved for All Garden Plants & Vegetables, (128 oz)",5,1,0.00%,0.03%,6,1,0.00%,0.02%,100.00%,100.00%,0,0,0.00%,0.00%,$0.00,$0.00,0,0
B09Z7C6S35,B09Z7C6S35,Rose & Flower Natural Plant Food for Prize Winning Blooms in Homes & Gardens by Bloom City,1,0,0.00%,0.00%,1,0,0.00%,0.00%,0.00%,0.00%,0,0,0.00%,0.00%,$0.00,$0.00,0,0
B09Z7CBQ3J,B09Z7CBQ3J,"Veggie Cure by Bloom City, Blossom End Rot Solved for All Garden Plants & Vegetables",2,0,0.00%,0.00%,3,0,0.00%,0.00%,0.00%,0.00%,0,0,0.00%,0.00%,$0.00,$0.00,0,0
B0BRTHD3SD,B0BRTHD3SD,"Herb Plant Food for All Edible Herbs, Leafy Greens and Veggies, Liquid Houseplant Fertilizer",7,1,0.00%,0.03%,9,1,0.00%,0.02%,0.00%,0.00%,0,0,0.00%,0.00%,$0.00,$0.00,0,0
B0BRTHP3XC,B0BRTHP3XC,"Fiddle Leaf Fig Plant Fertilizer for All Fig and Other Ficus Trees, Liquid Houseplant Food",5,0,0.00%,0.00%,5,0,0.00%,0.00%,0.00%,0.00%,0,0,0.00%,0.00%,$0.00,$0.00,0,0
B0BRTHT763,B0BRTHT763,"Root Supplement for Houseplants, Stimulate and Propagate Healthy Houseplant Roots with Probiotics and Seaweed, Liquid Plant Fertilizer",7,0,0.00%,0.00%,9,0,0.00%,0.00%,0.00%,0.00%,0,0,0.00%,0.00%,$0.00,$0.00,0,0
B0BRTHVZCH,B0BRTHVZCH,"Monstera Plant Food for Monsteras and Philodendrons, Tropical Houseplant Liquid Fertilizer",5,0,0.00%,0.00%,6,0,0.00%,0.00%,0.00%,0.00%,0,0,0.00%,0.00%,$0.00,$0.00,0,0
B0BRTJ2JRK,B0BRTJ2JRK,"Liquid Plant Food for use in AeroGarden, IDOO and Hydroponic Growing Systems, Liquid Fertilizer",16,2,0.01%,0.05%,21,2,0.01%,0.04%,0.00%,0.00%,0,0,0.00%,0.00%,$0.00,$0.00,0,0
B0BRTJFDBD,B0BRTJFDBD,"Orchid Plant Food for All Orchids and Acid Loving Houseplants, Promotes Growth and Blooms, Liquid Fertilizer",1,0,0.00%,0.00%,3,0,0.00%,0.00%,0.00%,0.00%,0,0,0.00%,0.00%,$0.00,$0.00,0,0
B0BSR88CL4,B0BSR88CL4,"Ultra Bloom by TPS Nutrients, One Part Flowering and Fruiting Plant Fertilizer with All NPK Cal-Mag and Micros",1,0,0.00%,0.00%,2,0,0.00%,0.00%,0.00%,0.00%,0,0,0.00%,0.00%,$0.00,$0.00,0,0
B0BSR8YXF3,B0BSR8YXF3,"Ultra Grow and Ultra Bloom Set by TPS Nutrients, Complete Cycle Veg and Flowering Plant Fertilizer with All NPK Cal-Mag and Micros",1,0,0.00%,0.00%,1,0,0.00%,0.00%,0.00%,0.00%,0,0,0.00%,0.00%,$0.00,$0.00,0,0
B0BSR972K6,B0BSR972K6,"Ultra Grow by TPS Nutrients, One Part Veg Plant Fertilizer with All NPK Cal-Mag and Micros",2,1,0.00%,0.03%,2,1,0.00%,0.02%,0.00%,0.00%,0,0,0.00%,0.00%,$0.00,$0.00,0,0
B0BSR972K6,B0BSRC64FF,"TPS NUTRIENTS Ultra Grow One Part Veg Plant Fertilizer with All NPK Cal-Mag and Micros, 2.5 Gallon (320 oz)",17,3,0.01%,0.08%,27,6,0.01%,0.11%,100.00%,75.00%,0,0,0.00%,0.00%,$0.00,$0.00,0,0
B0BWKBZS94,B0BWKBZS94,"TPS-One Liquid One Part Plant Nutrient from Veg to Bloom, for Lush Growth and Dense Flowers by TPS Nutrients",7,0,0.00%,0.00%,9,0,0.00%,0.00%,0.00%,0.00%,0,0,0.00%,0.00%,$0.00,$0.00,0,0
B0BZ9KFVGZ,B0BZ9KFVGZ,"Bloom City's Organic Soil Acidifier - The Best Soil Acidifier Blueberry and Hydrangea Acidic Fertilizer for Optimal Plant Health, Quart (32 oz)",1,0,0.00%,0.00%,1,0,0.00%,0.00%,0.00%,0.00%,0,0,0.00%,0.00%,$0.00,$0.00,0,0
B0BZ9L9NGZ,B0BZ9L9NGZ,Bloom City's Organic Nitrogen - Liquid Fertilizer for Lawns - Nitrogen Fertilizer for Lawns & Gardens,3,0,0.00%,0.00%,3,0,0.00%,0.00%,0.00%,0.00%,0,0,0.00%,0.00%,$0.00,$0.00,0,0
B0BZ9RFYWJ,B0BZ9RFYWJ,Bloom City's Organic Berry Best - Blueberry & Strawberry Fertilizer,3,0,0.00%,0.00%,3,0,0.00%,0.00%,0.00%,0.00%,0,0,0.00%,0.00%,$0.00,$0.00,0,0
B0BZ9XSTGN,B0BZ9XSTGN,Bloom City's Acid-Loving Plant Fertilizer - Soil Acidifier - Perfect Acidic Fertilizer as a Blueberry Fertilizer or Any Acid Loving Plants,2,1,0.00%,0.03%,2,1,0.00%,0.02%,0.00%,0.00%,0,0,0.00%,0.00%,$0.00,$0.00,0,0
B0BZ9ZLPCG,B0BZ9ZLPCG,Bloom City's Organic Liquid Iron - Liquid Iron for Lawn - Chelated Iron for Plants,1,0,0.00%,0.00%,1,0,0.00%,0.00%,0.00%,0.00%,0,0,0.00%,0.00%,$0.00,$0.00,0,0
B0BZ9ZXDGH,B0BZ9ZXDGH,Bloom City's Organic Citrus & Fruit Fertilizer - Perfect for Potted Citrus Trees,8,0,0.01%,0.00%,9,0,0.00%,0.00%,0.00%,0.00%,0,0,0.00%,0.00%,$0.00,$0.00,0,0
B0BZB3PMMC,B0BZB3PMMC,Bloom City's Organic Liquid Epsom Salt for Plants - Epsom Salt for Gardening and Garden Epsom Salt for Plants Nutrient Uptake - Magnesium Sulfate for Plants,1,0,0.00%,0.00%,1,0,0.00%,0.00%,0.00%,0.00%,0,0,0.00%,0.00%,$0.00,$0.00,0,0
B0BZ9ZLPCG,B0BZBGP5XW,"Bloom City's Organic Liquid Iron - Liquid Iron for Lawn - Chelated Iron for Plants, Gallon (128 oz)",16,2,0.01%,0.05%,21,3,0.01%,0.06%,100.00%,100.00%,0,0,0.00%,0.00%,$0.00,$0.00,0,0
B0BRTJFDBD,B0C6JXSGNJ,"Orchid Plant Food for All Orchids and Acid Loving Houseplants, Promotes Growth and Blooms, Liquid Fertilizer, 1 Gallon (128 oz)",7,0,0.00%,0.00%,9,0,0.00%,0.00%,0.00%,0.00%,0,0,0.00%,0.00%,$0.00,$0.00,0,0
B0C6Q56QSG,B0C6Q56QSG,"Palm Tree Fertilizer for All Palms and Ferns, Liquid Plant Food",8,0,0.01%,0.00%,9,0,0.00%,0.00%,0.00%,0.00%,0,0,0.00%,0.00%,$0.00,$0.00,0,0
B0C6Q57W2L,B0C6Q57W2L,"Gardenia Fertilizer for Gardenias, Camellia and Rhododendron Plants, Flowering Liquid Plant Food",11,0,0.01%,0.00%,13,0,0.01%,0.00%,0.00%,0.00%,0,0,0.00%,0.00%,$0.00,$0.00,0,0
B0C6Q5W3PD,B0C6Q5W3PD,"Money Tree Fertilizer for Money Trees and All Pachira Plants, Liquid Plant Food",5,0,0.00%,0.00%,5,0,0.00%,0.00%,0.00%,0.00%,0,0,0.00%,0.00%,$0.00,$0.00,0,0
B0C6Q7FJLW,B0C6Q648F7,"Snake Plant Fertilizer for Snake Plants and All Sansevieria Plants, Liquid Plant Food 1 Gallon (128 oz)",4,0,0.00%,0.00%,8,0,0.00%,0.00%,0.00%,0.00%,0,0,0.00%,0.00%,$0.00,$0.00,0,0
B0C6Q7FJLW,B0C6Q7FJLW,"Snake Plant Fertilizer for Snake Plants and All Sansevieria Plants, Liquid Plant Food",9,0,0.01%,0.00%,11,0,0.01%,0.00%,0.00%,0.00%,0,0,0.00%,0.00%,$0.00,$0.00,0,0
B0C6Q5W3PD,B0C6Q889NN,"Money Tree Fertilizer for Money Trees and All Pachira Plants, Liquid Plant Food, 1 Gallon (128 oz)",10,0,0.01%,0.00%,12,0,0.01%,0.00%,100.00%,0.00%,0,0,0.00%,0.00%,$0.00,$0.00,0,0
B0C6R5GT7H,B0C6R5FZQX,"TPS NUTRIENTS Cactus Fertilizer for Cacti and All Desert Plants, Liquid Plant Food, 1 Gallon (128 oz)",6,0,0.00%,0.00%,6,0,0.00%,0.00%,0.00%,0.00%,0,0,0.00%,0.00%,$0.00,$0.00,0,0
B0C6R5GT7H,B0C6R5GT7H,"Cactus Fertilizer for Cacti and All Desert Plants, Liquid Plant Food",1,0,0.00%,0.00%,2,0,0.00%,0.00%,0.00%,0.00%,0,0,0.00%,0.00%,$0.00,$0.00,0,0
B0C6R5T1W1,B0C6R5T1W1,"Bonsai Fertilizer, Liquid Plant Food for Healthy Growth & Strong Roots in All Bonsai Trees, by TPS Plant Foods",1,0,0.00%,0.00%,1,0,0.00%,0.00%,0.00%,0.00%,0,0,0.00%,0.00%,$0.00,$0.00,0,0
B0C6R64HBS,B0C6R64HBS,"Air Plant Fertilizer for All Tillandsia Air Plants, Use As Foliar Spray or for Soaking, Liquid Plant Food",3,1,0.00%,0.03%,3,1,0.00%,0.02%,0.00%,0.00%,0,0,0.00%,0.00%,$0.00,$0.00,0,0
B0C6R5T1W1,B0C6R9RTRS,"Bonsai Fertilizer for All Bonsai Trees, Great for Root Soaks, Liquid Plant Food 1 Gallon (128 oz)",6,0,0.00%,0.00%,6,0,0.00%,0.00%,0.00%,0.00%,0,0,0.00%,0.00%,$0.00,$0.00,0,0
B0C73PRW4M,B0C73PRW4M,Lemon Tree Fertilizer - Ideal Lemon Tree Plant Food for All Lemon Tree and Citrus Tree Varieties,17,0,0.01%,0.00%,20,0,0.01%,0.00%,0.00%,0.00%,0,0,0.00%,0.00%,$0.00,$0.00,0,0
B0C73Q3PZL,B0C73Q3PZL,"Hibiscus Fertilizer for Tropical and Flowering Plants, Liquid Plant Food",8,0,0.01%,0.00%,8,0,0.00%,0.00%,0.00%,0.00%,0,0,0.00%,0.00%,$0.00,$0.00,0,0
B0C73QC2XH,B0C73QC2XH,"Hydrangea Fertilizer for Acid Loving Plants, Liquid Plant Food",1,0,0.00%,0.00%,1,0,0.00%,0.00%,0.00%,0.00%,0,0,0.00%,0.00%,$0.00,$0.00,0,0
B0C73R538L,B0C73R538L,"Strawberry Fertilizer for Fruit and Berry Gardens, Liquid Plant Food",5,0,0.00%,0.00%,5,0,0.00%,0.00%,0.00%,0.00%,0,0,0.00%,0.00%,$0.00,$0.00,0,0
B0C73R9Y77,B0C73R9Y77,"Plumeria Fertilizer for All Frangipani and Tropical Plants, Liquid Plant Food",4,0,0.00%,0.00%,7,0,0.00%,0.00%,0.00%,0.00%,0,0,0.00%,0.00%,$0.00,$0.00,0,0
B0C73TGNWN,B0C73RGF8Q,"TPS NUTRIENTS Rose Fertilizer for Flowering Plants, Liquid Plant Food, 1 Gallon (128 oz)",1,0,0.00%,0.00%,1,0,0.00%,0.00%,100.00%,0.00%,0,0,0.00%,0.00%,$0.00,$0.00,0,0
B0C73RMK5D,B0C73RMK5D,"Fruit Tree Fertilizer for All Fruit Trees Peach, Apple, and Pear, Liquid Plant Food",1,0,0.00%,0.00%,1,0,0.00%,0.00%,0.00%,0.00%,0,0,0.00%,0.00%,$0.00,$0.00,0,0
B0C73RMK5D,B0C73RW8XV,"Fruit Tree Fertilizer for All Fruit Trees Peach, Apple, and Pear, Liquid Plant Food, 1 Gallon (128 oz)",18,3,0.01%,0.08%,26,4,0.01%,0.08%,91.67%,100.00%,0,0,0.00%,0.00%,$0.00,$0.00,0,0
B0C73S173V,B0C73S173V,"Apple Tree Fertilizer for All Apple, Pear, Nut and Fruit Trees, Liquid Plant Food",5,0,0.00%,0.00%,5,0,0.00%,0.00%,0.00%,0.00%,0,0,0.00%,0.00%,$0.00,$0.00,0,0
B0C73SH1JW,B0C73SH1JW,"Tree Fertilizer for All Trees and Shrubs, Liquid Plant Food",7,0,0.00%,0.00%,7,0,0.00%,0.00%,0.00%,0.00%,0,0,0.00%,0.00%,$0.00,$0.00,0,0
B0C73SRXF8,B0C73SRXF8,"Lawn Fertilizer for All Grass and Lawn Types, Liquid Plant Food",5,0,0.00%,0.00%,5,0,0.00%,0.00%,0.00%,0.00%,0,0,0.00%,0.00%,$0.00,$0.00,0,0
B0C73SSFH8,B0C73SSFH8,"Blueberry Fertilizer for Acid Loving Fruit and Berry Gardens, Liquid Plant Food",3,0,0.00%,0.00%,3,0,0.00%,0.00%,0.00%,0.00%,0,0,0.00%,0.00%,$0.00,$0.00,0,0
B0C73SRXF8,B0C73SWFZP,"TPS NUTRIENTS Lawn Fertilizer for All Grass and Lawn Types, Liquid Plant Food, 32 oz (1 Quart)",20,0,0.01%,0.00%,26,0,0.01%,0.00%,100.00%,0.00%,0,0,0.00%,0.00%,$0.00,$0.00,0,0
B0C73SWQ79,B0C73SWQ79,"African Violet Fertilizer for Indoor Flowering Plants, Liquid Plant Food",3,0,0.00%,0.00%,4,0,0.00%,0.00%,0.00%,0.00%,0,0,0.00%,0.00%,$0.00,$0.00,0,0
B0C73TGNWN,B0C73TGNWN,"Rose Fertilizer for Flowering Plants, Liquid Plant Food",2,0,0.00%,0.00%,2,0,0.00%,0.00%,0.00%,0.00%,0,0,0.00%,0.00%,$0.00,$0.00,0,0
B0C73TPPD9,B0C73TPPD9,"Tomato Fertilizer for All Tomato and Vegetable Gardens, Liquid Plant Food",1,0,0.00%,0.00%,1,0,0.00%,0.00%,0.00%,0.00%,0,0,0.00%,0.00%,$0.00,$0.00,0,0
B0C73SRXF8,B0C73V7QH2,"TPS NUTRIENTS Lawn Fertilizer for All Grass and Lawn Types, Liquid Plant Food, 1 Gallon (128 oz)",8,0,0.01%,0.00%,11,0,0.01%,0.00%,100.00%,0.00%,0,0,0.00%,0.00%,$0.00,$0.00,0,0
B0C73VV3QQ,B0C73VV3QQ,"Citrus Fertilizer for All Citrus and Fruiting Trees, Liquid Plant Food",3,0,0.00%,0.00%,3,0,0.00%,0.00%,0.00%,0.00%,0,0,0.00%,0.00%,$0.00,$0.00,0,0
B0BRTJFDBD,B0CPC76BP5,"Orchid Plant Food for All Orchids and Acid Loving Houseplants, Promotes Growth and Blooms, Liquid Fertilizer, 8 Oz Bottles Case Pack - 12 Count",25,0,0.02%,0.00%,28,0,0.01%,0.00%,100.00%,0.00%,0,0,0.00%,0.00%,$0.00,$0.00,0,0
B0BRTGXTVW,B0CPC7CB1T,"Succulent Plant Food for Succulents, Cactus, Jade and Aloe, Liquid Houseplant Fertilizer, 8 Oz Bottles Case Pack - 12 Count",10,1,0.01%,0.03%,15,3,0.01%,0.06%,100.00%,100.00%,0,0,0.00%,0.00%,$0.00,$0.00,0,0
B0BRTHVZCH,B0CPC86532,"Monstera Plant Food for Monsteras and Philodendrons, Tropical Houseplant Liquid Fertilizer, 8 Oz Bottles Case Pack - 12 Count",62,2,0.04%,0.05%,63,2,0.03%,0.04%,100.00%,100.00%,0,0,0.00%,0.00%,$0.00,$0.00,0,0
B0BRTHP3XC,B0CPC8GCLK,"Fiddle Leaf Fig Plant Food for All Fig and Other Ficus Trees, Liquid Houseplant Fertilizer, 8 Oz Bottles Case Pack - 12 Count",20,1,0.01%,0.03%,22,2,0.01%,0.04%,94.74%,100.00%,0,0,0.00%,0.00%,$0.00,$0.00,0,0
B0CQ3K9434,B0CPFZRJ67,"Rhododendron Fertilizer for All Rhodies, Azalea and Ericaceae Plants, Liquid Plant Food, 32 oz (1 Quart)",4,0,0.00%,0.00%,7,0,0.00%,0.00%,100.00%,0.00%,0,0,0.00%,0.00%,$0.00,$0.00,0,0
B0CQ3JSYVR,B0CPFZTLNS,"Fern Fertilizer for All Ferns and Mosses, Liquid Plant Food 1 Gallon (128oz)",4,0,0.00%,0.00%,8,0,0.00%,0.00%,100.00%,0.00%,0,0,0.00%,0.00%,$0.00,$0.00,0,0
B0CQ3H6KRN,B0CPG83KXS,"TPS NUTRIENTS Philodendron Fertilizer for All Philodendron and Tropical Shade Plants, Liquid Plant Food 1 Gallon (128oz)",5,0,0.00%,0.00%,7,0,0.00%,0.00%,75.00%,0.00%,0,0,0.00%,0.00%,$0.00,$0.00,0,0
B0CQ3GSLLX,B0CPGFGKNQ,"Bamboo Plant Food, Complete Liquid Bamboo Fertilizer, 32 oz (1 Quart)",10,0,0.01%,0.00%,14,0,0.01%,0.00%,100.00%,0.00%,0,0,0.00%,0.00%,$0.00,$0.00,0,0
B0CQ3H6KRN,B0CQ3H6KRN,"Philodendron Fertilizer for All Philodendron and Tropical Shade Plants, Liquid Plant Food",2,0,0.00%,0.00%,3,0,0.00%,0.00%,0.00%,0.00%,0,0,0.00%,0.00%,$0.00,$0.00,0,0
B0CQ3H8PZS,B0CQ3H8PZS,"Jade Fertilizer for All Jade and Crassula Plants, Liquid Plant Food",6,1,0.00%,0.03%,7,1,0.00%,0.02%,0.00%,0.00%,0,0,0.00%,0.00%,$0.00,$0.00,0,0
B0CQ3HYL7R,B0CQ3HYL7R,"Peach Tree Fertilizer for All Peach, Nectarine and Stone Fruit Trees, Liquid Plant Food",4,0,0.00%,0.00%,4,0,0.00%,0.00%,0.00%,0.00%,0,0,0.00%,0.00%,$0.00,$0.00,0,0
B0CQ3J3RN7,B0CQ3J3RN7,"ZZ Plant Fertilizer for All Zamioculcas Plants, Liquid Plant Food",10,0,0.01%,0.00%,12,0,0.01%,0.00%,0.00%,0.00%,0,0,0.00%,0.00%,$0.00,$0.00,0,0
B0CQ3JLW8Q,B0CQ3JLW8Q,"Ficus Tree Fertilizer for All Ficus, Fig and Moraceae Plants, Liquid Plant Food",13,1,0.01%,0.03%,18,1,0.01%,0.02%,0.00%,0.00%,0,0,0.00%,0.00%,$0.00,$0.00,0,0
B0CQ3JPCG8,B0CQ3JPCG8,"Jasmine Fertilizer for All Flowering Jasmine Shrubs and Vines, Liquid Plant Food",2,0,0.00%,0.00%,3,0,0.00%,0.00%,0.00%,0.00%,0,0,0.00%,0.00%,$0.00,$0.00,0,0
B0CQ3JPZSQ,B0CQ3JPZSQ,"Lime Tree Fertilizer for All Lime and Citrus Trees, Liquid Plant Food",6,0,0.00%,0.00%,6,0,0.00%,0.00%,0.00%,0.00%,0,0,0.00%,0.00%,$0.00,$0.00,0,0
B0CQ3JRR5T,B0CQ3JRR5T,"Banana Tree Fertilizer for All Banana Tree Plants, Liquid Plant Food",14,0,0.01%,0.00%,15,0,0.01%,0.00%,0.00%,0.00%,0,0,0.00%,0.00%,$0.00,$0.00,0,0
B0CQ3JSK5N,B0CQ3JSK5N,"Pothos Fertilizer for All Pothos Plants and Vines, Liquid Plant Food",2,0,0.00%,0.00%,2,0,0.00%,0.00%,0.00%,0.00%,0,0,0.00%,0.00%,$0.00,$0.00,0,0
B0CQ3JSRVT,B0CQ3JSRVT,"Mango Tree Fertilizer for All Mangoes and Anacardiaceae Trees, Liquid Plant Food",10,1,0.01%,0.03%,12,1,0.01%,0.02%,0.00%,0.00%,0,0,0.00%,0.00%,$0.00,$0.00,0,0
B0CQ3JSYVR,B0CQ3JSYVR,"Fern Fertilizer for All Ferns and Mosses, Liquid Plant Food",10,2,0.01%,0.05%,10,2,0.00%,0.04%,0.00%,0.00%,0,0,0.00%,0.00%,$0.00,$0.00,0,0
B0CQ3JT551,B0CQ3JT551,"Arborvitae Tree Fertilizer for All Arborvitaes, Evergreen Shrubs and Thuja Trees, Liquid Plant Food",16,1,0.01%,0.03%,20,1,0.01%,0.02%,0.00%,0.00%,0,0,0.00%,0.00%,$0.00,$0.00,0,0
B0CQ3JTLM8,B0CQ3JTLM8,"Evergreen Tree Fertilizer for All Conifer Trees and Shrubs, Liquid Plant Food",7,0,0.00%,0.00%,7,0,0.00%,0.00%,0.00%,0.00%,0,0,0.00%,0.00%,$0.00,$0.00,0,0
B0CQ3KFH19,B0CQ3KFH19,"Olive Tree Fertilizer for All Olive and Oleaceae Trees, Liquid Plant Food",15,0,0.01%,0.00%,17,0,0.01%,0.00%,0.00%,0.00%,0,0,0.00%,0.00%,$0.00,$0.00,0,0
B0CQ3KG7WK,B0CQ3KG7WK,"Christmas Cactus Fertilizer for All Christmas Cacti and Schlumbergera Cacti, Liquid Plant Food",27,2,0.02%,0.05%,33,3,0.02%,0.06%,0.00%,0.00%,0,0,0.00%,0.00%,$0.00,$0.00,0,0
B0CQ3KHJKP,B0CQ3KHJKP,"Dracaena Fertilizer for All Dracaena Plants and Trees, Liquid Plant Food",2,0,0.00%,0.00%,2,0,0.00%,0.00%,0.00%,0.00%,0,0,0.00%,0.00%,$0.00,$0.00,0,0
B0CQ3KN61F,B0CQ3KN61F,"Aloe Vera Fertilizer for All Aloe and Succulent Plants, Liquid Plant Food",1,0,0.00%,0.00%,1,0,0.00%,0.00%,0.00%,0.00%,0,0,0.00%,0.00%,$0.00,$0.00,0,0
B0CQ3LKB81,B0CQ3LKB81,"Bird of Paradise Fertilizer for All Strelitzia Plants, Liquid Plant Food",11,0,0.01%,0.00%,14,0,0.01%,0.00%,0.00%,0.00%,0,0,0.00%,0.00%,$0.00,$0.00,0,0
B0CT6FTXWT,B0CT6FTXWT,Silica for Plants – Boost Strength & Resilience | Easy-to-Use Silica for Houseplants & Garden | Liquid Silica Plant,17,0,0.01%,0.00%,17,0,0.01%,0.00%,0.00%,0.00%,0,0,0.00%,0.00%,$0.00,$0.00,0,0
B0CTJ2768H,B0CTJ2768H,"Root Supplement for Orchids, Stimulate and Propagate Healthy Orchid Roots with Probiotics and Seaweed, Liquid Plant Fertilizer",1,0,0.00%,0.00%,2,0,0.00%,0.00%,0.00%,0.00%,0,0,0.00%,0.00%,$0.00,$0.00,0,0
B0CTJ9Q9M3,B0CTJ9Q9M3,"Root Supplement for Monstera Plants, Stimulate and Propagate Healthy Fig Tree Roots with Probiotics and Seaweed, Liquid Plant Fertilizer",2,0,0.00%,0.00%,2,0,0.00%,0.00%,0.00%,0.00%,0,0,0.00%,0.00%,$0.00,$0.00,0,0
B0CTJB6P18,B0CTJB6P18,"Root Supplement for Succulents, Stimulate and Propagate Healthy Succulent Roots with Probiotics and Seaweed, Liquid Plant Fertilizer",1,0,0.00%,0.00%,1,0,0.00%,0.00%,0.00%,0.00%,0,0,0.00%,0.00%,$0.00,$0.00,0,0
B0D2YDN1H9,B0D2YDN1H9,"Mycorrhizal Fungi for Plants, Mycos for Transplanting and for Established Plants, Contains Mycorrhizae and Soil Probiotics",1,0,0.00%,0.00%,1,0,0.00%,0.00%,0.00%,0.00%,0,0,0.00%,0.00%,$0.00,$0.00,0,0
B0D2ZH68VB,B0D2YX6M41,"TPS NUTRIENTS Soil Microbes for Nutrient Uptake and Successful Transplanting and Established Plants, Soil Probiotics Including Mycorrhizae, Bacteria and Trichoderma (6 Ounces)",6,0,0.00%,0.00%,7,0,0.00%,0.00%,100.00%,0.00%,0,0,0.00%,0.00%,$0.00,$0.00,0,0
B0D2ZFB8N2,B0D2ZFB8N2,"Trichoderma for Plants, Great for Transplanting and Established Plants, Also Includes Soil Probiotics Mycorrhizae and Bacteria",2,0,0.00%,0.00%,2,0,0.00%,0.00%,0.00%,0.00%,0,0,0.00%,0.00%,$0.00,$0.00,0,0
B0D2ZFBZ8T,B0D2ZFBZ8T,"Mycorrhizal Fungi for Garden Plants, Mycos for Transplanting and for Established Edible Plants, Contains Mycorrhizae and Soil Probiotics",1,0,0.00%,0.00%,1,0,0.00%,0.00%,0.00%,0.00%,0,0,0.00%,0.00%,$0.00,$0.00,0,0
B0D2ZFT5QW,B0D2ZFT5QW,"Root Booster for Plants, Soil Probiotics Including Bacteria, Mycos, and Trichoderma for Transplanting and Established Plants",1,0,0.00%,0.00%,1,0,0.00%,0.00%,0.00%,0.00%,0,0,0.00%,0.00%,$0.00,$0.00,0,0
B0D2ZFTJ2F,B0D2ZFTJ2F,"Mycorrhizal Fungi for Palm Trees, Mycos for Transplanting and for Established Palm Tree, Contains Mycorrhizae and Soil Probiotics",1,0,0.00%,0.00%,3,0,0.00%,0.00%,0.00%,0.00%,0,0,0.00%,0.00%,$0.00,$0.00,0,0
B0D2ZGQBZ4,B0D2ZGQBZ4,"Mycorrhizal Fungi for Fruit Trees, Mycos for Transplanting and for Established Trees, Contains Mycorrhizae and Soil Probiotics",1,0,0.00%,0.00%,1,0,0.00%,0.00%,0.00%,0.00%,0,0,0.00%,0.00%,$0.00,$0.00,0,0
B0D4G91VQL,B0D4G91VQL,"Organic Lemon Tree Fertilizer, Slow Release Dry Granular Fertilizer for Lemon and Citrus Trees",1,0,0.00%,0.00%,1,0,0.00%,0.00%,0.00%,0.00%,0,0,0.00%,0.00%,$0.00,$0.00,0,0
B0D4GBJ3G3,B0D4GG5F6V,"Organic Houseplant Food, Slow Release Dry Granular Fertilizer for House Plants - 1 Pound (16 Oz)",3,0,0.00%,0.00%,5,0,0.00%,0.00%,75.00%,0.00%,0,0,0.00%,0.00%,$0.00,$0.00,0,0
B0D4GFHH8L,B0D4GHT582,"Bonsai Fertilizer, Organic Slow Release Dry Granular Plant Food for Bonsai Trees 1 lb (1 Pound)",11,0,0.01%,0.00%,17,0,0.01%,0.00%,100.00%,0.00%,0,0,0.00%,0.00%,$0.00,$0.00,0,0
B0D4GL3W26,B0D4GL3W26,"Organic Fiddle Leaf Fig Plant Food, Slow Release Dry Granular Fertilizer for Fig Plants and Ficus Trees",1,0,0.00%,0.00%,1,0,0.00%,0.00%,0.00%,0.00%,0,0,0.00%,0.00%,$0.00,$0.00,0,0
B0D4GL1FCZ,B0D4GMLLLS,"TPS NUTRIENTS Organic Indoor Plant Food, Slow Release Dry Granular Fertilizer for Indoor Houseplants - 1 Pound (16 Oz)",10,0,0.01%,0.00%,10,0,0.00%,0.00%,100.00%,0.00%,0,0,0.00%,0.00%,$0.00,$0.00,0,0
B0D4GPQ55S,B0D4GPQ55S,"Seaweed Extract for Plants Ultra Pure, Water Soluble Dry Flake Kelp Plant Fertilizer",2,0,0.00%,0.00%,3,0,0.00%,0.00%,0.00%,0.00%,0,0,0.00%,0.00%,$0.00,$0.00,0,0
B0D4GBJ3G3,B0D4GSLSS9,"Organic Houseplant Food, Slow Release Dry Granular Fertilizer for House Plants (6 Ounces)",9,0,0.01%,0.00%,11,0,0.01%,0.00%,100.00%,0.00%,0,0,0.00%,0.00%,$0.00,$0.00,0,0
B0D4JSZJQC,B0D4JG7BXT,"Ultra Strength pH Down, Professional Acid pH Adjuster for Soil and Hydroponics, Buffering and Stability Control128 oz (1 Gallon)",16,1,0.01%,0.03%,27,1,0.01%,0.02%,91.30%,100.00%,0,0,0.00%,0.00%,$0.00,$0.00,0,0
B0D4JSZJQC,B0D4JG8J4T,"TPS NUTRIENTS Ultra Strength pH Down, Professional Acid pH Adjuster for Soil and Hydroponics, Buffering and Stability Control 8 oz (250mL)",20,0,0.01%,0.00%,24,0,0.01%,0.00%,86.36%,0.00%,0,0,0.00%,0.00%,$0.00,$0.00,0,0
B0D4JW632D,B0D4JGJ44B,"TPS NUTRIENTS Ultra Strength pH Up, Professional Base pH Adjuster for Soil and Hydroponics, Buffering and Stability Control 8 oz (250mL)",24,0,0.02%,0.00%,27,0,0.01%,0.00%,100.00%,0.00%,0,0,0.00%,0.00%,$0.00,$0.00,0,0
B0D4JSZJQC,B0D4JGN4J2,"TPS NUTRIENTS Ultra Strength pH Down, Professional Acid pH Adjuster for Soil and Hydroponics, Buffering and Stability Control, 32 oz (1 Quart)",18,0,0.01%,0.00%,21,0,0.01%,0.00%,83.33%,0.00%,0,0,0.00%,0.00%,$0.00,$0.00,0,0
B0D4JT76SS,B0D4JGQMQD,"Liquid 10-10-10 Fertilizer for Vegetables, Triple Ten NPK Plus Iron and Micros, Liquid Plant Food 128 oz (1 Gallon)",10,0,0.01%,0.00%,11,0,0.01%,0.00%,0.00%,0.00%,0,0,0.00%,0.00%,$0.00,$0.00,0,0
B0D4JTQX3H,B0D4JHHJBX,"Flower Fertilizer, Flowering Plant PK Bloom Booster, Liquid Plant Food 128 oz (1 Gallon)",1,0,0.00%,0.00%,1,0,0.00%,0.00%,100.00%,0.00%,0,0,0.00%,0.00%,$0.00,$0.00,0,0
B0D4JV15FG,B0D4JHL2VT,"Worm Casting Tea Concentrate, Liquid Earthworm Tea for Plants, Bokashi and Compost Booster 128 oz (1 Gallon)",5,0,0.00%,0.00%,6,0,0.00%,0.00%,100.00%,0.00%,0,0,0.00%,0.00%,$0.00,$0.00,0,0
B0D4JSVRK7,B0D4JHMGB3,"Nitrogen for Plants, Tri-Source N Nitrogen for Lush Green Growth, Liquid Plant Fertilizer 128 oz (1 Gallon)",10,2,0.01%,0.05%,17,3,0.01%,0.06%,100.00%,0.00%,0,0,0.00%,0.00%,$0.00,$0.00,0,0
B0D4JT76SK,B0D4JHT77N,"Magnesium Fertilizer for Plants, Bioavailable Mg for Growth and Flowering, Liquid Plant Food 128 oz (1 Gallon)",12,0,0.01%,0.00%,15,0,0.01%,0.00%,100.00%,0.00%,0,0,0.00%,0.00%,$0.00,$0.00,0,0
B0D4JTBYSP,B0D4JJ2JVD,"TPS NUTRIENTS Starter Plant Fertilizer, Gentle Complete Formula Plus Micronutrients for Starts and Transplants, Liquid Plant Food, 32 oz (1 Quart)",6,0,0.00%,0.00%,7,0,0.00%,0.00%,100.00%,0.00%,0,0,0.00%,0.00%,$0.00,$0.00,0,0
B0D4K23LWF,B0D4JKM8S8,"Houseplant Fertilizer for Indoor Plants, Premium Liquid Plant Food for Gardening, Concentrated Liquid Plant Food, 32 oz (1 Quart)",4,0,0.00%,0.00%,4,0,0.00%,0.00%,0.00%,0.00%,0,0,0.00%,0.00%,$0.00,$0.00,0,0
B0D4K23LWF,B0D4JLQC1T,"Houseplant Fertilizer for Indoor Plants, Premium Liquid Plant Food for Gardening, Concentrated Liquid Plant Food 128 oz (1 Gallon)",5,0,0.00%,0.00%,5,0,0.00%,0.00%,100.00%,0.00%,0,0,0.00%,0.00%,$0.00,$0.00,0,0
B0D4JSLMDM,B0D4JSLMDM,"Bloom Fertilizer, Concentrated PK Boost, No Nitrogen Bud and Fruit Booster, Liquid Plant Food",3,0,0.00%,0.00%,3,0,0.00%,0.00%,0.00%,0.00%,0,0,0.00%,0.00%,$0.00,$0.00,0,0
B0D4JSVRK7,B0D4JSVRK7,"Nitrogen for Plants, Tri-Source N Nitrogen for Lush Green Growth, Liquid Plant Fertilizer",3,0,0.00%,0.00%,3,0,0.00%,0.00%,0.00%,0.00%,0,0,0.00%,0.00%,$0.00,$0.00,0,0
B0D4JSZ6TK,B0D4JSZ6TK,"Liquid 10-10-10 Fertilizer for Plants, Triple Ten NPK Plus Iron and Micros, Liquid Plant Food",1,0,0.00%,0.00%,1,0,0.00%,0.00%,0.00%,0.00%,0,0,0.00%,0.00%,$0.00,$0.00,0,0
B0D4JSZJQC,B0D4JSZJQC,"Ultra Strength pH Down, Professional Acid pH Adjuster for Soil and Hydroponics, Buffering and Stability Control",1,0,0.00%,0.00%,1,0,0.00%,0.00%,0.00%,0.00%,0,0,0.00%,0.00%,$0.00,$0.00,0,0
B0D4JT6349,B0D4JT6349,"Potassium Fertilizer for Plants, Boosts Growth, Budding and Flowering, Liquid Plant Food",1,0,0.00%,0.00%,1,0,0.00%,0.00%,0.00%,0.00%,0,0,0.00%,0.00%,$0.00,$0.00,0,0
B0D4JT76SS,B0D4JT76SS,"Liquid 10-10-10 Fertilizer for Vegetables, Triple Ten NPK Plus Iron and Micros, Liquid Plant Food",2,1,0.00%,0.03%,2,1,0.00%,0.02%,0.00%,0.00%,0,0,0.00%,0.00%,$0.00,$0.00,0,0
B0D4JT7C95,B0D4JT7C95,"Liquid 10-10-10 Fertilizer for Trees and Shrubs, Triple Ten NPK Plus Iron and Micros, Liquid Plant Food",3,0,0.00%,0.00%,3,0,0.00%,0.00%,0.00%,0.00%,0,0,0.00%,0.00%,$0.00,$0.00,0,0
B0D4JT7N8J,B0D4JT7N8J,"Phosphorus Fertilizer for Plants, Boosts Rooting, Growth, Blooming and Flowering, Liquid Plant Food",6,0,0.00%,0.00%,6,0,0.00%,0.00%,0.00%,0.00%,0,0,0.00%,0.00%,$0.00,$0.00,0,0
B0D4JT8TV6,B0D4JT8TV6,"Sulfur Fertilizer for Plants, Micronutrient Sulfur for Boosted Growth and Flowering, Liquid Plant Food",3,0,0.00%,0.00%,3,0,0.00%,0.00%,0.00%,0.00%,0,0,0.00%,0.00%,$0.00,$0.00,0,0
B0D4JTQX3H,B0D4JTQX3H,"Flower Fertilizer, Flowering Plant PK Bloom Booster, Liquid Plant Food",1,0,0.00%,0.00%,2,0,0.00%,0.00%,0.00%,0.00%,0,0,0.00%,0.00%,$0.00,$0.00,0,0
B0D4JV8CP2,B0D4JV8CP2,"Urea Fertilizer for Plants, 15-0-0 Balanced Nitrogen for Vibrant Green Growth, Liquid Plant Food",1,0,0.00%,0.00%,1,0,0.00%,0.00%,0.00%,0.00%,0,0,0.00%,0.00%,$0.00,$0.00,0,0
B0D4JVG5HJ,B0D4JVG5HJ,"Compost Starter and Accelerator, Fast Acting Organic Concentrated Liquid Probiotics for Home Compost Pile",3,0,0.00%,0.00%,3,0,0.00%,0.00%,0.00%,0.00%,0,0,0.00%,0.00%,$0.00,$0.00,0,0
B0D4JVGQ2M,B0D4JVGQ2M,"Liquid 10-10-10 Fertilizer for Lawn and Garden, Triple Ten NPK Plus Iron and Micros, Liquid Plant Food",1,0,0.00%,0.00%,1,0,0.00%,0.00%,0.00%,0.00%,0,0,0.00%,0.00%,$0.00,$0.00,0,0
B0D4JVNJ9K,B0D4JVNJ9K,"Seaweed Fertilizer for Plants, Premium Organic Liquid Kelp for Gardening, Concentrated Liquid Plant Food",2,0,0.00%,0.00%,2,0,0.00%,0.00%,0.00%,0.00%,0,0,0.00%,0.00%,$0.00,$0.00,0,0
B0D4JW632D,B0D4JW632D,"Ultra Strength pH Up, Professional Base pH Adjuster for Soil and Hydroponics, Buffering and Stability Control",1,0,0.00%,0.00%,1,0,0.00%,0.00%,0.00%,0.00%,0,0,0.00%,0.00%,$0.00,$0.00,0,0
B0D4K23LWF,B0D4K23LWF,"Houseplant Fertilizer for Indoor Plants, Premium Liquid Plant Food for Gardening, Concentrated Liquid Plant Food",1,0,0.00%,0.00%,1,0,0.00%,0.00%,0.00%,0.00%,0,0,0.00%,0.00%,$0.00,$0.00,0,0
B0BZ9KFVGZ,B0D9KQB32Q,"Bloom City's Organic Soil Acidifier - The Best Soil Acidifier Blueberry and Hydrangea Acidic Fertilizer for Optimal Plant Health, Quart (32 oz) (1/2 Pint (8 Ounce))",5,0,0.00%,0.00%,6,0,0.00%,0.00%,100.00%,0.00%,0,0,0.00%,0.00%,$0.00,$0.00,0,0
B0DPGW682S,B0DPGW682S,"Lucky Bamboo Fertilizer, Complete Liquid Lucky Bamboo Plant Food",2,0,0.00%,0.00%,7,0,0.00%,0.00%,0.00%,0.00%,0,0,0.00%,0.00%,$0.00,$0.00,0,0
B0DPH37613,B0DPH37613,"All Purpose NPK Fertilizer, Complete NPK Liquid Plant Food for All Plants",13,1,0.01%,0.03%,13,1,0.01%,0.02%,0.00%,0.00%,0,0,0.00%,0.00%,$0.00,$0.00,0,0
B0DPH5BSZ3,B0DPH5BSZ3,"Alocasia Fertilizer, Complete Liquid Alocasia Plant Food",5,0,0.00%,0.00%,8,0,0.00%,0.00%,0.00%,0.00%,0,0,0.00%,0.00%,$0.00,$0.00,0,0
B0DPKH8Z2F,B0DPKH8Z2F,"Aspen Tree Fertilizer, Complete Liquid Aspen Tree Plant Food",2,0,0.00%,0.00%,2,0,0.00%,0.00%,0.00%,0.00%,0,0,0.00%,0.00%,$0.00,$0.00,0,0
B0DPKV542K,B0DPKV542K,"Bougainvillea Fertilizer, Complete Liquid Bougainvillea Plant Food",3,0,0.00%,0.00%,4,0,0.00%,0.00%,0.00%,0.00%,0,0,0.00%,0.00%,$0.00,$0.00,0,0
B0DPKWMFDH,B0DPKWMFDH,"Boxwood Fertilizer, Complete Liquid Boxwood Shrub Plant Food",1,0,0.00%,0.00%,1,0,0.00%,0.00%,0.00%,0.00%,0,0,0.00%,0.00%,$0.00,$0.00,0,0
B0DPKZKLHZ,B0DPKZKLHZ,"Daffodil Fertilizer, Complete Liquid Daffodil Bulb Plant Food",5,0,0.00%,0.00%,5,0,0.00%,0.00%,0.00%,0.00%,0,0,0.00%,0.00%,$0.00,$0.00,0,0
B0DPL3HCRK,B0DPL3HCRK,"Tulip Bulb Fertilizer, Complete Liquid Tulip Bulb Plant Food",1,0,0.00%,0.00%,1,0,0.00%,0.00%,0.00%,0.00%,0,0,0.00%,0.00%,$0.00,$0.00,0,0
B0DPM71SS2,B0DPM71SS2,"Camellia Fertilizer, Complete Liquid Camellia Plant Food",1,0,0.00%,0.00%,3,0,0.00%,0.00%,0.00%,0.00%,0,0,0.00%,0.00%,$0.00,$0.00,0,0
B0DPM8ZKYK,B0DPM8ZKYK,"Curry Leaf Fertilizer, Complete Liquid Curry Leaf Plant Food",3,0,0.00%,0.00%,4,0,0.00%,0.00%,0.00%,0.00%,0,0,0.00%,0.00%,$0.00,$0.00,0,0
B0DPM9DVCT,B0DPM9DVCT,"Crepe Myrtle Fertilizer, Complete Liquid Crepe Myrtle Tree Plant Food",1,0,0.00%,0.00%,1,0,0.00%,0.00%,0.00%,0.00%,0,0,0.00%,0.00%,$0.00,$0.00,0,0
B0DPM9QJ41,B0DPM9QJ41,"Dogwood Tree Fertilizer, Complete Liquid Dogwood Plant Food",3,1,0.00%,0.03%,3,1,0.00%,0.02%,0.00%,0.00%,0,0,0.00%,0.00%,$0.00,$0.00,0,0
B0DPMBH44S,B0DPMBH44S,"Desert Rose Fertilizer, Complete Liquid Desert Rose Plant Food",1,0,0.00%,0.00%,1,0,0.00%,0.00%,0.00%,0.00%,0,0,0.00%,0.00%,$0.00,$0.00,0,0
B0DPMDLB2S,B0DPMDLB2S,"Elephant Ear Fertilizer, Complete Liquid Elephant Ear Plant Food",1,0,0.00%,0.00%,1,0,0.00%,0.00%,0.00%,0.00%,0,0,0.00%,0.00%,$0.00,$0.00,0,0
B0DPMFMKWL,B0DPMHGJGG,"Fall Fertilizer, Complete Liquid Seasonal Plant Food, 1 Gallon (128 oz)",6,1,0.00%,0.03%,8,1,0.00%,0.02%,100.00%,100.00%,0,0,0.00%,0.00%,$0.00,$0.00,0,0
B0DQ2L2DFC,B0DQ2HFLQ3,"Winter Fertilizer, Complete Liquid Winter Seasonal Plant Food, 1 Gallon (128 oz)",26,2,0.02%,0.05%,30,2,0.01%,0.04%,100.00%,100.00%,0,0,0.00%,0.00%,$0.00,$0.00,0,0
B0DQ2L2DFC,B0DQ2L2DFC,"Winter Fertilizer, Complete Liquid Winter Seasonal Plant Food",2,0,0.00%,0.00%,2,0,0.00%,0.00%,0.00%,0.00%,0,0,0.00%,0.00%,$0.00,$0.00,0,0
B0DQ2NQDXM,B0DQ2ND936,"Water Soluble Fertilizer, Complete Liquid Water Soluble Plant Food, 32 oz (1 Quart)",1,0,0.00%,0.00%,1,0,0.00%,0.00%,100.00%,0.00%,0,0,0.00%,0.00%,$0.00,$0.00,0,0
B0DQ2NQDXM,B0DQ2QTM4Y,"Water Soluble Fertilizer, Complete Liquid Water Soluble Plant Food, 8 oz (250mL)",24,3,0.02%,0.08%,35,3,0.02%,0.06%,100.00%,100.00%,0,0,0.00%,0.00%,$0.00,$0.00,0,0
B0DQ2R49Y7,B0DQ2S2WKT,"Vegetable Fertilizer, Complete Liquid Vegetable Plant Food, 8 oz (250mL)",7,0,0.00%,0.00%,9,0,0.00%,0.00%,100.00%,0.00%,0,0,0.00%,0.00%,$0.00,$0.00,0,0
B0DQ2R49Y7,B0DQ2T2LKZ,"Vegetable Fertilizer, Complete Liquid Vegetable Plant Food, 32 oz (1 Quart)",2,0,0.00%,0.00%,2,0,0.00%,0.00%,100.00%,0.00%,0,0,0.00%,0.00%,$0.00,$0.00,0,0
B0DQ7V4DC6,B0DQ7V4DC6,"Tree and Shrub Fertilizer, Complete Liquid Tree and Shrub Plant Food",1,0,0.00%,0.00%,1,0,0.00%,0.00%,0.00%,0.00%,0,0,0.00%,0.00%,$0.00,$0.00,0,0
B0DQ7XMBM5,B0DQ7XMBM5,"Sago Palm Fertilizer, Complete Liquid Sago Palm Plant Food",10,2,0.01%,0.05%,11,2,0.01%,0.04%,0.00%,0.00%,0,0,0.00%,0.00%,$0.00,$0.00,0,0
B0DQ7V4DC6,B0DQ7YDTDJ,"Tree and Shrub Fertilizer, Complete Liquid Tree and Shrub Plant Food, 32 oz (1 Quart)",1,0,0.00%,0.00%,1,0,0.00%,0.00%,100.00%,0.00%,0,0,0.00%,0.00%,$0.00,$0.00,0,0
B0DQ846XR1,B0DQ838ZMY,"Plant Food Outdoor, Complete Liquid Outdoor Plant Fertilizer, 32 oz (1 Quart)",1,0,0.00%,0.00%,1,0,0.00%,0.00%,100.00%,0.00%,0,0,0.00%,0.00%,$0.00,$0.00,0,0
B0DQ85JPJT,B0DQ843FD7,"Pumpkin Fertilizer, Complete Liquid Pumpkin Squash and GORD Plant Food, 32 oz (1 Quart)",9,0,0.01%,0.00%,9,0,0.00%,0.00%,100.00%,0.00%,0,0,0.00%,0.00%,$0.00,$0.00,0,0
B0DQ85GHQR,B0DQ85GHQR,"Rose Bush Fertilizer, Complete Liquid Rose Bush Plant Food",1,0,0.00%,0.00%,1,0,0.00%,0.00%,0.00%,0.00%,0,0,0.00%,0.00%,$0.00,$0.00,0,0
B0DQ89GFMV,B0DQ86FNSP,"Plant Food for All Plants, Supports Healthy Plant Growth, 1 Gallon (128 oz)",1,0,0.00%,0.00%,1,0,0.00%,0.00%,100.00%,0.00%,0,0,0.00%,0.00%,$0.00,$0.00,0,0
B0DQ846XR1,B0DQ88QLW5,"Plant Food Outdoor, Complete Liquid Outdoor Plant Fertilizer, 8 oz (250mL)",4,0,0.00%,0.00%,5,0,0.00%,0.00%,100.00%,0.00%,0,0,0.00%,0.00%,$0.00,$0.00,0,0
B0DQ846XR1,B0DQ88VVYQ,"Plant Food Outdoor, Complete Liquid Outdoor Plant Fertilizer, 1 Gallon (128 oz)",4,0,0.00%,0.00%,4,0,0.00%,0.00%,100.00%,0.00%,0,0,0.00%,0.00%,$0.00,$0.00,0,0
B0DQ89GFMV,B0DQ8B9MDS,"Plant Food for All Plants, Supports Healthy Plant Growth, 8 oz (250mL)",9,0,0.01%,0.00%,12,0,0.01%,0.00%,100.00%,0.00%,0,0,0.00%,0.00%,$0.00,$0.00,0,0
B0DQQG8RKX,B0DQQG8RKX,"Lilac Fertilizer, Complete Liquid Lilac Bush Plant Food",1,0,0.00%,0.00%,1,0,0.00%,0.00%,0.00%,0.00%,0,0,0.00%,0.00%,$0.00,$0.00,0,0
B0DQQSQHQS,B0DQQNPJFJ,"Garden Fertilizer, Complete Liquid Garden Plant Food for Edible Plants, 8 oz (250mL)",21,0,0.01%,0.00%,27,0,0.01%,0.00%,100.00%,0.00%,0,0,0.00%,0.00%,$0.00,$0.00,0,0
B0DQQNPYCB,B0DQQNPYCB,"Hydroponic Nutrients for Edible Plants, One Part Complete Liquid Plant Food for Hydroponic Systems",3,0,0.00%,0.00%,3,0,0.00%,0.00%,0.00%,0.00%,0,0,0.00%,0.00%,$0.00,$0.00,0,0
B0DQQXPFPV,B0DQQPHNTC,"Fertilizante para Plantas, Complete Liquid Plant Food, 32 oz (1 Quart)",1,0,0.00%,0.00%,1,0,0.00%,0.00%,100.00%,0.00%,0,0,0.00%,0.00%,$0.00,$0.00,0,0
B0DQQP7B7Y,B0DQQXMCZW,"Fertilizante para Bonsái, Complete Liquid Bonsai Plant Food, 32 oz (1 Quart)",2,0,0.00%,0.00%,2,0,0.00%,0.00%,100.00%,0.00%,0,0,0.00%,0.00%,$0.00,$0.00,0,0
B0DQQX8QY7,B0DQQYMC1S,"Flowering Plant Food, Complete Liquid Fertilizer for Flowering Plants, 32 oz (1 Quart)",1,0,0.00%,0.00%,1,0,0.00%,0.00%,0.00%,0.00%,0,0,0.00%,0.00%,$0.00,$0.00,0,0
B0DQQZW6DZ,B0DQQZW6DZ,"Potato Fertilizer, Complete Liquid Potato Plant Food",1,0,0.00%,0.00%,2,0,0.00%,0.00%,0.00%,0.00%,0,0,0.00%,0.00%,$0.00,$0.00,0,0
B0DQR1BND1,B0DQR1BND1,"Hoya Fertilizer, Complete Liquid Hoya Plant Food",10,0,0.01%,0.00%,11,0,0.01%,0.00%,0.00%,0.00%,0,0,0.00%,0.00%,$0.00,$0.00,0,0
B0DQQSQHQS,B0DQR395XZ,"Garden Fertilizer, Complete Liquid Garden Plant Food for Edible Plants, 1 Gallon (128 oz)",17,2,0.01%,0.05%,30,3,0.01%,0.06%,100.00%,100.00%,0,0,0.00%,0.00%,$0.00,$0.00,0,0
B0DQQP7F8Y,B0DQR3BYWC,"Hanging Basket Plant Food, Complete Liquid Hanging Basket Fertilizer for More Flower Blooms, 8 oz (250mL)",4,0,0.00%,0.00%,4,0,0.00%,0.00%,100.00%,0.00%,0,0,0.00%,0.00%,$0.00,$0.00,0,0
B0DQR2F6ZK,B0DQR5F1L3,"Fertilizante para Jardín, Complete Liquid Garden Plant Food, 8 oz (250mL)",1,0,0.00%,0.00%,1,0,0.00%,0.00%,100.00%,0.00%,0,0,0.00%,0.00%,$0.00,$0.00,0,0
B0DQR8LXYD,B0DQR759WS,"Fertilizante para Plantas de Interior, Complete Liquid Indoor Plant Food, 32 oz (1 Quart)",4,0,0.00%,0.00%,5,0,0.00%,0.00%,80.00%,0.00%,0,0,0.00%,0.00%,$0.00,$0.00,0,0
B0DQR85CXH,B0DQR85CXH,"Fish Emulsion Fertilizer, Complete Fish Emulsion Plant Food",3,0,0.00%,0.00%,3,0,0.00%,0.00%,0.00%,0.00%,0,0,0.00%,0.00%,$0.00,$0.00,0,0
B0DQR6ZFLH,B0DQR8L7PN,"Fertilizante para Orquídeas, Complete Liquid Orchid Plant Food, 32 oz (1 Quart)",2,1,0.00%,0.03%,2,1,0.00%,0.02%,100.00%,0.00%,0,0,0.00%,0.00%,$0.00,$0.00,0,0
B0DQR6GQNP,B0DQR9CML5,"Fertilizante para Árboles Frutales, Complete Liquid Fruit Tree Plant Food, 1 Gallon (128 oz)",25,2,0.02%,0.05%,42,3,0.02%,0.06%,100.00%,100.00%,0,0,0.00%,0.00%,$0.00,$0.00,0,0
B0DQRKQDW5,B0DQR9VPJL,"Fertilizante para Rosas, Complete Liquid Rose Plant Food, 8 oz (250mL)",8,0,0.01%,0.00%,11,0,0.01%,0.00%,100.00%,0.00%,0,0,0.00%,0.00%,$0.00,$0.00,0,0
B0DQRKQDW5,B0DQRC9PNQ,"Fertilizante para Rosas, Complete Liquid Rose Plant Food, 32 oz (1 Quart)",1,0,0.00%,0.00%,1,0,0.00%,0.00%,100.00%,0.00%,0,0,0.00%,0.00%,$0.00,$0.00,0,0
B0DQQXPFPV,B0DQRCJW22,"Fertilizante para Plantas, Complete Liquid Plant Food, 8 oz (250mL)",34,0,0.02%,0.00%,46,0,0.02%,0.00%,100.00%,0.00%,0,0,0.00%,0.00%,$0.00,$0.00,0,0
B0DQRCZ129,B0DQRCZ129,"Garlic Fertilizer, Complete Liquid Garlic and All Allium Varieties Plant Food",12,0,0.01%,0.00%,14,0,0.01%,0.00%,0.00%,0.00%,0,0,0.00%,0.00%,$0.00,$0.00,0,0
B0DQSVYHWF,B0DQS6791S,"Instant Plant Food for All Plants, Complete Liquid Instant Plant Fertilizer, 8 oz (250mL)",10,1,0.01%,0.03%,15,1,0.01%,0.02%,100.00%,0.00%,0,0,0.00%,0.00%,$0.00,$0.00,0,0
B0DQSG8GXJ,B0DQSG8GXJ,"Ivy Plant Food, Complete Liquid Ivy and Vine Plant Ferilizer",5,0,0.00%,0.00%,6,0,0.00%,0.00%,0.00%,0.00%,0,0,0.00%,0.00%,$0.00,$0.00,0,0
B0DQSHCH55,B0DQSHCH55,"Hydroponic Plant Food, Complete One Part Liquid Hydroponic Fertilizer",1,0,0.00%,0.00%,1,0,0.00%,0.00%,0.00%,0.00%,0,0,0.00%,0.00%,$0.00,$0.00,0,0
B0DQSHCZH5,B0DQSHCZH5,"Magnolia Tree Fertilizer, Complete Liquid Magnolia Tree Plant Food",10,0,0.01%,0.00%,10,0,0.00%,0.00%,0.00%,0.00%,0,0,0.00%,0.00%,$0.00,$0.00,0,0
B0DQSMLW21,B0DQSMLW21,"Peace Lily Fertilizer, Complete Liquid Peace Lily Plant Food",18,0,0.01%,0.00%,21,0,0.01%,0.00%,0.00%,0.00%,0,0,0.00%,0.00%,$0.00,$0.00,0,0
B0DQSNTT36,B0DQSNTT36,"Mum Fertilizer, Complete Liquid Mum Plant Food for All Chrysanthemums",5,0,0.00%,0.00%,5,0,0.00%,0.00%,0.00%,0.00%,0,0,0.00%,0.00%,$0.00,$0.00,0,0
B0DQSPXPLZ,B0DQSPXPLZ,"Ixora Fertilizer, Complete Liquid Ixora Plant Food for All Rubiaceae",2,0,0.00%,0.00%,2,0,0.00%,0.00%,0.00%,0.00%,0,0,0.00%,0.00%,$0.00,$0.00,0,0
B0DQSQJ3JM,B0DQSQJ3JM,"Japanese Maple Fertilizer, Complete Liquid Plant Food for All Japanese Maple Tree Varietals",3,0,0.00%,0.00%,4,0,0.00%,0.00%,0.00%,0.00%,0,0,0.00%,0.00%,$0.00,$0.00,0,0
B0DQSRXHPW,B0DQSRXHPW,"Oak Tree Fertilizer, Complete Liquid Oak Tree Plant Food",7,0,0.00%,0.00%,7,0,0.00%,0.00%,0.00%,0.00%,0,0,0.00%,0.00%,$0.00,$0.00,0,0
B0DQSTM2NS,B0DQSTM2NS,"Maple Tree Fertilizer, Complete Liquid Maple Tree Plant Food",1,0,0.00%,0.00%,1,0,0.00%,0.00%,0.00%,0.00%,0,0,0.00%,0.00%,$0.00,$0.00,0,0
B0DQTH68Y8,B0DQTH68Y8,"Petunia Fertilizer, Complete Liquid Petunia Plant Food",2,0,0.00%,0.00%,2,0,0.00%,0.00%,0.00%,0.00%,0,0,0.00%,0.00%,$0.00,$0.00,0,0
B0DQTHSZ7D,B0DQTHSZ7D,"Sulfate of Potash, High-Potassium Plant Fertilizer",4,0,0.00%,0.00%,6,0,0.00%,0.00%,0.00%,0.00%,0,0,0.00%,0.00%,$0.00,$0.00,0,0
B0DQTHTZP6,B0DQTHTZP6,"Ferrous Sulfate for Plants, Complete Iron and Sulfur Supplement for Healthy Growth",11,0,0.01%,0.00%,16,0,0.01%,0.00%,0.00%,0.00%,0,0,0.00%,0.00%,$0.00,$0.00,0,0
B0DQTK33Q6,B0DQTK33Q6,"Aquarium Plant Fertilizer, Complete Liquid Aquarium Plant Food",1,0,0.00%,0.00%,1,0,0.00%,0.00%,0.00%,0.00%,0,0,0.00%,0.00%,$0.00,$0.00,0,0
B0DQV4QF1Q,B0DQTKJP5B,"Carnivorous Plant Fertilizer, Complete Liquid Plant Food for All Carnivorous Plants, 32 oz (1 Quart)",9,0,0.01%,0.00%,10,0,0.00%,0.00%,100.00%,0.00%,0,0,0.00%,0.00%,$0.00,$0.00,0,0
B0DQTHSZ7D,B0DQTL7WBK,"Sulfate of Potash, High-Potassium Plant Fertilizer, 32 oz (1 Quart)",23,1,0.02%,0.03%,24,1,0.01%,0.02%,100.00%,100.00%,0,0,0.00%,0.00%,$0.00,$0.00,0,0
B0DQTV7JYX,B0DQTLB978,"Calcium Nitrate Fertilizer, Promotes Healthy Growth for All Plants and Prevents Blossom End Rot, 1 Gallon (128 oz)",23,4,0.02%,0.11%,27,6,0.01%,0.11%,100.00%,100.00%,0,0,0.00%,0.00%,$0.00,$0.00,0,0
B0DQTNNSWJ,B0DQTNNSWJ,"Pine Tree Fertilizer, Complete Liquid Pine Tree Plant Food",9,0,0.01%,0.00%,9,0,0.00%,0.00%,0.00%,0.00%,0,0,0.00%,0.00%,$0.00,$0.00,0,0
B0DQTQY9VH,B0DQTQY9VH,"Potash Fertilizer, Complete Liquid Potassium Potash Plant Food",4,0,0.00%,0.00%,4,0,0.00%,0.00%,0.00%,0.00%,0,0,0.00%,0.00%,$0.00,$0.00,0,0
B0DQTSQWFJ,B0DQTRFK3B,"Muriate of Potash, Essential Potassium Supplement for Plants, 32 oz (1 Quart)",5,0,0.00%,0.00%,5,0,0.00%,0.00%,100.00%,0.00%,0,0,0.00%,0.00%,$0.00,$0.00,0,0
B0DQTK33Q6,B0DQTRJQJS,"Aquarium Plant Fertilizer, Complete Liquid Aquarium Plant Food, 32 oz (1 Quart)",10,0,0.01%,0.00%,12,0,0.01%,0.00%,100.00%,0.00%,0,0,0.00%,0.00%,$0.00,$0.00,0,0
B0DQTSQVGV,B0DQTSQVGV,"Phosphorus and Potassium Fertilizer, Complete Liquid Phosphorus and Potassium for Plants",28,0,0.02%,0.00%,37,0,0.02%,0.00%,0.00%,0.00%,0,0,0.00%,0.00%,$0.00,$0.00,0,0
B0DQTSQWFJ,B0DQTSQWFJ,"Muriate of Potash, Essential Potassium Supplement for Plants",1,0,0.00%,0.00%,1,0,0.00%,0.00%,0.00%,0.00%,0,0,0.00%,0.00%,$0.00,$0.00,0,0
B0DQTQ8YMC,B0DQTST7R4,"Water Garden Fertilizer, Complete Liquid Water Garden Plant Food, 32 oz (1 Quart)",1,0,0.00%,0.00%,1,0,0.00%,0.00%,100.00%,0.00%,0,0,0.00%,0.00%,$0.00,$0.00,0,0
B0DQTSXDXM,B0DQTSXDXM,"Lotus Fertilizer, Complete Lotus Plant Food",9,1,0.01%,0.03%,12,2,0.01%,0.04%,0.00%,0.00%,0,0,0.00%,0.00%,$0.00,$0.00,0,0
B0DQTTNGT7,B0DQTTNGT7,"Water Plant Fertilizer, Complete Liquid Water Plant Food",1,0,0.00%,0.00%,1,0,0.00%,0.00%,0.00%,0.00%,0,0,0.00%,0.00%,$0.00,$0.00,0,0
B0DQTVJZPX,B0DQTVJZPX,"Pitcher Plant Food, Complete Liquid Pitcher Plant Fertilizer",1,0,0.00%,0.00%,1,0,0.00%,0.00%,0.00%,0.00%,0,0,0.00%,0.00%,$0.00,$0.00,0,0
B0DQTVLH53,B0DQTVLH53,"Potassium Sulfate Fertilizer, Premium Potassium and Sulfur Plant Nutrient Blend",2,0,0.00%,0.00%,3,0,0.00%,0.00%,0.00%,0.00%,0,0,0.00%,0.00%,$0.00,$0.00,0,0
B0DQTY7K8G,B0DQTY7K8G,"Potassium Nitrate Fertilizer, Essential Potassium and Nitrogen Plant Growth Booster",3,0,0.00%,0.00%,3,0,0.00%,0.00%,0.00%,0.00%,0,0,0.00%,0.00%,$0.00,$0.00,0,0
B0DQV4QF1Q,B0DQV4QF1Q,"Carnivorous Plant Fertilizer, Complete Liquid Plant Food for All Carnivorous Plants",2,0,0.00%,0.00%,2,0,0.00%,0.00%,0.00%,0.00%,0,0,0.00%,0.00%,$0.00,$0.00,0,0
B0FKLZXGZR,B0FKLRRH3Y,"Orchard Fertilizer for Orchards, Works Great for Apple, Stone Fruits, and Citrus Orchard Trees, Liquid Fertilizer by TPS Plant Foods, 1 Gallon (128 oz)",2,0,0.00%,0.00%,2,0,0.00%,0.00%,100.00%,0.00%,0,0,0.00%,0.00%,$0.00,$0.00,0,0
B0FKMJKZCJ,B0FKLS569Q,"Birch Tree Fertilizer for Birch Trees, Works Great for River Birch, Paper Birch, and Silver Birch, Liquid Fertilizer by TPS Plant Foods, 1 Gallon (128 oz)",5,0,0.00%,0.00%,11,0,0.01%,0.00%,100.00%,0.00%,0,0,0.00%,0.00%,$0.00,$0.00,0,0
B0FKMCFJGB,B0FKLY3KWZ,"Pear Tree Fertilizer for Pear Trees, Also Great for Apple and Quince Trees, Liquid Fertilizer by TPS Plant Foods, 1 Gallon (128 oz)",1,0,0.00%,0.00%,1,0,0.00%,0.00%,100.00%,0.00%,0,0,0.00%,0.00%,$0.00,$0.00,0,0
B0FKMJKZCJ,B0FKM4RRP9,"Birch Tree Fertilizer for Birch Trees, Works Great for River Birch, Paper Birch, and Silver Birch, Liquid Fertilizer by TPS Plant Foods, 8 oz (250mL)",6,1,0.00%,0.03%,6,1,0.00%,0.02%,100.00%,100.00%,0,0,0.00%,0.00%,$0.00,$0.00,0,0
B0FKM9VP5Q,B0FKM9VP5Q,"Spruce Tree Fertilizer for Spruce Trees, Great for White Spruce, Blue Spruce, and Norway Spruce, Liquid Fertilizer by TPS Plant Foods",1,0,0.00%,0.00%,1,0,0.00%,0.00%,0.00%,0.00%,0,0,0.00%,0.00%,$0.00,$0.00,0,0
B0FKLR1S2K,B0FKMDPBT3,"Bush Fertilizer for Bushes, Great for Flowering, Evergreen, Fruit Bearing, and Wild Shrubs, Liquid Fertilizer by TPS Plant Foods, 1 Gallon (128 oz)",8,2,0.01%,0.05%,13,2,0.01%,0.04%,100.00%,100.00%,0,0,0.00%,0.00%,$0.00,$0.00,0,0
B0FKMF4QD8,B0FKMF6J1J,"Willow Fertilizer for Willow Trees, Great for Weeping Willow, Corkscrew Willow, and Dappled Willow, Liquid Fertilizer by TPS Plant Foods, 1 Gallon (128oz Quart)",5,0,0.00%,0.00%,5,0,0.00%,0.00%,100.00%,0.00%,0,0,0.00%,0.00%,$0.00,$0.00,0,0
B0FKMJCRS9,B0FKMJCRS9,"Vegan Fertilizer for Vegetable Gardens, Works Great for All Types of Plants, Liquid Fertilizer by TPS Plant Foods",1,0,0.00%,0.00%,1,0,0.00%,0.00%,0.00%,0.00%,0,0,0.00%,0.00%,$0.00,$0.00,0,0
B0FKMML25Z,B0FKMML25Z,"Pecan Tree Fertilizer for Pecan Trees, Supports Strong Growth and Hearty Nuts in All Varieities of Nut Trees, Liquid Fertilizer by TPS Plant Foods",1,0,0.00%,0.00%,1,0,0.00%,0.00%,0.00%,0.00%,0,0,0.00%,0.00%,$0.00,$0.00,0,0
B0FKMKY8XZ,B0FKMQT2G8,"The Best Plant Fertilizer for Flowers, Veggies and Trees, Liquid Fertilizer by TPS Plant Foods, 32 oz (1 Quart)",5,0,0.00%,0.00%,7,0,0.00%,0.00%,66.67%,0.00%,0,0,0.00%,0.00%,$0.00,$0.00,0,0
B0FKLZXGZR,B0FKMTLM1B,"Orchard Fertilizer for Orchards, Works Great for Apple, Stone Fruits, and Citrus Orchard Trees, Liquid Fertilizer by TPS Plant Foods, 32 oz (1 Quart)",2,0,0.00%,0.00%,3,0,0.00%,0.00%,100.00%,0.00%,0,0,0.00%,0.00%,$0.00,$0.00,0,0
B0FKR2GDS4,B0FKQCQHPS,"Star Jasmine Fertilizer for Star Jasmine Tree, Great for Any Plants, Liquid Fertilizer by TPS Plant Foods, 32 oz (1 Quart)",2,0,0.00%,0.00%,2,0,0.00%,0.00%,50.00%,0.00%,0,0,0.00%,0.00%,$0.00,$0.00,0,0
B0FKSFK1B3,B0FKS85TJP,"5-5-5 Fertilizer for Plants, Great for Vegetables, Flowers, and Shrubs, Liquid Plant Fertilizer by TPS Plant Foods, 32oz (1 Quart)",1,0,0.00%,0.00%,1,0,0.00%,0.00%,100.00%,0.00%,0,0,0.00%,0.00%,$0.00,$0.00,0,0
B0FKSGPPQH,B0FKS8HL6H,"5-10-10 Fertilizer for Plants, Great for Root Vegetables, Tomatoes, and Flowers, Plant Fertilizer by TPS Plant Foods, 8oz (250ml)",8,1,0.01%,0.03%,9,1,0.00%,0.02%,100.00%,0.00%,0,0,0.00%,0.00%,$0.00,$0.00,0,0
B0FKRX6WSD,B0FKSBSMW8,"4-4-4 Fertilizer for Plants, Great for Leafy Vegetables and Herbs, Liquid Plant Fertilizer by TPS Plant Foods, 1 Gallon (128oz)",5,0,0.00%,0.00%,6,0,0.00%,0.00%,100.00%,0.00%,0,0,0.00%,0.00%,$0.00,$0.00,0,0
B0FKSXP54R,B0FKSCB6RH,"5-10-5 Fertilizer for Plants, Great for Root Vegetables, Fruiting Vegetables, and Flowers, Plant Fertilizer by TPS Plant Foods, 8oz (250ml)",2,0,0.00%,0.00%,2,0,0.00%,0.00%,100.00%,0.00%,0,0,0.00%,0.00%,$0.00,$0.00,0,0
B0FKSPF1VS,B0FKSFH249,"8-8-8 Fertilizer for Plants, Great for Shrubs, Vegetables, and Flowers, Plant Fertilizer by TPS Plant Foods, 1 Gallon (128oz)",9,0,0.01%,0.00%,9,0,0.00%,0.00%,66.67%,0.00%,0,0,0.00%,0.00%,$0.00,$0.00,0,0
B0FKSGPPQH,B0FKSH6N7Y,"5-10-10 Fertilizer for Plants, Great for Root Vegetables, Tomatoes, and Flowers, Plant Fertilizer by TPS Plant Foods, 1 Gallon (128oz)",9,2,0.01%,0.05%,12,5,0.01%,0.10%,87.50%,100.00%,0,0,0.00%,0.00%,$0.00,$0.00,0,0
B0FKSFK1B3,B0FKSJ4JG2,"5-5-5 Fertilizer for Plants, Great for Vegetables, Flowers, and Shrubs, Liquid Plant Fertilizer by TPS Plant Foods, 1 Gallon (128oz)",6,0,0.00%,0.00%,8,0,0.00%,0.00%,37.50%,0.00%,0,0,0.00%,0.00%,$0.00,$0.00,0,0
B0FKS8KHBB,B0FKSJ65CB,"Wisteria Fertilizer for Wisteria Plants and Wisteria Hanging Flowers, Feeds Wisteria Plant, Liquid Fertilizer by TPS Plant Foods, 1 Gallon (128 oz)",4,0,0.00%,0.00%,5,0,0.00%,0.00%,100.00%,0.00%,0,0,0.00%,0.00%,$0.00,$0.00,0,0
B0FKSSHWH5,B0FKSLQJ6J,"Melon Fertilizer for Melon Plants, Feeds Cantaloupes, Watermelons, and Specialty Melons, Liquid Fertilizer by TPS Plant Foods, 1 Gallon (128 oz)",16,2,0.01%,0.05%,20,3,0.01%,0.06%,100.00%,100.00%,0,0,0.00%,0.00%,$0.00,$0.00,0,0
B0FKSTZ5SD,B0FKSSDRX9,"Acidic Fertilizer for Acid-Loving Plants, Works Great for Hydrangeas, Blueberries, and Gardenia, Liquid Fertilizer by TPS Plant Foods, 32 oz (1 Quart)",13,0,0.01%,0.00%,13,0,0.01%,0.00%,100.00%,0.00%,0,0,0.00%,0.00%,$0.00,$0.00,0,0
B0FKSXZFCQ,B0FKST6JB5,"Perennial Fertilizer for Perennial Flowers, Supports Perennial Flowers and Perennial Bulbs, Liquid Fertilizer by TPS Plant Foods, 32 oz (1 Quart)",5,2,0.00%,0.05%,6,2,0.00%,0.04%,100.00%,100.00%,0,0,0.00%,0.00%,$0.00,$0.00,0,0
B0FKSXHGNJ,B0FKSV7JPW,"Butterfly Bush Fertilizer for Butterfly Bush, Great for Black Knight, Miss Molly, and Blue Chip Varieties, Liquid Fertilizer by TPS Plant Foods, 32 oz (1 Quart)",4,0,0.00%,0.00%,4,0,0.00%,0.00%,100.00%,0.00%,0,0,0.00%,0.00%,$0.00,$0.00,0,0
B0FKSXP54R,B0FKSWBYCT,"5-10-5 Fertilizer for Plants, Great for Root Vegetables, Fruiting Vegetables, and Flowers, Plant Fertilizer by TPS Plant Foods, 1 Gallon (128oz)",7,0,0.00%,0.00%,7,0,0.00%,0.00%,57.14%,0.00%,0,0,0.00%,0.00%,$0.00,$0.00,0,0
B0FKSY1N6Y,B0FKSXG3K3,"Lavender Fertilizer for Lavender Plants, Enhances Growth of Lavender Flowers, Liquid Fertilizer by TPS Plant Foods, 32 oz (1 Quart)",9,0,0.01%,0.00%,10,0,0.00%,0.00%,87.50%,0.00%,0,0,0.00%,0.00%,$0.00,$0.00,0,0
B0FKSXZFCQ,B0FKSXZ86S,"Perennial Fertilizer for Perennial Flowers, Supports Perennial Flowers and Perennial Bulbs, Liquid Fertilizer by TPS Plant Foods, 8 oz (250mL)",11,0,0.01%,0.00%,16,0,0.01%,0.00%,100.00%,0.00%,0,0,0.00%,0.00%,$0.00,$0.00,0,0
B0FKSPF1VS,B0FKSYTZBJ,"8-8-8 Fertilizer for Plants, Great for Shrubs, Vegetables, and Flowers, Plant Fertilizer by TPS Plant Foods, 32oz (1 Quart)",2,0,0.00%,0.00%,2,0,0.00%,0.00%,0.00%,0.00%,0,0,0.00%,0.00%,$0.00,$0.00,0,0
B0FKSZMX85,B0FKSZMX85,"Grape Fertilizer for Grape Vines, Great for All Varieties Including Concord, Thompson Seedless, Chardonnay, and More, Liquid Fertilizer by TPS Plant Foods",1,0,0.00%,0.00%,1,0,0.00%,0.00%,0.00%,0.00%,0,0,0.00%,0.00%,$0.00,$0.00,0,0
B0FKSD7JWN,B0FKT3RRQ2,"7-7-7 Fertilizer for Plants, Great for Vegetables, Flowers, and Shrubs, Liquid Plant Fertilizer by TPS Plant Foods, 32oz (1 Quart)",1,0,0.00%,0.00%,1,0,0.00%,0.00%,100.00%,0.00%,0,0,0.00%,0.00%,$0.00,$0.00,0,0
B0FKSZZXQC,B0FKT7LPPX,"Sunflower Fertilizer for Sunflower Plants, Supports All Varieties, Liquid Fertilizer by TPS Plant Foods, 32 oz (1 Quart)",2,0,0.00%,0.00%,2,0,0.00%,0.00%,100.00%,0.00%,0,0,0.00%,0.00%,$0.00,$0.00,0,0
B0FKSSHWH5,B0FKT88FPK,"Melon Fertilizer for Melon Plants, Feeds Cantaloupes, Watermelons, and Specialty Melons, Liquid Fertilizer by TPS Plant Foods, 32 oz (1 Quart)",7,0,0.00%,0.00%,14,0,0.01%,0.00%,100.00%,0.00%,0,0,0.00%,0.00%,$0.00,$0.00,0,0
B0FKSJS9LN,B0FKT8JT1F,"Clover Fertilizer for Clover Lawns, Great for Microclover and Dutch White Clover, Liquid Fertilizer by TPS Plant Foods, 1 Gallon (128oz)",15,1,0.01%,0.03%,19,2,0.01%,0.04%,100.00%,100.00%,0,0,0.00%,0.00%,$0.00,$0.00,0,0
B0FKXS8L9L,B0FKY7Z2N8,"Raised Bed Fertilizer for Vegetables, Herbs, and Flowers, Balanced Nutrients for Container and Box Gardens, Liquid Fertilizer by TPS Plant Foods, 32oz (1 Quart)",1,0,0.00%,0.00%,1,0,0.00%,0.00%,100.00%,0.00%,0,0,0.00%,0.00%,$0.00,$0.00,0,0
B0FKXS8L9L,B0FKY933F6,"Raised Bed Fertilizer for Vegetables, Herbs, and Flowers, Balanced Nutrients for Container and Box Gardens, Liquid Fertilizer by TPS Plant Foods, 1 Gallon(128oz)",1,0,0.00%,0.00%,1,0,0.00%,0.00%,100.00%,0.00%,0,0,0.00%,0.00%,$0.00,$0.00,0,0
B0FLWSVHHN,B0FLWT2J16,"Boston Fern Fertilizer for Boston Fern, Great for Fluffy Ruffles, Dallas, and Compacta Fern Varieties, Liquid Fertilizer by TPS Plant Foods, 32 oz (1 Quart)",5,0,0.00%,0.00%,6,0,0.00%,0.00%,100.00%,0.00%,0,0,0.00%,0.00%,$0.00,$0.00,0,0
B0FLWTNNNS,B0FLWTNNNS,"Dragon Fruit Fertilizer for Dragon Fruit, Great for Red, White, and Yellow Dragon Fruit Varieties, Liquid Fertilizer by TPS Plant Foods",1,1,0.00%,0.03%,1,1,0.00%,0.02%,0.00%,0.00%,0,0,0.00%,0.00%,$0.00,$0.00,0,0
B0FLWVKJX1,B0FLWVKJX1,"Bonsai Fertilizer Spray, Gentle Foliar Feeding Spray for Healthy Leaves and Plants, Liquid Fertilizer by TPS Plant Foods, 16oz (475ml)",5,0,0.00%,0.00%,5,0,0.00%,0.00%,100.00%,0.00%,0,0,0.00%,0.00%,$0.00,$0.00,0,0
B0FLWW8Q1Z,B0FLWW8Q1Z,"Dracaena Fertilizer Spray, Gentle Foliar Feeding Spray for Healthy Leaves and Plants. Liquid Fertilizer by TPS Plant Foods, 16oz (475ml)",2,0,0.00%,0.00%,3,0,0.00%,0.00%,50.00%,0.00%,0,0,0.00%,0.00%,$0.00,$0.00,0,0
B0FLWWS243,B0FLWWS243,"Olive Tree Fertilizer Spray, Gentle Foliar Feeding Spray for Healthy Leaves and Plants. Liquid Fertilizer by TPS Plant Foods, 16oz (475ml)",1,0,0.00%,0.00%,1,0,0.00%,0.00%,100.00%,0.00%,0,0,0.00%,0.00%,$0.00,$0.00,0,0
B0FLWWKV29,B0FLWY86VR,"Seedling Fertilizer for Seedlings, Great for Growing Starts and Young Plants, Food Fertilizer by TPS Plant Foods, 8oz (250ml)",2,0,0.00%,0.00%,2,0,0.00%,0.00%,100.00%,0.00%,0,0,0.00%,0.00%,$0.00,$0.00,0,0
B0FM1YDYGJ,B0FM1YDYGJ,"Basil Fertilizer for Basil Plant, Great for Mint, Rosemary, and Thyme, Liquid Fertilizer by TPS Plant Foods",1,0,0.00%,0.00%,1,0,0.00%,0.00%,0.00%,0.00%,0,0,0.00%,0.00%,$0.00,$0.00,0,0
B0FM29Y71M,B0FM23CBQX,"Begonia Fertilizer for Begonia Plants, Supports Begonia Bulbs Growth, Liquid Fertilizer by TPS Plant Foods, 32 oz (1 Quart)",7,0,0.00%,0.00%,7,0,0.00%,0.00%,100.00%,0.00%,0,0,0.00%,0.00%,$0.00,$0.00,0,0
B0FM2FZ84W,B0FM26GL2H,"Fish Tank Plant Fertilizer for Fish Tank Plants, Great for Anubias, Java Fern, and Water Wisteria, Liquid Fertilizer by TPS Plant Foods, 8 oz (250mL)",3,0,0.00%,0.00%,3,0,0.00%,0.00%,100.00%,0.00%,0,0,0.00%,0.00%,$0.00,$0.00,0,0
B0FM2KK814,B0FM28GC48,"Pond Plant Fertilizer for Pond Plants, Great for Water Lilies, Lotus, and Cattails, Liquid Fertilizer by TPS Plant Foods, 1 Gallon (128 oz)",1,1,0.00%,0.03%,1,1,0.00%,0.02%,100.00%,100.00%,0,0,0.00%,0.00%,$0.00,$0.00,0,0
B0FM2DG4TB,B0FM2DG4TB,"Water Lily Fertilizer for Water Lily, Great for Water Lilies for Ponds, Liquid Fertilizer by TPS Plant Foods",1,0,0.00%,0.00%,1,0,0.00%,0.00%,0.00%,0.00%,0,0,0.00%,0.00%,$0.00,$0.00,0,0
B0FM2DG4TB,B0FM2RQ46V,"Water Lily Fertilizer for Water Lily, Great for Water Lilies for Ponds, Liquid Fertilizer by TPS Plant Foods, 32 oz (1 Quart)",3,1,0.00%,0.03%,3,1,0.00%,0.02%,100.00%,0.00%,0,0,0.00%,0.00%,$0.00,$0.00,0,0
B0FM398BX8,B0FM39GHQ8,"Spider Plant Fertilizer for Spider Plants, Great for Curly, Striped, and Solid Green Varieties, Liquid Fertilizer by TPS Plant Foods, 32oz (1 Quart)",3,0,0.00%,0.00%,3,0,0.00%,0.00%,100.00%,0.00%,0,0,0.00%,0.00%,$0.00,$0.00,0,0
B0FM3B7KKG,B0FM3C7DMP,"High Nitrogen Fertilizer for Lawns, Supports Lush Growth and Strong Roots, TPS Plant Foods, 1 Gallon (128oz)",2,0,0.00%,0.00%,3,0,0.00%,0.00%,100.00%,0.00%,0,0,0.00%,0.00%,$0.00,$0.00,0,0
B0FM3GSK9M,B0FM3CM392,"High Nitrogen Fertilizer for Plants, Supports Vigorous Growth and Strong Roots, TPS Plant Foods, 1 Gallon (128oz)",1,0,0.00%,0.00%,1,0,0.00%,0.00%,100.00%,0.00%,0,0,0.00%,0.00%,$0.00,$0.00,0,0
B0FM3B7KKG,B0FM3CNL4V,"High Nitrogen Fertilizer for Lawns, Supports Lush Growth and Strong Roots, TPS Plant Foods, 8oz (250ml)",1,0,0.00%,0.00%,1,0,0.00%,0.00%,0.00%,0.00%,0,0,0.00%,0.00%,$0.00,$0.00,0,0
B0FM399SV5,B0FM3CVTR8,"Buffalo Grass Fertilizer for Buffalo Grass, Great for Prestige, Bowie, and Cody Varieties, Liquid Fertilizer by TPS Plant Foods, 1 Gallon (128 oz)",1,0,0.00%,0.00%,1,0,0.00%,0.00%,100.00%,0.00%,0,0,0.00%,0.00%,$0.00,$0.00,0,0
B0FM3BX22M,B0FM3DKPQ1,"High Nitrogen Fertilizer for Corn, Supports Vigorous Corn Growth and High Yields, TPS Plant Foods, 32oz (1 Quart)",5,0,0.00%,0.00%,5,0,0.00%,0.00%,100.00%,0.00%,0,0,0.00%,0.00%,$0.00,$0.00,0,0
B0FM3F8N27,B0FM3F8N27,"High Nitrogen Fertilizer, Supports Strong Plant Growth, TPS Plant Foods",1,0,0.00%,0.00%,1,0,0.00%,0.00%,0.00%,0.00%,0,0,0.00%,0.00%,$0.00,$0.00,0,0
B0FM3BX22M,B0FM3FCVZ4,"High Nitrogen Fertilizer for Corn, Supports Vigorous Corn Growth and High Yields, TPS Plant Foods, 1 Gallon (128oz)",14,2,0.01%,0.05%,16,2,0.01%,0.04%,100.00%,100.00%,0,0,0.00%,0.00%,$0.00,$0.00,0,0
B0FM3MQT88,B0FM3FKLMS,"Yard Fertilizer for Yards, Works Great for Lawn, Shrubs, and Flowers, Liquid Fertilizer by TPS Plant Foods, 32 oz (1 Quart)",3,0,0.00%,0.00%,3,0,0.00%,0.00%,100.00%,0.00%,0,0,0.00%,0.00%,$0.00,$0.00,0,0
B0FM3CVWM4,B0FM3FWW9Q,"Corn Fertilizer for Corn Plants, Great for Field Corn, Sweet Corn, and Popcorn, Liquid Fertilizer by TPS Plant Foods, 8 oz (250mL)",1,0,0.00%,0.00%,1,0,0.00%,0.00%,100.00%,0.00%,0,0,0.00%,0.00%,$0.00,$0.00,0,0
B0FM3CVWM4,B0FM3G2L14,"Corn Fertilizer for Corn Plants, Great for Field Corn, Sweet Corn, and Popcorn, Liquid Fertilizer by TPS Plant Foods, 1 Gallon (128 oz)",1,0,0.00%,0.00%,1,0,0.00%,0.00%,100.00%,0.00%,0,0,0.00%,0.00%,$0.00,$0.00,0,0
B0FM3F8N27,B0FM3G9X17,"High Nitrogen Fertilizer, Supports Strong Plant Growth, TPS Plant Foods, 1 Gallon (128oz)",10,0,0.01%,0.00%,11,0,0.01%,0.00%,100.00%,0.00%,0,0,0.00%,0.00%,$0.00,$0.00,0,0
B0FM3F7MN9,B0FM3GDKKD,"High Nitrogen Fertilizer for Vegetables, Supports Healthy Growth and High Yields, TPS Plant Foods, 8oz (250ml)",16,0,0.01%,0.00%,18,0,0.01%,0.00%,100.00%,0.00%,0,0,0.00%,0.00%,$0.00,$0.00,0,0
B0FM3GSK9M,B0FM3GQTJ8,"High Nitrogen Fertilizer for Plants, Supports Vigorous Growth and Strong Roots, TPS Plant Foods, 8oz (250ml)",1,0,0.00%,0.00%,1,0,0.00%,0.00%,100.00%,0.00%,0,0,0.00%,0.00%,$0.00,$0.00,0,0
B0FM3B7KKG,B0FM3HF8JK,"High Nitrogen Fertilizer for Lawns, Supports Lush Growth and Strong Roots, TPS Plant Foods, 32oz (1 Quart)",1,0,0.00%,0.00%,1,0,0.00%,0.00%,0.00%,0.00%,0,0,0.00%,0.00%,$0.00,$0.00,0,0
B0FM3K2ZGF,B0FM3HFKWF,"Sweet Corn Fertilizer for Sweet Corn, Great for Field Corn, Flint Corn, and Popcorn, Liquid Fertilizer by TPS Plant Foods, 8 oz (250mL)",3,0,0.00%,0.00%,3,0,0.00%,0.00%,100.00%,0.00%,0,0,0.00%,0.00%,$0.00,$0.00,0,0
B0FM3F7MN9,B0FM3HJMVJ,"High Nitrogen Fertilizer for Vegetables, Supports Healthy Growth and High Yields, TPS Plant Foods, 1 Gallon (128oz)",2,0,0.00%,0.00%,2,0,0.00%,0.00%,100.00%,0.00%,0,0,0.00%,0.00%,$0.00,$0.00,0,0
B0FM3K2ZGF,B0FM3JDMGQ,"Sweet Corn Fertilizer for Sweet Corn, Great for Field Corn, Flint Corn, and Popcorn, Liquid Fertilizer by TPS Plant Foods, 1 Gallon (128 oz)",3,0,0.00%,0.00%,3,0,0.00%,0.00%,100.00%,0.00%,0,0,0.00%,0.00%,$0.00,$0.00,0,0
B0FM3GSK9M,B0FM3JJX4Z,"High Nitrogen Fertilizer for Plants, Supports Vigorous Growth and Strong Roots, TPS Plant Foods, 32oz (1 Quart)",1,0,0.00%,0.00%,1,0,0.00%,0.00%,100.00%,0.00%,0,0,0.00%,0.00%,$0.00,$0.00,0,0
B0FM3NP471,B0FM3JXR8L,"Kentucky Bluegrass Fertilizer for Kentucky Bluegrass, Great for Midnight, Award, and NuGlade Varieties, Liquid Fertilizer by TPS Plant Foods, 8 oz (250mL)",5,0,0.00%,0.00%,5,0,0.00%,0.00%,100.00%,0.00%,0,0,0.00%,0.00%,$0.00,$0.00,0,0
B0FM3MQT88,B0FM3KLV8T,"Yard Fertilizer for Yards, Works Great for Lawn, Shrubs, and Flowers, Liquid Fertilizer by TPS Plant Foods, 1 Gallon (128 oz)",8,0,0.01%,0.00%,12,0,0.01%,0.00%,100.00%,0.00%,0,0,0.00%,0.00%,$0.00,$0.00,0,0
B0FM3D2TJQ,B0FM3L5TSF,"Pet Safe Lawn Fertilizer, Pet Friendly, Supports Lush Growth and Strong Roots, TPS Plant Foods, 8oz (250ml)",1,0,0.00%,0.00%,1,0,0.00%,0.00%,100.00%,0.00%,0,0,0.00%,0.00%,$0.00,$0.00,0,0
B0FM3L6M2S,B0FM3L6M2S,"Zoysia Grass Fertilizer for Zoysia Grass, Great for Zenith, Emerald, and Zeon Varieties, Liquid Fertilizer by TPS Plant Foods",2,0,0.00%,0.00%,3,0,0.00%,0.00%,0.00%,0.00%,0,0,0.00%,0.00%,$0.00,$0.00,0,0
B0FM3MQT88,B0FM3L75GG,"Yard Fertilizer for Yards, Works Great for Lawn, Shrubs, and Flowers, Liquid Fertilizer by TPS Plant Foods, 8 oz (250mL)",1,0,0.00%,0.00%,1,0,0.00%,0.00%,100.00%,0.00%,0,0,0.00%,0.00%,$0.00,$0.00,0,0
B0FM3K2ZGF,B0FM3MK652,"Sweet Corn Fertilizer for Sweet Corn, Great for Field Corn, Flint Corn, and Popcorn, Liquid Fertilizer by TPS Plant Foods, 32 oz (1 Quart)",1,0,0.00%,0.00%,1,0,0.00%,0.00%,100.00%,0.00%,0,0,0.00%,0.00%,$0.00,$0.00,0,0
B0FM4P8H5F,B0FM4P8H5F,"St Augustine Grass Fertilizer, Complete Plant Food for Saint Augustine Grass, Liquid Fertilizer by TPS Plant Foods",1,0,0.00%,0.00%,1,0,0.00%,0.00%,0.00%,0.00%,0,0,0.00%,0.00%,$0.00,$0.00,0,0
B0FW3G5TCQ,B0FW3G5TCQ,"Chelated Iron for Plants – Fast-Acting Liquid Micronutrient for Greener Leaves and Improved Chlorophyll Production, Liquid Fertilizer by TPS Plant Foods, 32 oz (1 Quart)",2,0,0.00%,0.00%,2,0,0.00%,0.00%,50.00%,0.00%,0,0,0.00%,0.00%,$0.00,$0.00,0,0
B0FW3M7Z1J,B0FW3M7Z1J,"Chelated Iron for Trees – Liquid Micronutrient to Correct Yellow Leaves and Promote Healthy Green Canopies, by TPS Plant Foods, 32oz (1 Quart)",1,0,0.00%,0.00%,2,0,0.00%,0.00%,100.00%,0.00%,0,0,0.00%,0.00%,$0.00,$0.00,0,0
B0FW3ZSF7K,B0FW3ZSF7K,"Chelated Iron for Trees – Liquid Micronutrient to Correct Yellow Leaves and Promote Healthy Green Canopies, by TPS Plant Foods, 8 oz (250 ml)",2,0,0.00%,0.00%,2,0,0.00%,0.00%,100.00%,0.00%,0,0,0.00%,0.00%,$0.00,$0.00,0,0
B0FW45JJRK,B0FW45JJRK,"Chelated Iron for Plants – Fast-Acting Liquid Micronutrient for Greener Leaves and Improved Chlorophyll Production, Liquid Fertilizer by TPS Plant Foods, 8 oz (250mL)",1,0,0.00%,0.00%,1,0,0.00%,0.00%,100.00%,0.00%,0,0,0.00%,0.00%,$0.00,$0.00,0,0